unique_id,price_paid,deed_date,postcode,property_type,new_build,estate_type,saon,paon,street,locality,town,district,county,transaction_category,linked_data_uri
"BA558B33-6261-76EF-E053-6B04A8C0B4B7","1850000","2020-12-04","E1 6AN","O","N","F","","12","BRUSHFIELD STREET","","LONDON","CITY OF LONDON","GREATER LONDON","B","http://landregistry.data.gov.uk/data/ppi/transaction/BA558B33-6261-76EF-E053-6B04A8C0B4B7/current"
"47844C80-9E76-8986-E050-A8C063056488","55000","2017-01-12","E1 6AN","O","N","L","","GROUND FLOOR AND BASEMENT, 14","BRUSHFIELD STREET","","LONDON","CITY OF LONDON","GREATER LONDON","B","http://landregistry.data.gov.uk/data/ppi/transaction/47844C80-9E76-8986-E050-A8C063056488/current"
"2D1E4B27-14F0-FCD1-E050-A8C0630544EC","175000","2016-01-25","E1 7AA","O","N","L","","3","MIDDLESEX STREET","","LONDON","CITY OF LONDON","GREATER LONDON","B","http://landregistry.data.gov.uk/data/ppi/transaction/2D1E4B27-14F0-FCD1-E050-A8C0630544EC/current"
"5CF9903C-CF4F-7F13-E053-6C04A8C074B1","375000","2017-10-20","E1 7BH","O","N","L","","9","STONEY LANE","","LONDON","CITY OF LONDON","GREATER LONDON","B","http://landregistry.data.gov.uk/data/ppi/transaction/5CF9903C-CF4F-7F13-E053-6C04A8C074B1/current"
"38EDC0C3-90F6-0F63-E063-4704A8C00424","30000","2023-12-13","E1 7DA","O","N","L","","99","MIDDLESEX STREET","","LONDON","CITY OF LONDON","GREATER LONDON","B","http://landregistry.data.gov.uk/data/ppi/transaction/38EDC0C3-90F6-0F63-E063-4704A8C00424/current"
"AE4D86D4-B051-4619-E053-6C04A8C03CD0","4800000","2020-06-15","E1 7DJ","O","N","F","","3","CUTLER STREET","","LONDON","CITY OF LONDON","GREATER LONDON","B","http://landregistry.data.gov.uk/data/ppi/transaction/AE4D86D4-B051-4619-E053-6C04A8C03CD0/current"
"98C75472-BC8D-72E9-E053-6B04A8C042F0","5150000","2019-11-13","E1 7DJ","O","N","F","","3","CUTLER STREET","","LONDON","CITY OF LONDON","GREATER LONDON","B","http://landregistry.data.gov.uk/data/ppi/transaction/98C75472-BC8D-72E9-E053-6B04A8C042F0/current"
"DBA933FA-80B2-669D-E053-6B04A8C0AD56","595000","2021-05-12","E1 7EB","O","N","L","","414","PETTICOAT SQUARE","","LONDON","CITY OF LONDON","GREATER LONDON","B","http://landregistry.data.gov.uk/data/ppi/transaction/DBA933FA-80B2-669D-E053-6B04A8C0AD56/current"
"C6209F5F-981C-295E-E053-6C04A8C0DDCC","540000","2021-03-12","E1 7EB","F","N","L","","420","PETTICOAT SQUARE","","LONDON","CITY OF LONDON","GREATER LONDON","A","http://landregistry.data.gov.uk/data/ppi/transaction/C6209F5F-981C-295E-E053-6C04A8C0DDCC/current"
"47844C80-16FB-8986-E050-A8C063056488","540000","2017-01-05","E1 7EB","F","N","L","","425","PETTICOAT SQUARE","","LONDON","CITY OF LONDON","GREATER LONDON","A","http://landregistry.data.gov.uk/data/ppi/transaction/47844C80-16FB-8986-E050-A8C063056488/current"
"FAC30767-DA5F-5E20-E053-4704A8C004EE","550000","2023-03-17","E1 7EB","F","N","L","","449","PETTICOAT SQUARE","","LONDON","CITY OF LONDON","GREATER LONDON","B","http://landregistry.data.gov.uk/data/ppi/transaction/FAC30767-DA5F-5E20-E053-4704A8C004EE/current"
"BA558B33-8064-76EF-E053-6B04A8C0B4B7","460000","2020-11-27","E1 7EB","F","N","L","","462","PETTICOAT SQUARE","","LONDON","CITY OF LONDON","GREATER LONDON","B","http://landregistry.data.gov.uk/data/ppi/transaction/BA558B33-8064-76EF-E053-6B04A8C0B4B7/current"
"D4D42646-122A-27F6-E053-6C04A8C0A572","450000","2021-06-28","E1 7EB","F","N","L","","464","PETTICOAT SQUARE","","LONDON","CITY OF LONDON","GREATER LONDON","A","http://landregistry.data.gov.uk/data/ppi/transaction/D4D42646-122A-27F6-E053-6C04A8C0A572/current"
"D707E535-A9CB-0AD9-E053-6B04A8C067CC","381000","2021-12-16","E1 7EE","F","N","L","10A","PETTICOAT TOWER","PETTICOAT SQUARE","","LONDON","CITY OF LONDON","GREATER LONDON","A","http://landregistry.data.gov.uk/data/ppi/transaction/D707E535-A9CB-0AD9-E053-6B04A8C067CC/current"
"42A5A709-7E0C-56E8-E050-A8C06205331E","470000","2016-11-04","E1 7EE","F","N","L","12A","PETTICOAT TOWER","PETTICOAT SQUARE","","LONDON","CITY OF LONDON","GREATER LONDON","A","http://landregistry.data.gov.uk/data/ppi/transaction/42A5A709-7E0C-56E8-E050-A8C06205331E/current"
"404A5AF3-C7AE-CD2B-E050-A8C063055C7B","500000","2016-09-23","E1 7EE","F","N","L","13A","PETTICOAT TOWER","PETTICOAT SQUARE","","LONDON","CITY OF LONDON","GREATER LONDON","A","http://landregistry.data.gov.uk/data/ppi/transaction/404A5AF3-C7AE-CD2B-E050-A8C063055C7B/current"
"FD226036-0DDD-4CB7-E053-4804A8C00430","385000","2023-04-06","E1 7EE","F","N","L","9A","PETTICOAT TOWER","PETTICOAT SQUARE","","LONDON","CITY OF LONDON","GREATER LONDON","A","http://landregistry.data.gov.uk/data/ppi/transaction/FD226036-0DDD-4CB7-E053-4804A8C00430/current"
"98C75472-1E0D-72E9-E053-6B04A8C042F0","321500","2019-05-10","E1 7EF","F","N","L","","22B PETTICOAT TOWER","PETTICOAT SQUARE","","LONDON","CITY OF LONDON","GREATER LONDON","A","http://landregistry.data.gov.uk/data/ppi/transaction/98C75472-1E0D-72E9-E053-6B04A8C042F0/current"
"152AB734-0143-E651-E063-4704A8C061D9","623000","2023-10-31","E1 7ES","F","N","L","FLAT 1","WHITE ROSE COURT","WIDEGATE STREET","","LONDON","CITY OF LONDON","GREATER LONDON","A","http://landregistry.data.gov.uk/data/ppi/transaction/152AB734-0143-E651-E063-4704A8C061D9/current"
"31FB4C17-AE67-57B9-E050-A8C063053436","600000","2016-03-23","E1 7ES","F","N","L","FLAT 1","WHITE ROSE COURT","WIDEGATE STREET","","LONDON","CITY OF LONDON","GREATER LONDON","A","http://landregistry.data.gov.uk/data/ppi/transaction/31FB4C17-AE67-57B9-E050-A8C063053436/current"
"2ACACE8C-8791-295E-E063-4804A8C0B0EB","515000","2024-08-23","E1 7ES","F","N","L","FLAT 3","WHITE ROSE COURT","WIDEGATE STREET","","LONDON","CITY OF LONDON","GREATER LONDON","A","http://landregistry.data.gov.uk/data/ppi/transaction/2ACACE8C-8791-295E-E063-4804A8C0B0EB/current"
"12A8BAB6-6F1B-2125-E063-4804A8C08CC1","575000","2023-11-14","E1 7ES","F","N","L","FLAT 5","WHITE ROSE COURT","WIDEGATE STREET","","LONDON","CITY OF LONDON","GREATER LONDON","A","http://landregistry.data.gov.uk/data/ppi/transaction/12A8BAB6-6F1B-2125-E063-4804A8C08CC1/current"
"FAC30766-CCE5-5E20-E053-4704A8C004EE","775000","2021-06-18","E1 7HP","F","N","L","FLAT 1","17 - 18","WIDEGATE STREET","","LONDON","CITY OF LONDON","GREATER LONDON","A","http://landregistry.data.gov.uk/data/ppi/transaction/FAC30766-CCE5-5E20-E053-4704A8C004EE/current"
"55BDCAE5-8A57-521D-E053-6B04A8C0DD7A","1420000","2017-07-05","E1 7HP","F","N","L","FLAT 1-3","20","WIDEGATE STREET","","LONDON","CITY OF LONDON","GREATER LONDON","A","http://landregistry.data.gov.uk/data/ppi/transaction/55BDCAE5-8A57-521D-E053-6B04A8C0DD7A/current"
"47844C7F-56A2-8986-E050-A8C063056488","565000","2016-12-02","E1 7HP","F","N","L","FLAT 1-3","20","WIDEGATE STREET","","LONDON","CITY OF LONDON","GREATER LONDON","A","http://landregistry.data.gov.uk/data/ppi/transaction/47844C7F-56A2-8986-E050-A8C063056488/current"
"3E0330EF-526B-8D89-E050-A8C062052140","420000","2016-08-25","E1 7HP","F","N","L","FLAT 1-3","20","WIDEGATE STREET","","LONDON","CITY OF LONDON","GREATER LONDON","A","http://landregistry.data.gov.uk/data/ppi/transaction/3E0330EF-526B-8D89-E050-A8C062052140/current"
"E7B085FD-4039-7E31-E053-6C04A8C0E67F","1800000","2022-04-27","E1 7HP","O","N","F","","20","WIDEGATE STREET","","LONDON","CITY OF LONDON","GREATER LONDON","B","http://landregistry.data.gov.uk/data/ppi/transaction/E7B085FD-4039-7E31-E053-6C04A8C0E67F/current"
"0B85394F-8BD1-69A5-E063-4704A8C07DAC","617500","2023-09-18","E1 7HW","F","N","L","FLAT 2","SANDYS ROW APARTMENTS, 2 - 3","SANDYS ROW","","LONDON","CITY OF LONDON","GREATER LONDON","A","http://landregistry.data.gov.uk/data/ppi/transaction/0B85394F-8BD1-69A5-E063-4704A8C07DAC/current"
"5376B385-043A-34C1-E053-6B04A8C09FF6","595000","2017-03-03","E1 7HW","F","N","L","FLAT 2","SANDYS ROW APARTMENTS, 2 - 3","SANDYS ROW","","LONDON","CITY OF LONDON","GREATER LONDON","A","http://landregistry.data.gov.uk/data/ppi/transaction/5376B385-043A-34C1-E053-6B04A8C09FF6/current"
"55BDCAE5-8B6B-521D-E053-6B04A8C0DD7A","595000","2017-03-31","E1 7HW","F","N","L","FLAT 4","SANDYS ROW APARTMENTS, 2 - 3","SANDYS ROW","","LONDON","CITY OF LONDON","GREATER LONDON","A","http://landregistry.data.gov.uk/data/ppi/transaction/55BDCAE5-8B6B-521D-E053-6B04A8C0DD7A/current"
"FAC30766-CE74-5E20-E053-4704A8C004EE","840000","2022-06-10","E1 7HW","F","N","L","","FLAT 2, 6","SANDYS ROW","","LONDON","CITY OF LONDON","GREATER LONDON","A","http://landregistry.data.gov.uk/data/ppi/transaction/FAC30766-CE74-5E20-E053-4704A8C004EE/current"
"0E082196-B062-5C09-E063-4704A8C0A10E","1150000","2022-09-27","E1 7HW","F","N","L","FLAT 3","6","SANDYS ROW","","LONDON","CITY OF LONDON","GREATER LONDON","A","http://landregistry.data.gov.uk/data/ppi/transaction/0E082196-B062-5C09-E063-4704A8C0A10E/current"
"55BDCAE6-C682-521D-E053-6B04A8C0DD7A","35734467","2017-07-03","E1 7HY","O","N","F","","110","MIDDLESEX STREET","","LONDON","CITY OF LONDON","GREATER LONDON","B","http://landregistry.data.gov.uk/data/ppi/transaction/55BDCAE6-C682-521D-E053-6B04A8C0DD7A/current"
"AE4D86D4-9927-4619-E053-6C04A8C03CD0","194565","2019-10-01","E1 7HY","O","N","L","FOURTH FLOOR WEST","SPITALFIELDS HOUSE 110-114","MIDDLESEX STREET","","LONDON","CITY OF LONDON","GREATER LONDON","B","http://landregistry.data.gov.uk/data/ppi/transaction/AE4D86D4-9927-4619-E053-6C04A8C03CD0/current"
"EED73E76-A088-6AF3-E053-6C04A8C08ABA","1640000","2022-05-12","E1 7HY","O","N","F","","118","MIDDLESEX STREET","","LONDON","CITY OF LONDON","GREATER LONDON","B","http://landregistry.data.gov.uk/data/ppi/transaction/EED73E76-A088-6AF3-E053-6C04A8C08ABA/current"
"34222873-2766-4D2B-E063-4704A8C07853","3120000","2024-04-05","E1 7JF","O","N","F","","119 - 121","MIDDLESEX STREET","","LONDON","CITY OF LONDON","GREATER LONDON","B","http://landregistry.data.gov.uk/data/ppi/transaction/34222873-2766-4D2B-E063-4704A8C07853/current"
"404A5AF4-4EC6-CD2B-E050-A8C063055C7B","20000","2016-05-06","E1 7JF","O","N","L","","GROUND FLOOR AND BASEMENT, 119 - 121","MIDDLESEX STREET","","LONDON","CITY OF LONDON","GREATER LONDON","B","http://landregistry.data.gov.uk/data/ppi/transaction/404A5AF4-4EC6-CD2B-E050-A8C063055C7B/current"
"49E87C32-B719-591C-E063-4704A8C00C31","130000","2024-09-18","E1 7JF","O","N","L","","131","MIDDLESEX STREET","","LONDON","CITY OF LONDON","GREATER LONDON","B","http://landregistry.data.gov.uk/data/ppi/transaction/49E87C32-B719-591C-E063-4704A8C00C31/current"
"C6209F5F-9807-295E-E053-6C04A8C0DDCC","712000","2021-03-16","E1 7JJ","F","N","L","FLAT 3","ASTRAL HOUSE, 129","MIDDLESEX STREET","","LONDON","CITY OF LONDON","GREATER LONDON","A","http://landregistry.data.gov.uk/data/ppi/transaction/C6209F5F-9807-295E-E053-6C04A8C0DDCC/current"
"3DCCB7CA-32C9-5B9D-E063-4704A8C0331E","845000","2025-08-12","E1 7JJ","F","N","L","FLAT 7","ASTRAL HOUSE, 129","MIDDLESEX STREET","","LONDON","CITY OF LONDON","GREATER LONDON","A","http://landregistry.data.gov.uk/data/ppi/transaction/3DCCB7CA-32C9-5B9D-E063-4704A8C0331E/current"
"045A1899-43CA-9A24-E063-4804A8C048EA","1100000","2023-07-28","E1 7LP","O","N","F","","11","ARTILLERY LANE","","LONDON","CITY OF LONDON","GREATER LONDON","B","http://landregistry.data.gov.uk/data/ppi/transaction/045A1899-43CA-9A24-E063-4804A8C048EA/current"
"F5E8B082-1FD6-3A13-E053-6C04A8C060B7","950000","2022-04-20","E1 7LP","T","N","F","","11","ARTILLERY LANE","","LONDON","CITY OF LONDON","GREATER LONDON","B","http://landregistry.data.gov.uk/data/ppi/transaction/F5E8B082-1FD6-3A13-E053-6C04A8C060B7/current"
"39140479-3DAF-3206-E050-A8C063057647","1035000","2016-05-24","E1 7LS","F","N","F","FLAT 3","20A","ARTILLERY LANE","","LONDON","CITY OF LONDON","GREATER LONDON","A","http://landregistry.data.gov.uk/data/ppi/transaction/39140479-3DAF-3206-E050-A8C063057647/current"
"8F1B26BE-954B-53DB-E053-6C04A8C03649","11100000","2019-06-12","E1 7LS","O","N","F","","30","ARTILLERY LANE","","LONDON","CITY OF LONDON","GREATER LONDON","B","http://landregistry.data.gov.uk/data/ppi/transaction/8F1B26BE-954B-53DB-E053-6C04A8C03649/current"
"64342BFF-37EE-422C-E053-6C04A8C0FB8A","28616","2017-12-18","E1 8AA","O","N","L","","18D","MANSELL STREET","","LONDON","CITY OF LONDON","GREATER LONDON","B","http://landregistry.data.gov.uk/data/ppi/transaction/64342BFF-37EE-422C-E053-6C04A8C0FB8A/current"
"AC07BBD0-BADE-0445-E053-6C04A8C01E31","30000000","2020-03-27","E1 8AB","O","N","F","FLAT 1","GUINNESS COURT","MANSELL STREET","","LONDON","CITY OF LONDON","GREATER LONDON","B","http://landregistry.data.gov.uk/data/ppi/transaction/AC07BBD0-BADE-0445-E053-6C04A8C01E31/current"
"CFC9085D-4B26-9A70-E053-6B04A8C09D6A","1500000","2021-06-24","E1 8AH","O","N","F","","STILL & STAR","LITTLE SOMERSET STREET","","LONDON","CITY OF LONDON","GREATER LONDON","B","http://landregistry.data.gov.uk/data/ppi/transaction/CFC9085D-4B26-9A70-E053-6B04A8C09D6A/current"
"5376B385-B83A-34C1-E053-6B04A8C09FF6","485000","2017-06-09","E1 8BZ","F","N","L","FLAT 10","PROSPERO HOUSE, 6","PORTSOKEN STREET","","LONDON","CITY OF LONDON","GREATER LONDON","A","http://landregistry.data.gov.uk/data/ppi/transaction/5376B385-B83A-34C1-E053-6B04A8C09FF6/current"
"50D10B84-3D24-B8D0-E063-4704A8C08D98","357400","2026-03-27","E1 8BZ","F","N","L","FLAT 6","PROSPERO HOUSE, 6","PORTSOKEN STREET","","LONDON","CITY OF LONDON","GREATER LONDON","A","http://landregistry.data.gov.uk/data/ppi/transaction/50D10B84-3D24-B8D0-E063-4704A8C08D98/current"
"EA3278AA-3FB6-2676-E053-6B04A8C015F8","510000","2022-05-23","E1 8BZ","F","N","L","FLAT 7","PROSPERO HOUSE, 6","PORTSOKEN STREET","","LONDON","CITY OF LONDON","GREATER LONDON","A","http://landregistry.data.gov.uk/data/ppi/transaction/EA3278AA-3FB6-2676-E053-6B04A8C015F8/current"
"A96E4ACC-C8A7-9205-E053-6C04A8C0DA09","1325000","2020-04-14","E1 8RB","O","N","L","BASEMENT AND GROUND FLOOR","MARLYN LODGE","PORTSOKEN STREET","","LONDON","CITY OF LONDON","GREATER LONDON","B","http://landregistry.data.gov.uk/data/ppi/transaction/A96E4ACC-C8A7-9205-E053-6C04A8C0DA09/current"
"666758D7-8FD5-3363-E053-6B04A8C0D74E","790000","2018-02-16","E1 8RB","O","N","L","BASEMENT AND GROUND FLOOR","MARLYN LODGE","PORTSOKEN STREET","","LONDON","CITY OF LONDON","GREATER LONDON","B","http://landregistry.data.gov.uk/data/ppi/transaction/666758D7-8FD5-3363-E053-6B04A8C0D74E/current"
"8F1B26BD-45AE-53DB-E053-6C04A8C03649","395000","2019-06-14","E1 8RB","F","N","L","FLAT 109","MARLYN LODGE","PORTSOKEN STREET","","LONDON","CITY OF LONDON","GREATER LONDON","A","http://landregistry.data.gov.uk/data/ppi/transaction/8F1B26BD-45AE-53DB-E053-6C04A8C03649/current"
"EC7AD099-FA0C-9200-E053-6C04A8C0E306","450000","2022-09-16","E1 8RB","F","N","L","FLAT 306","MARLYN LODGE","PORTSOKEN STREET","","LONDON","CITY OF LONDON","GREATER LONDON","A","http://landregistry.data.gov.uk/data/ppi/transaction/EC7AD099-FA0C-9200-E053-6C04A8C0E306/current"
"6B32222D-0091-01F1-E053-6C04A8C0D2C8","460000","2018-03-23","E1 8RB","F","N","L","FLAT 307","MARLYN LODGE","PORTSOKEN STREET","","LONDON","CITY OF LONDON","GREATER LONDON","B","http://landregistry.data.gov.uk/data/ppi/transaction/6B32222D-0091-01F1-E053-6C04A8C0D2C8/current"
"3B5CE841-61A1-EE3A-E063-4804A8C0D6F1","885000","2025-06-19","E1 8RB","F","N","L","FLAT 601","MARLYN LODGE","PORTSOKEN STREET","","LONDON","CITY OF LONDON","GREATER LONDON","A","http://landregistry.data.gov.uk/data/ppi/transaction/3B5CE841-61A1-EE3A-E063-4804A8C0D6F1/current"
"98C75471-6E4A-72E9-E053-6B04A8C042F0","725000","2019-08-13","E1 8RB","F","N","L","FLAT 601","MARLYN LODGE","PORTSOKEN STREET","","LONDON","CITY OF LONDON","GREATER LONDON","A","http://landregistry.data.gov.uk/data/ppi/transaction/98C75471-6E4A-72E9-E053-6B04A8C042F0/current"
"6B32222D-008F-01F1-E053-6C04A8C0D2C8","20000","2018-04-04","E1 8RB","O","N","L","PARKING SPACE 17","MARLYN LODGE","PORTSOKEN STREET","","LONDON","CITY OF LONDON","GREATER LONDON","B","http://landregistry.data.gov.uk/data/ppi/transaction/6B32222D-008F-01F1-E053-6C04A8C0D2C8/current"
"DE2D0CDF-4489-51EE-E053-6C04A8C00671","485000","2022-03-31","E9 5NW","F","N","L","FLAT 106","11","MELDOLA YARD","","LONDON","CITY OF LONDON","GREATER LONDON","A","http://landregistry.data.gov.uk/data/ppi/transaction/DE2D0CDF-4489-51EE-E053-6C04A8C00671/current"
"4E75C29C-C8FB-8922-E063-4804A8C094D0","585000","2026-02-26","E9 5NW","F","N","L","FLAT 205","11","MELDOLA YARD","","LONDON","CITY OF LONDON","GREATER LONDON","A","http://landregistry.data.gov.uk/data/ppi/transaction/4E75C29C-C8FB-8922-E063-4804A8C094D0/current"
"0E082196-ADB4-5C09-E063-4704A8C0A10E","495000","2023-05-12","E9 5NW","F","N","L","FLAT 206","11","MELDOLA YARD","","LONDON","CITY OF LONDON","GREATER LONDON","A","http://landregistry.data.gov.uk/data/ppi/transaction/0E082196-ADB4-5C09-E063-4704A8C0A10E/current"
"666758D7-9005-3363-E053-6B04A8C0D74E","3076","2018-01-29","EC1A 2AA","O","N","L","","2 - 5","HOLBORN VIADUCT","","LONDON","CITY OF LONDON","GREATER LONDON","B","http://landregistry.data.gov.uk/data/ppi/transaction/666758D7-9005-3363-E053-6B04A8C0D74E/current"
"C3C3F9B6-B430-362B-E053-6B04A8C03ACC","6200000","2021-01-28","EC1A 2AY","O","N","L","","6","SNOW HILL","","LONDON","CITY OF LONDON","GREATER LONDON","B","http://landregistry.data.gov.uk/data/ppi/transaction/C3C3F9B6-B430-362B-E053-6B04A8C03ACC/current"
"09266DDC-4D8F-AF90-E063-4704A8C02087","3050000","2023-03-29","EC1A 2BP","O","N","F","","FITZ-EYLWIN HOUSE, 25","HOLBORN VIADUCT","","LONDON","CITY OF LONDON","GREATER LONDON","B","http://landregistry.data.gov.uk/data/ppi/transaction/09266DDC-4D8F-AF90-E063-4704A8C02087/current"
"402A3A66-ACA5-A7DF-E063-4804A8C0B80D","60000","2024-09-30","EC1A 2DE","O","N","L","VAULTS","61 - 65","HOLBORN VIADUCT","","LONDON","CITY OF LONDON","GREATER LONDON","B","http://landregistry.data.gov.uk/data/ppi/transaction/402A3A66-ACA5-A7DF-E063-4804A8C0B80D/current"
"9DBAD222-A2DC-6EB3-E053-6B04A8C0F257","9000000","2019-07-31","EC1A 2DJ","O","N","F","","4","SNOW HILL","","LONDON","CITY OF LONDON","GREATER LONDON","B","http://landregistry.data.gov.uk/data/ppi/transaction/9DBAD222-A2DC-6EB3-E053-6B04A8C0F257/current"
"B5755FFE-98E7-7D01-E053-6C04A8C036B6","14900000","2020-01-14","EC1A 2DJ","O","N","L","","5","SNOW HILL","","LONDON","CITY OF LONDON","GREATER LONDON","B","http://landregistry.data.gov.uk/data/ppi/transaction/B5755FFE-98E7-7D01-E053-6C04A8C036B6/current"
"3B7E0B90-B97D-EA99-E050-A8C062057E77","65000","2016-08-01","EC1A 2FD","O","N","L","","60B","HOLBORN VIADUCT","","LONDON","CITY OF LONDON","GREATER LONDON","B","http://landregistry.data.gov.uk/data/ppi/transaction/3B7E0B90-B97D-EA99-E050-A8C062057E77/current"
"4777E0AF-7774-5D59-E063-4804A8C09F8E","590683","2024-06-03","EC1A 2FG","O","N","L","","ATLANTIC HOUSE, 50","HOLBORN VIADUCT","","LONDON","CITY OF LONDON","GREATER LONDON","B","http://landregistry.data.gov.uk/data/ppi/transaction/4777E0AF-7774-5D59-E063-4804A8C09F8E/current"
"E53EDD2E-9099-83EC-E053-6B04A8C03A59","4800000","2021-12-14","EC1A 4AB","O","N","L","","150","ALDERSGATE STREET","","LONDON","CITY OF LONDON","GREATER LONDON","B","http://landregistry.data.gov.uk/data/ppi/transaction/E53EDD2E-9099-83EC-E053-6B04A8C03A59/current"
"4777E0AF-9AE4-5D59-E063-4804A8C09F8E","4500000","2025-01-22","EC1A 4HJ","O","N","L","","10","ALDERSGATE STREET","","LONDON","CITY OF LONDON","GREATER LONDON","B","http://landregistry.data.gov.uk/data/ppi/transaction/4777E0AF-9AE4-5D59-E063-4804A8C09F8E/current"
"666758D7-9095-3363-E053-6B04A8C0D74E","5500000","2017-11-07","EC1A 4HT","O","N","L","","160","ALDERSGATE STREET","","LONDON","CITY OF LONDON","GREATER LONDON","B","http://landregistry.data.gov.uk/data/ppi/transaction/666758D7-9095-3363-E053-6B04A8C0D74E/current"
"666758D7-90C4-3363-E053-6B04A8C0D74E","4000000","2017-11-07","EC1A 4HT","O","N","L","","160","ALDERSGATE STREET","","LONDON","CITY OF LONDON","GREATER LONDON","B","http://landregistry.data.gov.uk/data/ppi/transaction/666758D7-90C4-3363-E053-6B04A8C0D74E/current"
"965B6D90-F464-95E4-E053-6C04A8C07729","690000","2019-10-07","EC1A 4HU","F","N","L","FLAT 11","LONDON HOUSE, 172","ALDERSGATE STREET","","LONDON","CITY OF LONDON","GREATER LONDON","A","http://landregistry.data.gov.uk/data/ppi/transaction/965B6D90-F464-95E4-E053-6C04A8C07729/current"
"E073986B-83C8-2134-E053-6C04A8C0233B","495000","2020-11-30","EC1A 4HU","F","N","L","FLAT 20","LONDON HOUSE, 172","ALDERSGATE STREET","","LONDON","CITY OF LONDON","GREATER LONDON","A","http://landregistry.data.gov.uk/data/ppi/transaction/E073986B-83C8-2134-E053-6C04A8C0233B/current"
"C6209F5E-D087-295E-E053-6C04A8C0DDCC","685000","2021-01-15","EC1A 4HU","F","N","L","FLAT 24","LONDON HOUSE, 172","ALDERSGATE STREET","","LONDON","CITY OF LONDON","GREATER LONDON","A","http://landregistry.data.gov.uk/data/ppi/transaction/C6209F5E-D087-295E-E053-6C04A8C0DDCC/current"
"3DCCB7CA-A444-5B9D-E063-4704A8C0331E","500000","2024-10-29","EC1A 4HU","F","N","L","FLAT 25","LONDON HOUSE, 172","ALDERSGATE STREET","","LONDON","CITY OF LONDON","GREATER LONDON","B","http://landregistry.data.gov.uk/data/ppi/transaction/3DCCB7CA-A444-5B9D-E063-4704A8C0331E/current"
"75050A84-A838-9A88-E053-6B04A8C02390","725000","2018-07-13","EC1A 4HU","F","N","L","FLAT 26","LONDON HOUSE, 172","ALDERSGATE STREET","","LONDON","CITY OF LONDON","GREATER LONDON","A","http://landregistry.data.gov.uk/data/ppi/transaction/75050A84-A838-9A88-E053-6B04A8C02390/current"
"31C68072-5CDA-FEE3-E063-4804A8C04F37","710000","2025-03-03","EC1A 4HU","F","N","L","FLAT 29","LONDON HOUSE, 172","ALDERSGATE STREET","","LONDON","CITY OF LONDON","GREATER LONDON","A","http://landregistry.data.gov.uk/data/ppi/transaction/31C68072-5CDA-FEE3-E063-4804A8C04F37/current"
"D93B27B0-3355-3100-E053-6C04A8C08887","645000","2021-10-07","EC1A 4HU","F","N","L","FLAT 31","LONDON HOUSE, 172","ALDERSGATE STREET","","LONDON","CITY OF LONDON","GREATER LONDON","A","http://landregistry.data.gov.uk/data/ppi/transaction/D93B27B0-3355-3100-E053-6C04A8C08887/current"
"237B17FD-92AC-22AC-E063-4804A8C0EA3A","689250","2024-04-11","EC1A 4HU","F","N","L","FLAT 32","LONDON HOUSE, 172","ALDERSGATE STREET","","LONDON","CITY OF LONDON","GREATER LONDON","A","http://landregistry.data.gov.uk/data/ppi/transaction/237B17FD-92AC-22AC-E063-4804A8C0EA3A/current"
"CD5A9DCB-7D2C-310A-E053-6C04A8C00A1F","515000","2021-04-19","EC1A 4HU","F","N","L","FLAT 33","LONDON HOUSE, 172","ALDERSGATE STREET","","LONDON","CITY OF LONDON","GREATER LONDON","A","http://landregistry.data.gov.uk/data/ppi/transaction/CD5A9DCB-7D2C-310A-E053-6C04A8C00A1F/current"
"25E9DA80-57AD-555E-E063-4704A8C066F2","720000","2024-09-13","EC1A 4HU","F","N","L","FLAT 35","LONDON HOUSE, 172","ALDERSGATE STREET","","LONDON","CITY OF LONDON","GREATER LONDON","A","http://landregistry.data.gov.uk/data/ppi/transaction/25E9DA80-57AD-555E-E063-4704A8C066F2/current"
"726BF13B-0FC7-0A46-E053-6C04A8C01D0D","750000","2018-06-08","EC1A 4HU","F","N","L","FLAT 37","LONDON HOUSE, 172","ALDERSGATE STREET","","LONDON","CITY OF LONDON","GREATER LONDON","A","http://landregistry.data.gov.uk/data/ppi/transaction/726BF13B-0FC7-0A46-E053-6C04A8C01D0D/current"
"06C9F487-17B1-9388-E063-4804A8C0BD98","773000","2023-08-07","EC1A 4HU","F","N","L","FLAT 45","LONDON HOUSE, 172","ALDERSGATE STREET","","LONDON","CITY OF LONDON","GREATER LONDON","A","http://landregistry.data.gov.uk/data/ppi/transaction/06C9F487-17B1-9388-E063-4804A8C0BD98/current"
"F16F63C5-57FC-0491-E053-6C04A8C032ED","690000","2022-09-16","EC1A 4HU","F","N","L","FLAT 53","LONDON HOUSE, 172","ALDERSGATE STREET","","LONDON","CITY OF LONDON","GREATER LONDON","A","http://landregistry.data.gov.uk/data/ppi/transaction/F16F63C5-57FC-0491-E053-6C04A8C032ED/current"
"09266DDB-7D05-AF90-E063-4704A8C02087","730000","2023-07-06","EC1A 4HU","F","N","L","FLAT 54","LONDON HOUSE, 172","ALDERSGATE STREET","","LONDON","CITY OF LONDON","GREATER LONDON","A","http://landregistry.data.gov.uk/data/ppi/transaction/09266DDB-7D05-AF90-E063-4704A8C02087/current"
"F87E72F8-88DD-176C-E053-6B04A8C0D2BE","568000","2023-03-06","EC1A 4HU","F","N","L","FLAT 57","LONDON HOUSE, 172","ALDERSGATE STREET","","LONDON","CITY OF LONDON","GREATER LONDON","A","http://landregistry.data.gov.uk/data/ppi/transaction/F87E72F8-88DD-176C-E053-6B04A8C0D2BE/current"
"9FF0D969-6916-11ED-E053-6C04A8C06383","746000","2020-02-11","EC1A 4HU","F","N","L","FLAT 58","LONDON HOUSE, 172","ALDERSGATE STREET","","LONDON","CITY OF LONDON","GREATER LONDON","A","http://landregistry.data.gov.uk/data/ppi/transaction/9FF0D969-6916-11ED-E053-6C04A8C06383/current"
"8CAC1317-E45F-0253-E053-6B04A8C08E51","505000","2019-06-10","EC1A 4HU","F","N","L","FLAT 60","LONDON HOUSE, 172","ALDERSGATE STREET","","LONDON","CITY OF LONDON","GREATER LONDON","B","http://landregistry.data.gov.uk/data/ppi/transaction/8CAC1317-E45F-0253-E053-6B04A8C08E51/current"
"50F18103-CBEF-9FD5-E050-A8C063054923","705000","2017-05-03","EC1A 4HU","F","N","L","FLAT 64","LONDON HOUSE, 172","ALDERSGATE STREET","","LONDON","CITY OF LONDON","GREATER LONDON","B","http://landregistry.data.gov.uk/data/ppi/transaction/50F18103-CBEF-9FD5-E050-A8C063054923/current"
"1C3E72FD-C4BC-F410-E063-4804A8C0DFA6","550000","2024-05-24","EC1A 4HU","F","N","L","FLAT 65","LONDON HOUSE, 172","ALDERSGATE STREET","","LONDON","CITY OF LONDON","GREATER LONDON","A","http://landregistry.data.gov.uk/data/ppi/transaction/1C3E72FD-C4BC-F410-E063-4804A8C0DFA6/current"
"C18F412A-71BC-81A6-E053-6B04A8C0AD18","680000","2021-03-15","EC1A 4HU","F","N","L","FLAT 66","LONDON HOUSE, 172","ALDERSGATE STREET","","LONDON","CITY OF LONDON","GREATER LONDON","A","http://landregistry.data.gov.uk/data/ppi/transaction/C18F412A-71BC-81A6-E053-6B04A8C0AD18/current"
"F5E8B080-D1AD-3A13-E053-6C04A8C060B7","720000","2023-02-02","EC1A 4HU","F","N","L","FLAT 67","LONDON HOUSE, 172","ALDERSGATE STREET","","LONDON","CITY OF LONDON","GREATER LONDON","A","http://landregistry.data.gov.uk/data/ppi/transaction/F5E8B080-D1AD-3A13-E053-6C04A8C060B7/current"
"44F406B6-121B-1095-E063-4704A8C048D4","455000","2025-06-06","EC1A 4HU","F","N","L","FLAT 68","LONDON HOUSE, 172","ALDERSGATE STREET","","LONDON","CITY OF LONDON","GREATER LONDON","A","http://landregistry.data.gov.uk/data/ppi/transaction/44F406B6-121B-1095-E063-4704A8C048D4/current"
"C8A3A575-CEBA-0425-E053-6C04A8C0947B","690000","2021-03-30","EC1A 4HU","F","N","L","FLAT 73","LONDON HOUSE, 172","ALDERSGATE STREET","","LONDON","CITY OF LONDON","GREATER LONDON","A","http://landregistry.data.gov.uk/data/ppi/transaction/C8A3A575-CEBA-0425-E053-6C04A8C0947B/current"
"2859C1AC-3DD6-52B4-E063-4804A8C05948","975000","2024-11-04","EC1A 4HU","F","N","L","FLAT 74","LONDON HOUSE, 172","ALDERSGATE STREET","","LONDON","CITY OF LONDON","GREATER LONDON","A","http://landregistry.data.gov.uk/data/ppi/transaction/2859C1AC-3DD6-52B4-E063-4804A8C05948/current"
"3914047A-7792-3206-E050-A8C063057647","165998","2016-06-28","EC1A 4HY","O","N","L","EIGHTH FLOOR OFFICE","140","ALDERSGATE STREET","","LONDON","CITY OF LONDON","GREATER LONDON","B","http://landregistry.data.gov.uk/data/ppi/transaction/3914047A-7792-3206-E050-A8C063057647/current"
"2131FCF6-DEBC-86E8-E063-4804A8C0372B","1950000","2023-08-15","EC1A 4JQ","O","N","L","","131","ALDERSGATE STREET","","LONDON","CITY OF LONDON","GREATER LONDON","B","http://landregistry.data.gov.uk/data/ppi/transaction/2131FCF6-DEBC-86E8-E063-4804A8C0372B/current"
"87E1551E-EABB-6405-E053-6C04A8C0B2EE","4009946","2019-04-08","EC1A 4JQ","O","N","L","","131","ALDERSGATE STREET","","LONDON","CITY OF LONDON","GREATER LONDON","B","http://landregistry.data.gov.uk/data/ppi/transaction/87E1551E-EABB-6405-E053-6C04A8C0B2EE/current"
"1A0C5C63-8242-7CBE-E063-4804A8C06C96","3342500","2023-07-05","EC1A 4LA","F","N","L","","60","ALDERSGATE STREET","","LONDON","CITY OF LONDON","GREATER LONDON","A","http://landregistry.data.gov.uk/data/ppi/transaction/1A0C5C63-8242-7CBE-E063-4804A8C06C96/current"
"9B361206-F710-1904-E053-6B04A8C0EEB5","600000","2019-11-28","EC1A 4NP","O","N","L","GROUND FLOOR","1","ST MARTINS LE GRAND","","LONDON","CITY OF LONDON","GREATER LONDON","B","http://landregistry.data.gov.uk/data/ppi/transaction/9B361206-F710-1904-E053-6B04A8C0EEB5/current"
"F3B6C199-445F-6E40-E053-6C04A8C0B3B4","150000","2022-04-08","EC1A 7AB","O","N","F","FLAT 1","23","MIDDLE STREET","","LONDON","CITY OF LONDON","GREATER LONDON","B","http://landregistry.data.gov.uk/data/ppi/transaction/F3B6C199-445F-6E40-E053-6C04A8C0B3B4/current"
"D4D42645-90F0-27F6-E053-6C04A8C0A572","825000","2021-09-01","EC1A 7AB","F","N","L","FLAT 1","23","MIDDLE STREET","","LONDON","CITY OF LONDON","GREATER LONDON","A","http://landregistry.data.gov.uk/data/ppi/transaction/D4D42645-90F0-27F6-E053-6C04A8C0A572/current"
"D93B27B0-9740-3100-E053-6C04A8C08887","649950","2021-03-19","EC1A 7AB","F","N","L","FLAT 10","23","MIDDLE STREET","","LONDON","CITY OF LONDON","GREATER LONDON","A","http://landregistry.data.gov.uk/data/ppi/transaction/D93B27B0-9740-3100-E053-6C04A8C08887/current"
"F3B6C199-2E44-6E40-E053-6C04A8C0B3B4","974950","2021-12-03","EC1A 7AB","F","N","L","FLAT 2","23","MIDDLE STREET","","LONDON","CITY OF LONDON","GREATER LONDON","B","http://landregistry.data.gov.uk/data/ppi/transaction/F3B6C199-2E44-6E40-E053-6C04A8C0B3B4/current"
"C18F412A-B99C-81A6-E053-6B04A8C0AD18","592000","2021-03-24","EC1A 7AB","F","N","L","FLAT 3","23","MIDDLE STREET","","LONDON","CITY OF LONDON","GREATER LONDON","A","http://landregistry.data.gov.uk/data/ppi/transaction/C18F412A-B99C-81A6-E053-6B04A8C0AD18/current"
"DE2D0CDF-9208-51EE-E053-6C04A8C00671","695000","2021-12-03","EC1A 7AB","F","N","L","FLAT 4","23","MIDDLE STREET","","LONDON","CITY OF LONDON","GREATER LONDON","A","http://landregistry.data.gov.uk/data/ppi/transaction/DE2D0CDF-9208-51EE-E053-6C04A8C00671/current"
"B5755FFD-ED44-7D01-E053-6C04A8C036B6","649950","2020-10-08","EC1A 7AB","F","N","L","FLAT 5","23","MIDDLE STREET","","LONDON","CITY OF LONDON","GREATER LONDON","A","http://landregistry.data.gov.uk/data/ppi/transaction/B5755FFD-ED44-7D01-E053-6C04A8C036B6/current"
"F16F63C5-98C9-0491-E053-6C04A8C032ED","620000","2021-03-22","EC1A 7AB","F","N","L","FLAT 7","23","MIDDLE STREET","","LONDON","CITY OF LONDON","GREATER LONDON","A","http://landregistry.data.gov.uk/data/ppi/transaction/F16F63C5-98C9-0491-E053-6C04A8C032ED/current"
"EED73E75-7693-6AF3-E053-6C04A8C08ABA","710000","2021-02-26","EC1A 7AB","F","N","L","FLAT 8","23","MIDDLE STREET","","LONDON","CITY OF LONDON","GREATER LONDON","A","http://landregistry.data.gov.uk/data/ppi/transaction/EED73E75-7693-6AF3-E053-6C04A8C08ABA/current"
"2ACACE8C-87B0-295E-E063-4804A8C0B0EB","485000","2024-09-11","EC1A 7AB","F","N","L","FLAT 9","23","MIDDLE STREET","","LONDON","CITY OF LONDON","GREATER LONDON","A","http://landregistry.data.gov.uk/data/ppi/transaction/2ACACE8C-87B0-295E-E063-4804A8C0B0EB/current"
"D93B27B0-9745-3100-E053-6C04A8C08887","470000","2020-07-30","EC1A 7AB","F","N","L","FLAT 9","23","MIDDLE STREET","","LONDON","CITY OF LONDON","GREATER LONDON","A","http://landregistry.data.gov.uk/data/ppi/transaction/D93B27B0-9745-3100-E053-6C04A8C08887/current"
"A96E4ACC-E3E1-9205-E053-6C04A8C0DA09","209550000","2019-08-07","EC1A 7AJ","O","N","F","","BT CENTRE, 81","NEWGATE STREET","","LONDON","CITY OF LONDON","GREATER LONDON","B","http://landregistry.data.gov.uk/data/ppi/transaction/A96E4ACC-E3E1-9205-E053-6C04A8C0DA09/current"
"D93B27B1-DD7E-3100-E053-6C04A8C08887","3675000","2021-09-22","EC1A 7BA","O","N","L","","CHRISTCHURCH TOWER","GREYFRIARS PASSAGE","","LONDON","CITY OF LONDON","GREATER LONDON","B","http://landregistry.data.gov.uk/data/ppi/transaction/D93B27B1-DD7E-3100-E053-6C04A8C08887/current"
"7E86B6FA-6FAC-458C-E053-6B04A8C0C84C","725000","2018-01-04","EC1A 7BB","F","N","L","APARTMENT 1.1","VICARY HOUSE, 24","BARTHOLOMEW CLOSE","","LONDON","CITY OF LONDON","GREATER LONDON","A","http://landregistry.data.gov.uk/data/ppi/transaction/7E86B6FA-6FAC-458C-E053-6B04A8C0C84C/current"
"7C2D06FF-9FAF-4963-E053-6B04A8C07B97","842800","2018-01-04","EC1A 7BB","F","Y","L","APARTMENT 1.2","VICARY HOUSE, 24","BARTHOLOMEW CLOSE","","LONDON","CITY OF LONDON","GREATER LONDON","A","http://landregistry.data.gov.uk/data/ppi/transaction/7C2D06FF-9FAF-4963-E053-6B04A8C07B97/current"
"7C2D06FF-9FB0-4963-E053-6B04A8C07B97","871220","2018-01-04","EC1A 7BB","F","Y","L","APARTMENT 1.3","VICARY HOUSE, 24","BARTHOLOMEW CLOSE","","LONDON","CITY OF LONDON","GREATER LONDON","A","http://landregistry.data.gov.uk/data/ppi/transaction/7C2D06FF-9FB0-4963-E053-6B04A8C07B97/current"
"7C2D06FF-9FB1-4963-E053-6B04A8C07B97","874160","2018-01-04","EC1A 7BB","F","Y","L","APARTMENT 1.4","VICARY HOUSE, 24","BARTHOLOMEW CLOSE","","LONDON","CITY OF LONDON","GREATER LONDON","A","http://landregistry.data.gov.uk/data/ppi/transaction/7C2D06FF-9FB1-4963-E053-6B04A8C07B97/current"
"7C2D06FF-9FB4-4963-E053-6B04A8C07B97","749700","2018-01-04","EC1A 7BB","F","Y","L","APARTMENT 1.5","VICARY HOUSE, 24","BARTHOLOMEW CLOSE","","LONDON","CITY OF LONDON","GREATER LONDON","A","http://landregistry.data.gov.uk/data/ppi/transaction/7C2D06FF-9FB4-4963-E053-6B04A8C07B97/current"
"80E1AA97-A713-7BF8-E053-6C04A8C00BF2","720000","2018-01-04","EC1A 7BB","F","N","L","APARTMENT 2.1","VICARY HOUSE, 24","BARTHOLOMEW CLOSE","","LONDON","CITY OF LONDON","GREATER LONDON","A","http://landregistry.data.gov.uk/data/ppi/transaction/80E1AA97-A713-7BF8-E053-6C04A8C00BF2/current"
"7C2D06FF-9FAD-4963-E053-6B04A8C07B97","857500","2018-01-04","EC1A 7BB","F","Y","L","APARTMENT 2.2","VICARY HOUSE, 24","BARTHOLOMEW CLOSE","","LONDON","CITY OF LONDON","GREATER LONDON","A","http://landregistry.data.gov.uk/data/ppi/transaction/7C2D06FF-9FAD-4963-E053-6B04A8C07B97/current"
"7C2D06FF-9FB3-4963-E053-6B04A8C07B97","872200","2018-01-04","EC1A 7BB","F","Y","L","APARTMENT 2.3","VICARY HOUSE, 24","BARTHOLOMEW CLOSE","","LONDON","CITY OF LONDON","GREATER LONDON","A","http://landregistry.data.gov.uk/data/ppi/transaction/7C2D06FF-9FB3-4963-E053-6B04A8C07B97/current"
"773788C2-3317-2CE4-E053-6C04A8C05E57","1590953","2018-01-04","EC1A 7BB","F","Y","L","APARTMENT 2.4","VICARY HOUSE, 24","BARTHOLOMEW CLOSE","","LONDON","CITY OF LONDON","GREATER LONDON","A","http://landregistry.data.gov.uk/data/ppi/transaction/773788C2-3317-2CE4-E053-6C04A8C05E57/current"
"B32EBB13-3D1F-3C99-E053-6C04A8C09CA1","1485000","2020-03-10","EC1A 7BB","F","Y","L","APARTMENT 2.5","VICARY HOUSE, 24","BARTHOLOMEW CLOSE","","LONDON","CITY OF LONDON","GREATER LONDON","A","http://landregistry.data.gov.uk/data/ppi/transaction/B32EBB13-3D1F-3C99-E053-6C04A8C09CA1/current"
"773788C2-3322-2CE4-E053-6C04A8C05E57","735000","2018-01-03","EC1A 7BB","F","Y","L","APARTMENT 3.1","VICARY HOUSE, 24","BARTHOLOMEW CLOSE","","LONDON","CITY OF LONDON","GREATER LONDON","A","http://landregistry.data.gov.uk/data/ppi/transaction/773788C2-3322-2CE4-E053-6C04A8C05E57/current"
"7C2D06FF-9FAA-4963-E053-6B04A8C07B97","869260","2017-12-21","EC1A 7BB","F","Y","L","APARTMENT 3.2","VICARY HOUSE, 24","BARTHOLOMEW CLOSE","","LONDON","CITY OF LONDON","GREATER LONDON","A","http://landregistry.data.gov.uk/data/ppi/transaction/7C2D06FF-9FAA-4963-E053-6B04A8C07B97/current"
"773788C2-3321-2CE4-E053-6C04A8C05E57","891800","2018-01-03","EC1A 7BB","F","Y","L","APARTMENT 3.3","VICARY HOUSE, 24","BARTHOLOMEW CLOSE","","LONDON","CITY OF LONDON","GREATER LONDON","A","http://landregistry.data.gov.uk/data/ppi/transaction/773788C2-3321-2CE4-E053-6C04A8C05E57/current"
"773788C2-3320-2CE4-E053-6C04A8C05E57","1592500","2018-01-03","EC1A 7BB","F","Y","L","APARTMENT 3.4","VICARY HOUSE, 24","BARTHOLOMEW CLOSE","","LONDON","CITY OF LONDON","GREATER LONDON","A","http://landregistry.data.gov.uk/data/ppi/transaction/773788C2-3320-2CE4-E053-6C04A8C05E57/current"
"D4D42645-2F42-27F6-E053-6C04A8C0A572","1423750","2020-07-03","EC1A 7BB","F","Y","L","APARTMENT 3.5","VICARY HOUSE, 24","BARTHOLOMEW CLOSE","","LONDON","CITY OF LONDON","GREATER LONDON","A","http://landregistry.data.gov.uk/data/ppi/transaction/D4D42645-2F42-27F6-E053-6C04A8C0A572/current"
"7C2D06FF-9FA4-4963-E053-6B04A8C07B97","750000","2017-12-27","EC1A 7BB","F","N","L","APARTMENT 4.1","VICARY HOUSE, 24","BARTHOLOMEW CLOSE","","LONDON","CITY OF LONDON","GREATER LONDON","A","http://landregistry.data.gov.uk/data/ppi/transaction/7C2D06FF-9FA4-4963-E053-6B04A8C07B97/current"
"C18F412A-72EF-81A6-E053-6B04A8C0AD18","773500","2021-01-26","EC1A 7BB","F","N","L","APARTMENT 4.2","VICARY HOUSE, 24","BARTHOLOMEW CLOSE","","LONDON","CITY OF LONDON","GREATER LONDON","A","http://landregistry.data.gov.uk/data/ppi/transaction/C18F412A-72EF-81A6-E053-6B04A8C0AD18/current"
"7C2D06FF-9FA7-4963-E053-6B04A8C07B97","905000","2017-12-21","EC1A 7BB","F","Y","L","APARTMENT 4.2","VICARY HOUSE, 24","BARTHOLOMEW CLOSE","","LONDON","CITY OF LONDON","GREATER LONDON","A","http://landregistry.data.gov.uk/data/ppi/transaction/7C2D06FF-9FA7-4963-E053-6B04A8C07B97/current"
"7C2D06FF-9FD5-4963-E053-6B04A8C07B97","906500","2018-02-22","EC1A 7BB","F","Y","L","APARTMENT 4.3","VICARY HOUSE, 24","BARTHOLOMEW CLOSE","","LONDON","CITY OF LONDON","GREATER LONDON","A","http://landregistry.data.gov.uk/data/ppi/transaction/7C2D06FF-9FD5-4963-E053-6B04A8C07B97/current"
"773788C2-331F-2CE4-E053-6C04A8C05E57","1510000","2018-01-03","EC1A 7BB","F","Y","L","APARTMENT 4.4","VICARY HOUSE, 24","BARTHOLOMEW CLOSE","","LONDON","CITY OF LONDON","GREATER LONDON","A","http://landregistry.data.gov.uk/data/ppi/transaction/773788C2-331F-2CE4-E053-6C04A8C05E57/current"
"BA558B33-638D-76EF-E053-6B04A8C0B4B7","1445000","2020-05-28","EC1A 7BB","F","Y","L","APARTMENT 4.5","VICARY HOUSE, 24","BARTHOLOMEW CLOSE","","LONDON","CITY OF LONDON","GREATER LONDON","B","http://landregistry.data.gov.uk/data/ppi/transaction/BA558B33-638D-76EF-E053-6B04A8C0B4B7/current"
"773788C2-331E-2CE4-E053-6C04A8C05E57","776550","2018-01-03","EC1A 7BB","F","Y","L","APARTMENT 5.1","VICARY HOUSE, 24","BARTHOLOMEW CLOSE","","LONDON","CITY OF LONDON","GREATER LONDON","A","http://landregistry.data.gov.uk/data/ppi/transaction/773788C2-331E-2CE4-E053-6C04A8C05E57/current"
"773788C2-3318-2CE4-E053-6C04A8C05E57","891198","2018-01-03","EC1A 7BB","F","Y","L","APARTMENT 5.2","VICARY HOUSE, 24","BARTHOLOMEW CLOSE","","LONDON","CITY OF LONDON","GREATER LONDON","A","http://landregistry.data.gov.uk/data/ppi/transaction/773788C2-3318-2CE4-E053-6C04A8C05E57/current"
"773788C2-331D-2CE4-E053-6C04A8C05E57","919240","2018-01-03","EC1A 7BB","F","Y","L","APARTMENT 5.3","VICARY HOUSE, 24","BARTHOLOMEW CLOSE","","LONDON","CITY OF LONDON","GREATER LONDON","A","http://landregistry.data.gov.uk/data/ppi/transaction/773788C2-331D-2CE4-E053-6C04A8C05E57/current"
"36A61A94-3DEA-DEF2-E063-4704A8C046AE","1590000","2024-09-12","EC1A 7BB","F","N","L","APARTMENT 5.4","VICARY HOUSE, 24","BARTHOLOMEW CLOSE","","LONDON","CITY OF LONDON","GREATER LONDON","A","http://landregistry.data.gov.uk/data/ppi/transaction/36A61A94-3DEA-DEF2-E063-4704A8C046AE/current"
"7C2D06FF-9FB5-4963-E053-6B04A8C07B97","1575000","2018-01-08","EC1A 7BB","F","Y","L","APARTMENT 5.4","VICARY HOUSE, 24","BARTHOLOMEW CLOSE","","LONDON","CITY OF LONDON","GREATER LONDON","A","http://landregistry.data.gov.uk/data/ppi/transaction/7C2D06FF-9FB5-4963-E053-6B04A8C07B97/current"
"7E86B6FA-6FCB-458C-E053-6B04A8C0C84C","1930000","2018-05-04","EC1A 7BB","F","Y","L","APARTMENT 5.5","VICARY HOUSE, 24","BARTHOLOMEW CLOSE","","LONDON","CITY OF LONDON","GREATER LONDON","A","http://landregistry.data.gov.uk/data/ppi/transaction/7E86B6FA-6FCB-458C-E053-6B04A8C0C84C/current"
"773788C2-331C-2CE4-E053-6C04A8C05E57","799000","2017-12-15","EC1A 7BB","F","Y","L","APARTMENT 6.1","VICARY HOUSE, 24","BARTHOLOMEW CLOSE","","LONDON","CITY OF LONDON","GREATER LONDON","A","http://landregistry.data.gov.uk/data/ppi/transaction/773788C2-331C-2CE4-E053-6C04A8C05E57/current"
"773788C2-3319-2CE4-E053-6C04A8C05E57","892848","2018-01-02","EC1A 7BB","F","Y","L","APARTMENT 6.2","VICARY HOUSE, 24","BARTHOLOMEW CLOSE","","LONDON","CITY OF LONDON","GREATER LONDON","A","http://landregistry.data.gov.uk/data/ppi/transaction/773788C2-3319-2CE4-E053-6C04A8C05E57/current"
"D93B27B0-34C4-3100-E053-6C04A8C08887","810000","2021-07-30","EC1A 7BB","F","N","L","APARTMENT 6.3","VICARY HOUSE, 24","BARTHOLOMEW CLOSE","","LONDON","CITY OF LONDON","GREATER LONDON","A","http://landregistry.data.gov.uk/data/ppi/transaction/D93B27B0-34C4-3100-E053-6C04A8C08887/current"
"7E86B6FA-6FBC-458C-E053-6B04A8C0C84C","935000","2018-04-06","EC1A 7BB","F","Y","L","APARTMENT 6.3","VICARY HOUSE, 24","BARTHOLOMEW CLOSE","","LONDON","CITY OF LONDON","GREATER LONDON","A","http://landregistry.data.gov.uk/data/ppi/transaction/7E86B6FA-6FBC-458C-E053-6B04A8C0C84C/current"
"7C2D06FF-9FB2-4963-E053-6B04A8C07B97","1675000","2018-01-02","EC1A 7BB","F","Y","L","APARTMENT 6.4","VICARY HOUSE, 24","BARTHOLOMEW CLOSE","","LONDON","CITY OF LONDON","GREATER LONDON","A","http://landregistry.data.gov.uk/data/ppi/transaction/7C2D06FF-9FB2-4963-E053-6B04A8C07B97/current"
"7C2D06FF-9FA5-4963-E053-6B04A8C07B97","813000","2017-12-21","EC1A 7BB","F","N","L","APARTMENT 7.1","VICARY HOUSE, 24","BARTHOLOMEW CLOSE","","LONDON","CITY OF LONDON","GREATER LONDON","A","http://landregistry.data.gov.uk/data/ppi/transaction/7C2D06FF-9FA5-4963-E053-6B04A8C07B97/current"
"773788C2-3323-2CE4-E053-6C04A8C05E57","895000","2017-12-21","EC1A 7BB","F","Y","L","APARTMENT 7.2","VICARY HOUSE, 24","BARTHOLOMEW CLOSE","","LONDON","CITY OF LONDON","GREATER LONDON","A","http://landregistry.data.gov.uk/data/ppi/transaction/773788C2-3323-2CE4-E053-6C04A8C05E57/current"
"7C2D06FF-9FA6-4963-E053-6B04A8C07B97","926400","2017-12-20","EC1A 7BB","F","Y","L","APARTMENT 7.3","VICARY HOUSE, 24","BARTHOLOMEW CLOSE","","LONDON","CITY OF LONDON","GREATER LONDON","A","http://landregistry.data.gov.uk/data/ppi/transaction/7C2D06FF-9FA6-4963-E053-6B04A8C07B97/current"
"8355F008-A4D8-55C5-E053-6B04A8C0D090","1493500","2017-12-20","EC1A 7BB","F","Y","L","APARTMENT 7.4","VICARY HOUSE, 24","BARTHOLOMEW CLOSE","","LONDON","CITY OF LONDON","GREATER LONDON","A","http://landregistry.data.gov.uk/data/ppi/transaction/8355F008-A4D8-55C5-E053-6B04A8C0D090/current"
"7C2D06FF-9FA3-4963-E053-6B04A8C07B97","838000","2017-12-21","EC1A 7BB","F","N","L","APARTMENT 8.1","VICARY HOUSE, 24","BARTHOLOMEW CLOSE","","LONDON","CITY OF LONDON","GREATER LONDON","A","http://landregistry.data.gov.uk/data/ppi/transaction/7C2D06FF-9FA3-4963-E053-6B04A8C07B97/current"
"8355F009-B52A-55C5-E053-6B04A8C0D090","870000","2019-02-04","EC1A 7BB","F","Y","L","APARTMENT 8.2","VICARY HOUSE, 24","BARTHOLOMEW CLOSE","","LONDON","CITY OF LONDON","GREATER LONDON","B","http://landregistry.data.gov.uk/data/ppi/transaction/8355F009-B52A-55C5-E053-6B04A8C0D090/current"
"80E1AA97-A96B-7BF8-E053-6C04A8C00BF2","940800","2017-12-21","EC1A 7BB","F","Y","L","APARTMENT 8.3","VICARY HOUSE, 24","BARTHOLOMEW CLOSE","","LONDON","CITY OF LONDON","GREATER LONDON","A","http://landregistry.data.gov.uk/data/ppi/transaction/80E1AA97-A96B-7BF8-E053-6C04A8C00BF2/current"
"773788C2-331B-2CE4-E053-6C04A8C05E57","1405000","2017-12-14","EC1A 7BB","F","Y","L","APARTMENT 8.4","VICARY HOUSE, 24","BARTHOLOMEW CLOSE","","LONDON","CITY OF LONDON","GREATER LONDON","A","http://landregistry.data.gov.uk/data/ppi/transaction/773788C2-331B-2CE4-E053-6C04A8C05E57/current"
"666758D6-72D2-3363-E053-6B04A8C0D74E","762000","2017-10-02","EC1A 7BB","F","Y","L","APARTMENT 0.1","THE UNDERWOOD BUILDING, 25","BARTHOLOMEW CLOSE","","LONDON","CITY OF LONDON","GREATER LONDON","A","http://landregistry.data.gov.uk/data/ppi/transaction/666758D6-72D2-3363-E053-6B04A8C0D74E/current"
"7C2D06FF-9FBB-4963-E053-6B04A8C07B97","997500","2017-12-01","EC1A 7BB","F","Y","L","APARTMENT 0.2","THE UNDERWOOD BUILDING, 25","BARTHOLOMEW CLOSE","","LONDON","CITY OF LONDON","GREATER LONDON","A","http://landregistry.data.gov.uk/data/ppi/transaction/7C2D06FF-9FBB-4963-E053-6B04A8C07B97/current"
"666758D6-7336-3363-E053-6B04A8C0D74E","824500","2017-09-22","EC1A 7BB","F","Y","L","APARTMENT 1.1","THE UNDERWOOD BUILDING, 25","BARTHOLOMEW CLOSE","","LONDON","CITY OF LONDON","GREATER LONDON","A","http://landregistry.data.gov.uk/data/ppi/transaction/666758D6-7336-3363-E053-6B04A8C0D74E/current"
"1EAE3DF6-222C-9EB1-E063-4704A8C09D02","775000","2024-06-28","EC1A 7BB","F","N","L","APARTMENT 1.2","THE UNDERWOOD BUILDING, 25","BARTHOLOMEW CLOSE","","LONDON","CITY OF LONDON","GREATER LONDON","A","http://landregistry.data.gov.uk/data/ppi/transaction/1EAE3DF6-222C-9EB1-E063-4704A8C09D02/current"
"666758D6-735B-3363-E053-6B04A8C0D74E","874650","2017-10-04","EC1A 7BB","F","Y","L","APARTMENT 1.2","THE UNDERWOOD BUILDING, 25","BARTHOLOMEW CLOSE","","LONDON","CITY OF LONDON","GREATER LONDON","A","http://landregistry.data.gov.uk/data/ppi/transaction/666758D6-735B-3363-E053-6B04A8C0D74E/current"
"666758D6-7381-3363-E053-6B04A8C0D74E","1040000","2017-10-02","EC1A 7BB","F","Y","L","APARTMENT 1.3","THE UNDERWOOD BUILDING, 25","BARTHOLOMEW CLOSE","","LONDON","CITY OF LONDON","GREATER LONDON","A","http://landregistry.data.gov.uk/data/ppi/transaction/666758D6-7381-3363-E053-6B04A8C0D74E/current"
"FFA361DA-7D37-8A03-E053-4804A8C01F61","799500","2023-05-23","EC1A 7BB","F","N","L","APARTMENT 2.1","THE UNDERWOOD BUILDING, 25","BARTHOLOMEW CLOSE","","LONDON","CITY OF LONDON","GREATER LONDON","A","http://landregistry.data.gov.uk/data/ppi/transaction/FFA361DA-7D37-8A03-E053-4804A8C01F61/current"
"666758D6-7374-3363-E053-6B04A8C0D74E","860000","2017-09-28","EC1A 7BB","F","Y","L","APARTMENT 2.1","THE UNDERWOOD BUILDING, 25","BARTHOLOMEW CLOSE","","LONDON","CITY OF LONDON","GREATER LONDON","A","http://landregistry.data.gov.uk/data/ppi/transaction/666758D6-7374-3363-E053-6B04A8C0D74E/current"
"666758D6-7376-3363-E053-6B04A8C0D74E","891800","2017-10-03","EC1A 7BB","F","Y","L","APARTMENT 2.2","THE UNDERWOOD BUILDING, 25","BARTHOLOMEW CLOSE","","LONDON","CITY OF LONDON","GREATER LONDON","A","http://landregistry.data.gov.uk/data/ppi/transaction/666758D6-7376-3363-E053-6B04A8C0D74E/current"
"7C2D06FF-9FAB-4963-E053-6B04A8C07B97","1060000","2017-12-19","EC1A 7BB","F","Y","L","APARTMENT 2.3","THE UNDERWOOD BUILDING, 25","BARTHOLOMEW CLOSE","","LONDON","CITY OF LONDON","GREATER LONDON","A","http://landregistry.data.gov.uk/data/ppi/transaction/7C2D06FF-9FAB-4963-E053-6B04A8C07B97/current"
"666758D6-735D-3363-E053-6B04A8C0D74E","877100","2017-10-04","EC1A 7BB","F","Y","L","APARTMENT 3.1","THE UNDERWOOD BUILDING, 25","BARTHOLOMEW CLOSE","","LONDON","CITY OF LONDON","GREATER LONDON","A","http://landregistry.data.gov.uk/data/ppi/transaction/666758D6-735D-3363-E053-6B04A8C0D74E/current"
"666758D6-7392-3363-E053-6B04A8C0D74E","904540","2017-10-03","EC1A 7BB","F","Y","L","APARTMENT 3.2","THE UNDERWOOD BUILDING, 25","BARTHOLOMEW CLOSE","","LONDON","CITY OF LONDON","GREATER LONDON","A","http://landregistry.data.gov.uk/data/ppi/transaction/666758D6-7392-3363-E053-6B04A8C0D74E/current"
"666758D6-7379-3363-E053-6B04A8C0D74E","1081000","2017-09-28","EC1A 7BB","F","Y","L","APARTMENT 3.3","THE UNDERWOOD BUILDING, 25","BARTHOLOMEW CLOSE","","LONDON","CITY OF LONDON","GREATER LONDON","A","http://landregistry.data.gov.uk/data/ppi/transaction/666758D6-7379-3363-E053-6B04A8C0D74E/current"
"666758D6-732A-3363-E053-6B04A8C0D74E","908000","2017-09-28","EC1A 7BB","F","Y","L","APARTMENT 4.1","THE UNDERWOOD BUILDING, 25","BARTHOLOMEW CLOSE","","LONDON","CITY OF LONDON","GREATER LONDON","A","http://landregistry.data.gov.uk/data/ppi/transaction/666758D6-732A-3363-E053-6B04A8C0D74E/current"
"666758D6-737A-3363-E053-6B04A8C0D74E","1370000","2017-10-02","EC1A 7BB","F","Y","L","APARTMENT 4.2","THE UNDERWOOD BUILDING, 25","BARTHOLOMEW CLOSE","","LONDON","CITY OF LONDON","GREATER LONDON","A","http://landregistry.data.gov.uk/data/ppi/transaction/666758D6-737A-3363-E053-6B04A8C0D74E/current"
"666758D6-737B-3363-E053-6B04A8C0D74E","880000","2017-10-02","EC1A 7BB","F","Y","L","APARTMENT 5.1","THE UNDERWOOD BUILDING, 25","BARTHOLOMEW CLOSE","","LONDON","CITY OF LONDON","GREATER LONDON","A","http://landregistry.data.gov.uk/data/ppi/transaction/666758D6-737B-3363-E053-6B04A8C0D74E/current"
"666758D6-737C-3363-E053-6B04A8C0D74E","1355000","2017-10-04","EC1A 7BB","F","Y","L","APARTMENT 5.2","THE UNDERWOOD BUILDING, 25","BARTHOLOMEW CLOSE","","LONDON","CITY OF LONDON","GREATER LONDON","A","http://landregistry.data.gov.uk/data/ppi/transaction/666758D6-737C-3363-E053-6B04A8C0D74E/current"
"7E86B6FA-6FEB-458C-E053-6B04A8C0C84C","1240000","2018-06-20","EC1A 7BD","F","Y","L","APARTMENT 0.1","ABERNETHY HOUSE, 47","BARTHOLOMEW CLOSE","","LONDON","CITY OF LONDON","GREATER LONDON","A","http://landregistry.data.gov.uk/data/ppi/transaction/7E86B6FA-6FEB-458C-E053-6B04A8C0C84C/current"
"7E86B6FA-6FD9-458C-E053-6B04A8C0C84C","795000","2018-06-12","EC1A 7BD","F","Y","L","APARTMENT 0.2","ABERNETHY HOUSE, 47","BARTHOLOMEW CLOSE","","LONDON","CITY OF LONDON","GREATER LONDON","A","http://landregistry.data.gov.uk/data/ppi/transaction/7E86B6FA-6FD9-458C-E053-6B04A8C0C84C/current"
"7E86B6FA-6FFD-458C-E053-6B04A8C0C84C","1180000","2018-07-16","EC1A 7BD","F","Y","L","APARTMENT 0.3","ABERNETHY HOUSE, 47","BARTHOLOMEW CLOSE","","LONDON","CITY OF LONDON","GREATER LONDON","A","http://landregistry.data.gov.uk/data/ppi/transaction/7E86B6FA-6FFD-458C-E053-6B04A8C0C84C/current"
"F3B6C197-A9D8-6E40-E053-6C04A8C0B3B4","1337500","2022-11-18","EC1A 7BD","F","N","L","APARTMENT 0.4","ABERNETHY HOUSE, 47","BARTHOLOMEW CLOSE","","LONDON","CITY OF LONDON","GREATER LONDON","A","http://landregistry.data.gov.uk/data/ppi/transaction/F3B6C197-A9D8-6E40-E053-6C04A8C0B3B4/current"
"7E86B6FA-6FFC-458C-E053-6B04A8C0C84C","1450000","2018-07-30","EC1A 7BD","F","Y","L","APARTMENT 0.4","ABERNETHY HOUSE, 47","BARTHOLOMEW CLOSE","","LONDON","CITY OF LONDON","GREATER LONDON","A","http://landregistry.data.gov.uk/data/ppi/transaction/7E86B6FA-6FFC-458C-E053-6B04A8C0C84C/current"
"7E86B6FA-6FF3-458C-E053-6B04A8C0C84C","1220000","2018-07-04","EC1A 7BD","F","Y","L","APARTMENT 1.1","ABERNETHY HOUSE, 47","BARTHOLOMEW CLOSE","","LONDON","CITY OF LONDON","GREATER LONDON","A","http://landregistry.data.gov.uk/data/ppi/transaction/7E86B6FA-6FF3-458C-E053-6B04A8C0C84C/current"
"7E86B6FA-6FE6-458C-E053-6B04A8C0C84C","824500","2018-06-18","EC1A 7BD","F","Y","L","APARTMENT 1.2","ABERNETHY HOUSE, 47","BARTHOLOMEW CLOSE","","LONDON","CITY OF LONDON","GREATER LONDON","A","http://landregistry.data.gov.uk/data/ppi/transaction/7E86B6FA-6FE6-458C-E053-6B04A8C0C84C/current"
"7E86B6FA-6FE1-458C-E053-6B04A8C0C84C","1500000","2018-07-02","EC1A 7BD","F","Y","L","APARTMENT 1.3","ABERNETHY HOUSE, 47","BARTHOLOMEW CLOSE","","LONDON","CITY OF LONDON","GREATER LONDON","B","http://landregistry.data.gov.uk/data/ppi/transaction/7E86B6FA-6FE1-458C-E053-6B04A8C0C84C/current"
"7E86B6FA-6FD5-458C-E053-6B04A8C0C84C","873000","2018-06-14","EC1A 7BD","F","Y","L","APARTMENT 1.4","ABERNETHY HOUSE, 47","BARTHOLOMEW CLOSE","","LONDON","CITY OF LONDON","GREATER LONDON","A","http://landregistry.data.gov.uk/data/ppi/transaction/7E86B6FA-6FD5-458C-E053-6B04A8C0C84C/current"
"9FF0D969-69E2-11ED-E053-6C04A8C06383","1500000","2020-02-06","EC1A 7BD","F","N","L","APARTMENT 1.5","ABERNETHY HOUSE, 47","BARTHOLOMEW CLOSE","","LONDON","CITY OF LONDON","GREATER LONDON","A","http://landregistry.data.gov.uk/data/ppi/transaction/9FF0D969-69E2-11ED-E053-6C04A8C06383/current"
"7E86B6FA-6FD7-458C-E053-6B04A8C0C84C","1575000","2018-06-04","EC1A 7BD","F","Y","L","APARTMENT 1.5","ABERNETHY HOUSE, 47","BARTHOLOMEW CLOSE","","LONDON","CITY OF LONDON","GREATER LONDON","A","http://landregistry.data.gov.uk/data/ppi/transaction/7E86B6FA-6FD7-458C-E053-6B04A8C0C84C/current"
"7E86B6FA-6FC2-458C-E053-6B04A8C0C84C","1300000","2018-05-10","EC1A 7BD","F","Y","L","APARTMENT 2.1","ABERNETHY HOUSE, 47","BARTHOLOMEW CLOSE","","LONDON","CITY OF LONDON","GREATER LONDON","A","http://landregistry.data.gov.uk/data/ppi/transaction/7E86B6FA-6FC2-458C-E053-6B04A8C0C84C/current"
"7E86B6FA-6FDC-458C-E053-6B04A8C0C84C","840000","2018-06-12","EC1A 7BD","F","Y","L","APARTMENT 2.2","ABERNETHY HOUSE, 47","BARTHOLOMEW CLOSE","","LONDON","CITY OF LONDON","GREATER LONDON","A","http://landregistry.data.gov.uk/data/ppi/transaction/7E86B6FA-6FDC-458C-E053-6B04A8C0C84C/current"
"85866A64-5DF0-143F-E053-6B04A8C06A15","2450000","2018-11-16","EC1A 7BD","F","N","L","APARTMENT 2.3","ABERNETHY HOUSE, 47","BARTHOLOMEW CLOSE","","LONDON","CITY OF LONDON","GREATER LONDON","A","http://landregistry.data.gov.uk/data/ppi/transaction/85866A64-5DF0-143F-E053-6B04A8C06A15/current"
"7E86B6FA-6FFB-458C-E053-6B04A8C0C84C","2325000","2018-06-20","EC1A 7BD","F","Y","L","APARTMENT 2.3","ABERNETHY HOUSE, 47","BARTHOLOMEW CLOSE","","LONDON","CITY OF LONDON","GREATER LONDON","A","http://landregistry.data.gov.uk/data/ppi/transaction/7E86B6FA-6FFB-458C-E053-6B04A8C0C84C/current"
"7E86B6FA-6FE7-458C-E053-6B04A8C0C84C","1600000","2018-06-19","EC1A 7BD","F","Y","L","APARTMENT 2.4","ABERNETHY HOUSE, 47","BARTHOLOMEW CLOSE","","LONDON","CITY OF LONDON","GREATER LONDON","A","http://landregistry.data.gov.uk/data/ppi/transaction/7E86B6FA-6FE7-458C-E053-6B04A8C0C84C/current"
"7E86B6FA-6FE9-458C-E053-6B04A8C0C84C","1311000","2018-06-19","EC1A 7BD","F","Y","L","APARTMENT 3.1","ABERNETHY HOUSE, 47","BARTHOLOMEW CLOSE","","LONDON","CITY OF LONDON","GREATER LONDON","A","http://landregistry.data.gov.uk/data/ppi/transaction/7E86B6FA-6FE9-458C-E053-6B04A8C0C84C/current"
"7E86B6FA-6FD1-458C-E053-6B04A8C0C84C","935000","2018-06-20","EC1A 7BD","F","Y","L","APARTMENT 3.2","ABERNETHY HOUSE, 47","BARTHOLOMEW CLOSE","","LONDON","CITY OF LONDON","GREATER LONDON","B","http://landregistry.data.gov.uk/data/ppi/transaction/7E86B6FA-6FD1-458C-E053-6B04A8C0C84C/current"
"7E86B6FA-6FE8-458C-E053-6B04A8C0C84C","1235000","2018-06-19","EC1A 7BD","F","Y","L","APARTMENT 3.3","ABERNETHY HOUSE, 47","BARTHOLOMEW CLOSE","","LONDON","CITY OF LONDON","GREATER LONDON","A","http://landregistry.data.gov.uk/data/ppi/transaction/7E86B6FA-6FE8-458C-E053-6B04A8C0C84C/current"
"7E86B6FA-6FED-458C-E053-6B04A8C0C84C","1625000","2018-07-16","EC1A 7BD","F","Y","L","APARTMENT 3.4","ABERNETHY HOUSE, 47","BARTHOLOMEW CLOSE","","LONDON","CITY OF LONDON","GREATER LONDON","A","http://landregistry.data.gov.uk/data/ppi/transaction/7E86B6FA-6FED-458C-E053-6B04A8C0C84C/current"
"7E86B6FA-6FD2-458C-E053-6B04A8C0C84C","1405000","2018-06-18","EC1A 7BD","F","Y","L","APARTMENT 4.1","ABERNETHY HOUSE, 47","BARTHOLOMEW CLOSE","","LONDON","CITY OF LONDON","GREATER LONDON","A","http://landregistry.data.gov.uk/data/ppi/transaction/7E86B6FA-6FD2-458C-E053-6B04A8C0C84C/current"
"7E86B6FA-6FDD-458C-E053-6B04A8C0C84C","950000","2018-06-11","EC1A 7BD","F","Y","L","APARTMENT 4.2","ABERNETHY HOUSE, 47","BARTHOLOMEW CLOSE","","LONDON","CITY OF LONDON","GREATER LONDON","A","http://landregistry.data.gov.uk/data/ppi/transaction/7E86B6FA-6FDD-458C-E053-6B04A8C0C84C/current"
"7E86B6FA-6FD8-458C-E053-6B04A8C0C84C","1500000","2018-06-07","EC1A 7BD","F","Y","L","APARTMENT 4.3","ABERNETHY HOUSE, 47","BARTHOLOMEW CLOSE","","LONDON","CITY OF LONDON","GREATER LONDON","A","http://landregistry.data.gov.uk/data/ppi/transaction/7E86B6FA-6FD8-458C-E053-6B04A8C0C84C/current"
"1061746D-9E38-3C34-E063-4804A8C0F9E7","990000","2023-11-30","EC1A 7BD","F","N","L","APARTMENT 4.4","ABERNETHY HOUSE, 47","BARTHOLOMEW CLOSE","","LONDON","CITY OF LONDON","GREATER LONDON","A","http://landregistry.data.gov.uk/data/ppi/transaction/1061746D-9E38-3C34-E063-4804A8C0F9E7/current"
"7E86B6FA-6FCF-458C-E053-6B04A8C0C84C","1100000","2018-06-13","EC1A 7BD","F","Y","L","APARTMENT 4.4","ABERNETHY HOUSE, 47","BARTHOLOMEW CLOSE","","LONDON","CITY OF LONDON","GREATER LONDON","A","http://landregistry.data.gov.uk/data/ppi/transaction/7E86B6FA-6FCF-458C-E053-6B04A8C0C84C/current"
"7E86B6FA-6FD3-458C-E053-6B04A8C0C84C","2800000","2018-06-18","EC1A 7BD","F","Y","L","APARTMENT 5.1","ABERNETHY HOUSE, 47","BARTHOLOMEW CLOSE","","LONDON","CITY OF LONDON","GREATER LONDON","A","http://landregistry.data.gov.uk/data/ppi/transaction/7E86B6FA-6FD3-458C-E053-6B04A8C0C84C/current"
"7C2D06FF-9FBE-4963-E053-6B04A8C07B97","1900000","2018-02-13","EC1A 7BD","F","Y","L","APARTMENT 0.1","THE ASKEW BUILDING, 50","BARTHOLOMEW CLOSE","","LONDON","CITY OF LONDON","GREATER LONDON","A","http://landregistry.data.gov.uk/data/ppi/transaction/7C2D06FF-9FBE-4963-E053-6B04A8C07B97/current"
"7C2D06FF-9FCF-4963-E053-6B04A8C07B97","850000","2018-02-13","EC1A 7BD","F","Y","L","APARTMENT 0.2","THE ASKEW BUILDING, 50","BARTHOLOMEW CLOSE","","LONDON","CITY OF LONDON","GREATER LONDON","B","http://landregistry.data.gov.uk/data/ppi/transaction/7C2D06FF-9FCF-4963-E053-6B04A8C07B97/current"
"09266DDB-7B95-AF90-E063-4704A8C02087","1480000","2022-03-31","EC1A 7BD","F","Y","L","APARTMENT 0.3","THE ASKEW BUILDING, 50","BARTHOLOMEW CLOSE","","LONDON","CITY OF LONDON","GREATER LONDON","A","http://landregistry.data.gov.uk/data/ppi/transaction/09266DDB-7B95-AF90-E063-4704A8C02087/current"
"7C2D06FF-9FC5-4963-E053-6B04A8C07B97","775000","2018-02-08","EC1A 7BD","F","Y","L","APARTMENT 0.4","THE ASKEW BUILDING, 50","BARTHOLOMEW CLOSE","","LONDON","CITY OF LONDON","GREATER LONDON","A","http://landregistry.data.gov.uk/data/ppi/transaction/7C2D06FF-9FC5-4963-E053-6B04A8C07B97/current"
"965B6D90-F675-95E4-E053-6C04A8C07729","1176500","2019-06-28","EC1A 7BD","F","Y","L","APARTMENT 0.5","THE ASKEW BUILDING, 50","BARTHOLOMEW CLOSE","","LONDON","CITY OF LONDON","GREATER LONDON","A","http://landregistry.data.gov.uk/data/ppi/transaction/965B6D90-F675-95E4-E053-6C04A8C07729/current"
"7E86B6FB-9B56-458C-E053-6B04A8C0C84C","2169250","2018-03-21","EC1A 7BD","F","Y","L","APARTMENT 1.1","THE ASKEW BUILDING, 50","BARTHOLOMEW CLOSE","","LONDON","CITY OF LONDON","GREATER LONDON","B","http://landregistry.data.gov.uk/data/ppi/transaction/7E86B6FB-9B56-458C-E053-6B04A8C0C84C/current"
"7C2D06FF-9FD6-4963-E053-6B04A8C07B97","1575000","2018-03-01","EC1A 7BD","F","Y","L","APARTMENT 1.2","THE ASKEW BUILDING, 50","BARTHOLOMEW CLOSE","","LONDON","CITY OF LONDON","GREATER LONDON","A","http://landregistry.data.gov.uk/data/ppi/transaction/7C2D06FF-9FD6-4963-E053-6B04A8C07B97/current"
"7C2D06FF-9FB8-4963-E053-6B04A8C07B97","1730000","2018-01-25","EC1A 7BD","F","Y","L","APARTMENT 1.3","THE ASKEW BUILDING, 50","BARTHOLOMEW CLOSE","","LONDON","CITY OF LONDON","GREATER LONDON","A","http://landregistry.data.gov.uk/data/ppi/transaction/7C2D06FF-9FB8-4963-E053-6B04A8C07B97/current"
"7C2D06FF-9FC7-4963-E053-6B04A8C07B97","805000","2018-02-12","EC1A 7BD","F","Y","L","APARTMENT 1.4","THE ASKEW BUILDING, 50","BARTHOLOMEW CLOSE","","LONDON","CITY OF LONDON","GREATER LONDON","A","http://landregistry.data.gov.uk/data/ppi/transaction/7C2D06FF-9FC7-4963-E053-6B04A8C07B97/current"
"7C2D0700-FB29-4963-E053-6B04A8C07B97","1392000","2018-02-14","EC1A 7BD","F","Y","L","APARTMENT 1.5","THE ASKEW BUILDING, 50","BARTHOLOMEW CLOSE","","LONDON","CITY OF LONDON","GREATER LONDON","B","http://landregistry.data.gov.uk/data/ppi/transaction/7C2D0700-FB29-4963-E053-6B04A8C07B97/current"
"49E87C31-85BE-591C-E063-4704A8C00C31","2300000","2025-03-18","EC1A 7BD","F","N","L","APARTMENT 2.1","THE ASKEW BUILDING, 50","BARTHOLOMEW CLOSE","","LONDON","CITY OF LONDON","GREATER LONDON","A","http://landregistry.data.gov.uk/data/ppi/transaction/49E87C31-85BE-591C-E063-4704A8C00C31/current"
"7C2D06FF-9FB6-4963-E053-6B04A8C07B97","2129000","2018-01-11","EC1A 7BD","F","Y","L","APARTMENT 2.1","THE ASKEW BUILDING, 50","BARTHOLOMEW CLOSE","","LONDON","CITY OF LONDON","GREATER LONDON","A","http://landregistry.data.gov.uk/data/ppi/transaction/7C2D06FF-9FB6-4963-E053-6B04A8C07B97/current"
"7C2D06FF-9FD8-4963-E053-6B04A8C07B97","1550000","2018-01-25","EC1A 7BD","F","Y","L","APARTMENT 2.2","THE ASKEW BUILDING, 50","BARTHOLOMEW CLOSE","","LONDON","CITY OF LONDON","GREATER LONDON","A","http://landregistry.data.gov.uk/data/ppi/transaction/7C2D06FF-9FD8-4963-E053-6B04A8C07B97/current"
"7C2D06FF-9FD4-4963-E053-6B04A8C07B97","1765800","2018-03-08","EC1A 7BD","F","Y","L","APARTMENT 2.3","THE ASKEW BUILDING, 50","BARTHOLOMEW CLOSE","","LONDON","CITY OF LONDON","GREATER LONDON","A","http://landregistry.data.gov.uk/data/ppi/transaction/7C2D06FF-9FD4-4963-E053-6B04A8C07B97/current"
"7C2D06FF-9FC8-4963-E053-6B04A8C07B97","756600","2018-02-12","EC1A 7BD","F","Y","L","APARTMENT 2.4","THE ASKEW BUILDING, 50","BARTHOLOMEW CLOSE","","LONDON","CITY OF LONDON","GREATER LONDON","A","http://landregistry.data.gov.uk/data/ppi/transaction/7C2D06FF-9FC8-4963-E053-6B04A8C07B97/current"
"7C2D06FF-9FC6-4963-E053-6B04A8C07B97","1265000","2018-02-09","EC1A 7BD","F","Y","L","APARTMENT 2.5","THE ASKEW BUILDING, 50","BARTHOLOMEW CLOSE","","LONDON","CITY OF LONDON","GREATER LONDON","A","http://landregistry.data.gov.uk/data/ppi/transaction/7C2D06FF-9FC6-4963-E053-6B04A8C07B97/current"
"7C2D06FF-9FC1-4963-E053-6B04A8C07B97","2139200","2018-02-08","EC1A 7BD","F","Y","L","APARTMENT 3.1","THE ASKEW BUILDING, 50","BARTHOLOMEW CLOSE","","LONDON","CITY OF LONDON","GREATER LONDON","A","http://landregistry.data.gov.uk/data/ppi/transaction/7C2D06FF-9FC1-4963-E053-6B04A8C07B97/current"
"7C2D0700-FB2B-4963-E053-6B04A8C07B97","1725000","2018-02-14","EC1A 7BD","F","Y","L","APARTMENT 3.2","THE ASKEW BUILDING, 50","BARTHOLOMEW CLOSE","","LONDON","CITY OF LONDON","GREATER LONDON","B","http://landregistry.data.gov.uk/data/ppi/transaction/7C2D0700-FB2B-4963-E053-6B04A8C07B97/current"
"7C2D06FF-9FC9-4963-E053-6B04A8C07B97","1800000","2018-02-15","EC1A 7BD","F","Y","L","APARTMENT 3.3","THE ASKEW BUILDING, 50","BARTHOLOMEW CLOSE","","LONDON","CITY OF LONDON","GREATER LONDON","A","http://landregistry.data.gov.uk/data/ppi/transaction/7C2D06FF-9FC9-4963-E053-6B04A8C07B97/current"
"7C2D06FF-9FCA-4963-E053-6B04A8C07B97","766300","2018-02-12","EC1A 7BD","F","Y","L","APARTMENT 3.4","THE ASKEW BUILDING, 50","BARTHOLOMEW CLOSE","","LONDON","CITY OF LONDON","GREATER LONDON","A","http://landregistry.data.gov.uk/data/ppi/transaction/7C2D06FF-9FCA-4963-E053-6B04A8C07B97/current"
"7C2D06FF-9FBD-4963-E053-6B04A8C07B97","1380000","2018-02-02","EC1A 7BD","F","Y","L","APARTMENT 3.5","THE ASKEW BUILDING, 50","BARTHOLOMEW CLOSE","","LONDON","CITY OF LONDON","GREATER LONDON","A","http://landregistry.data.gov.uk/data/ppi/transaction/7C2D06FF-9FBD-4963-E053-6B04A8C07B97/current"
"7C2D06FF-9FC3-4963-E053-6B04A8C07B97","2692000","2018-02-27","EC1A 7BD","F","Y","L","APARTMENT 4.1","THE ASKEW BUILDING, 50","BARTHOLOMEW CLOSE","","LONDON","CITY OF LONDON","GREATER LONDON","A","http://landregistry.data.gov.uk/data/ppi/transaction/7C2D06FF-9FC3-4963-E053-6B04A8C07B97/current"
"2859C1AB-735F-52B4-E063-4804A8C05948","2300000","2024-04-23","EC1A 7BD","F","N","L","APARTMENT 4.2","THE ASKEW BUILDING, 50","BARTHOLOMEW CLOSE","","LONDON","CITY OF LONDON","GREATER LONDON","A","http://landregistry.data.gov.uk/data/ppi/transaction/2859C1AB-735F-52B4-E063-4804A8C05948/current"
"7C2D06FF-9FBC-4963-E053-6B04A8C07B97","1850000","2018-02-09","EC1A 7BD","F","Y","L","APARTMENT 4.2","THE ASKEW BUILDING, 50","BARTHOLOMEW CLOSE","","LONDON","CITY OF LONDON","GREATER LONDON","A","http://landregistry.data.gov.uk/data/ppi/transaction/7C2D06FF-9FBC-4963-E053-6B04A8C07B97/current"
"7E86B6FA-6FBA-458C-E053-6B04A8C0C84C","738000","2018-03-28","EC1A 7BD","F","Y","L","APARTMENT 4.3","THE ASKEW BUILDING, 50","BARTHOLOMEW CLOSE","","LONDON","CITY OF LONDON","GREATER LONDON","A","http://landregistry.data.gov.uk/data/ppi/transaction/7E86B6FA-6FBA-458C-E053-6B04A8C0C84C/current"
"7C2D06FF-9FD2-4963-E053-6B04A8C07B97","1400000","2018-02-19","EC1A 7BD","F","Y","L","APARTMENT 4.4","THE ASKEW BUILDING, 50","BARTHOLOMEW CLOSE","","LONDON","CITY OF LONDON","GREATER LONDON","A","http://landregistry.data.gov.uk/data/ppi/transaction/7C2D06FF-9FD2-4963-E053-6B04A8C07B97/current"
"F3B6C197-A9BD-6E40-E053-6C04A8C0B3B4","2375000","2022-12-07","EC1A 7BD","F","N","L","APARTMENT 5.1","THE ASKEW BUILDING, 50","BARTHOLOMEW CLOSE","","LONDON","CITY OF LONDON","GREATER LONDON","A","http://landregistry.data.gov.uk/data/ppi/transaction/F3B6C197-A9BD-6E40-E053-6C04A8C0B3B4/current"
"7E86B6FA-6FB8-458C-E053-6B04A8C0C84C","2623500","2018-03-27","EC1A 7BD","F","Y","L","APARTMENT 5.1","THE ASKEW BUILDING, 50","BARTHOLOMEW CLOSE","","LONDON","CITY OF LONDON","GREATER LONDON","A","http://landregistry.data.gov.uk/data/ppi/transaction/7E86B6FA-6FB8-458C-E053-6B04A8C0C84C/current"
"7C2D06FF-9FD7-4963-E053-6B04A8C07B97","1667500","2018-03-08","EC1A 7BD","F","Y","L","APARTMENT 5.2","THE ASKEW BUILDING, 50","BARTHOLOMEW CLOSE","","LONDON","CITY OF LONDON","GREATER LONDON","A","http://landregistry.data.gov.uk/data/ppi/transaction/7C2D06FF-9FD7-4963-E053-6B04A8C07B97/current"
"2131FCF5-A831-86E8-E063-4804A8C0372B","1770000","2023-08-10","EC1A 7BD","F","N","L","APARTMENT 5.3","THE ASKEW BUILDING, 50","BARTHOLOMEW CLOSE","","LONDON","CITY OF LONDON","GREATER LONDON","A","http://landregistry.data.gov.uk/data/ppi/transaction/2131FCF5-A831-86E8-E063-4804A8C0372B/current"
"7C2D06FF-9FA8-4963-E053-6B04A8C07B97","1825000","2016-12-20","EC1A 7BD","F","Y","L","APARTMENT 5.3","THE ASKEW BUILDING, 50","BARTHOLOMEW CLOSE","","LONDON","CITY OF LONDON","GREATER LONDON","A","http://landregistry.data.gov.uk/data/ppi/transaction/7C2D06FF-9FA8-4963-E053-6B04A8C07B97/current"
"EC7AD09A-8BDF-9200-E053-6C04A8C0E306","16500000","2022-06-14","EC1A 7BF","O","N","F","","55","BARTHOLOMEW CLOSE","","LONDON","CITY OF LONDON","GREATER LONDON","B","http://landregistry.data.gov.uk/data/ppi/transaction/EC7AD09A-8BDF-9200-E053-6C04A8C0E306/current"
"4777E0AF-7692-5D59-E063-4804A8C09F8E","1750000","2025-02-21","EC1A 7BF","F","N","L","APARTMENT 0.1","DOMINION HOUSE, 59","BARTHOLOMEW CLOSE","","LONDON","CITY OF LONDON","GREATER LONDON","B","http://landregistry.data.gov.uk/data/ppi/transaction/4777E0AF-7692-5D59-E063-4804A8C09F8E/current"
"80E1AA97-A86A-7BF8-E053-6C04A8C00BF2","1387000","2018-09-20","EC1A 7BF","F","Y","L","APARTMENT 0.1","DOMINION HOUSE, 59","BARTHOLOMEW CLOSE","","LONDON","CITY OF LONDON","GREATER LONDON","A","http://landregistry.data.gov.uk/data/ppi/transaction/80E1AA97-A86A-7BF8-E053-6C04A8C00BF2/current"
"9DBAD221-4E4D-6EB3-E053-6B04A8C0F257","1550000","2019-11-05","EC1A 7BF","F","N","L","APARTMENT 0.2","DOMINION HOUSE, 59","BARTHOLOMEW CLOSE","","LONDON","CITY OF LONDON","GREATER LONDON","A","http://landregistry.data.gov.uk/data/ppi/transaction/9DBAD221-4E4D-6EB3-E053-6B04A8C0F257/current"
"80E1AA97-A7F8-7BF8-E053-6C04A8C00BF2","1300000","2018-09-21","EC1A 7BF","F","Y","L","APARTMENT 0.3","DOMINION HOUSE, 59","BARTHOLOMEW CLOSE","","LONDON","CITY OF LONDON","GREATER LONDON","A","http://landregistry.data.gov.uk/data/ppi/transaction/80E1AA97-A7F8-7BF8-E053-6C04A8C00BF2/current"
"80E1AA97-A779-7BF8-E053-6C04A8C00BF2","1500000","2018-08-21","EC1A 7BF","F","Y","L","APARTMENT 1.1","DOMINION HOUSE, 59","BARTHOLOMEW CLOSE","","LONDON","CITY OF LONDON","GREATER LONDON","A","http://landregistry.data.gov.uk/data/ppi/transaction/80E1AA97-A779-7BF8-E053-6C04A8C00BF2/current"
"1061746D-9E5D-3C34-E063-4804A8C0F9E7","1100000","2023-09-28","EC1A 7BF","F","N","L","APARTMENT 1.2","DOMINION HOUSE, 59","BARTHOLOMEW CLOSE","","LONDON","CITY OF LONDON","GREATER LONDON","A","http://landregistry.data.gov.uk/data/ppi/transaction/1061746D-9E5D-3C34-E063-4804A8C0F9E7/current"
"8355F008-A52D-55C5-E053-6B04A8C0D090","1320000","2018-10-11","EC1A 7BF","F","N","L","APARTMENT 1.2","DOMINION HOUSE, 59","BARTHOLOMEW CLOSE","","LONDON","CITY OF LONDON","GREATER LONDON","A","http://landregistry.data.gov.uk/data/ppi/transaction/8355F008-A52D-55C5-E053-6B04A8C0D090/current"
"80E1AA97-A7E0-7BF8-E053-6C04A8C00BF2","776000","2018-09-07","EC1A 7BF","F","Y","L","APARTMENT 1.3","DOMINION HOUSE, 59","BARTHOLOMEW CLOSE","","LONDON","CITY OF LONDON","GREATER LONDON","A","http://landregistry.data.gov.uk/data/ppi/transaction/80E1AA97-A7E0-7BF8-E053-6C04A8C00BF2/current"
"80E1AA97-A7FB-7BF8-E053-6C04A8C00BF2","860000","2018-09-03","EC1A 7BF","F","Y","L","APARTMENT 1.4","DOMINION HOUSE, 59","BARTHOLOMEW CLOSE","","LONDON","CITY OF LONDON","GREATER LONDON","A","http://landregistry.data.gov.uk/data/ppi/transaction/80E1AA97-A7FB-7BF8-E053-6C04A8C00BF2/current"
"5340B1C5-16A5-8052-E063-4804A8C06EE4","1690000","2025-10-20","EC1A 7BF","F","N","L","APARTMENT 1.5","DOMINION HOUSE, 59","BARTHOLOMEW CLOSE","","LONDON","CITY OF LONDON","GREATER LONDON","A","http://landregistry.data.gov.uk/data/ppi/transaction/5340B1C5-16A5-8052-E063-4804A8C06EE4/current"
"80E1AA97-A7E1-7BF8-E053-6C04A8C00BF2","1708461","2018-09-11","EC1A 7BF","F","Y","L","APARTMENT 1.5","DOMINION HOUSE, 59","BARTHOLOMEW CLOSE","","LONDON","CITY OF LONDON","GREATER LONDON","A","http://landregistry.data.gov.uk/data/ppi/transaction/80E1AA97-A7E1-7BF8-E053-6C04A8C00BF2/current"
"80E1AA97-A808-7BF8-E053-6C04A8C00BF2","1498000","2018-09-20","EC1A 7BF","F","Y","L","APARTMENT 1.6","DOMINION HOUSE, 59","BARTHOLOMEW CLOSE","","LONDON","CITY OF LONDON","GREATER LONDON","A","http://landregistry.data.gov.uk/data/ppi/transaction/80E1AA97-A808-7BF8-E053-6C04A8C00BF2/current"
"80E1AA97-A884-7BF8-E053-6C04A8C00BF2","840000","2018-10-01","EC1A 7BF","F","Y","L","APARTMENT 1.7","DOMINION HOUSE, 59","BARTHOLOMEW CLOSE","","LONDON","CITY OF LONDON","GREATER LONDON","B","http://landregistry.data.gov.uk/data/ppi/transaction/80E1AA97-A884-7BF8-E053-6C04A8C00BF2/current"
"80E1AA97-A77E-7BF8-E053-6C04A8C00BF2","1500000","2018-08-24","EC1A 7BF","F","Y","L","APARTMENT 2.1","DOMINION HOUSE, 59","BARTHOLOMEW CLOSE","","LONDON","CITY OF LONDON","GREATER LONDON","A","http://landregistry.data.gov.uk/data/ppi/transaction/80E1AA97-A77E-7BF8-E053-6C04A8C00BF2/current"
"8355F008-A4C4-55C5-E053-6B04A8C0D090","1330000","2018-10-01","EC1A 7BF","F","N","L","APARTMENT 2.2","DOMINION HOUSE, 59","BARTHOLOMEW CLOSE","","LONDON","CITY OF LONDON","GREATER LONDON","A","http://landregistry.data.gov.uk/data/ppi/transaction/8355F008-A4C4-55C5-E053-6B04A8C0D090/current"
"80E1AA97-A83F-7BF8-E053-6C04A8C00BF2","798000","2018-09-17","EC1A 7BF","F","Y","L","APARTMENT 2.3","DOMINION HOUSE, 59","BARTHOLOMEW CLOSE","","LONDON","CITY OF LONDON","GREATER LONDON","A","http://landregistry.data.gov.uk/data/ppi/transaction/80E1AA97-A83F-7BF8-E053-6C04A8C00BF2/current"
"80E1AA97-A7AB-7BF8-E053-6C04A8C00BF2","875000","2018-08-31","EC1A 7BF","F","Y","L","APARTMENT 2.4","DOMINION HOUSE, 59","BARTHOLOMEW CLOSE","","LONDON","CITY OF LONDON","GREATER LONDON","B","http://landregistry.data.gov.uk/data/ppi/transaction/80E1AA97-A7AB-7BF8-E053-6C04A8C00BF2/current"
"80E1AA97-A81E-7BF8-E053-6C04A8C00BF2","1680000","2018-09-03","EC1A 7BF","F","Y","L","APARTMENT 2.5","DOMINION HOUSE, 59","BARTHOLOMEW CLOSE","","LONDON","CITY OF LONDON","GREATER LONDON","A","http://landregistry.data.gov.uk/data/ppi/transaction/80E1AA97-A81E-7BF8-E053-6C04A8C00BF2/current"
"80E1AA97-A853-7BF8-E053-6C04A8C00BF2","1480000","2018-09-17","EC1A 7BF","F","Y","L","APARTMENT 2.6","DOMINION HOUSE, 59","BARTHOLOMEW CLOSE","","LONDON","CITY OF LONDON","GREATER LONDON","A","http://landregistry.data.gov.uk/data/ppi/transaction/80E1AA97-A853-7BF8-E053-6C04A8C00BF2/current"
"80E1AA97-A885-7BF8-E053-6C04A8C00BF2","850000","2018-10-01","EC1A 7BF","F","Y","L","APARTMENT 2.7","DOMINION HOUSE, 59","BARTHOLOMEW CLOSE","","LONDON","CITY OF LONDON","GREATER LONDON","B","http://landregistry.data.gov.uk/data/ppi/transaction/80E1AA97-A885-7BF8-E053-6C04A8C00BF2/current"
"1EAE3DF6-2273-9EB1-E063-4704A8C09D02","1575000","2024-06-27","EC1A 7BF","F","N","L","APARTMENT 3.1","DOMINION HOUSE, 59","BARTHOLOMEW CLOSE","","LONDON","CITY OF LONDON","GREATER LONDON","A","http://landregistry.data.gov.uk/data/ppi/transaction/1EAE3DF6-2273-9EB1-E063-4704A8C09D02/current"
"80E1AA97-A854-7BF8-E053-6C04A8C00BF2","1550000","2018-09-17","EC1A 7BF","F","Y","L","APARTMENT 3.1","DOMINION HOUSE, 59","BARTHOLOMEW CLOSE","","LONDON","CITY OF LONDON","GREATER LONDON","A","http://landregistry.data.gov.uk/data/ppi/transaction/80E1AA97-A854-7BF8-E053-6C04A8C00BF2/current"
"80E1AA97-A7F7-7BF8-E053-6C04A8C00BF2","1339500","2018-09-17","EC1A 7BF","F","Y","L","APARTMENT 3.2","DOMINION HOUSE, 59","BARTHOLOMEW CLOSE","","LONDON","CITY OF LONDON","GREATER LONDON","A","http://landregistry.data.gov.uk/data/ppi/transaction/80E1AA97-A7F7-7BF8-E053-6C04A8C00BF2/current"
"80E1AA97-A81D-7BF8-E053-6C04A8C00BF2","786000","2018-08-31","EC1A 7BF","F","Y","L","APARTMENT 3.3","DOMINION HOUSE, 59","BARTHOLOMEW CLOSE","","LONDON","CITY OF LONDON","GREATER LONDON","A","http://landregistry.data.gov.uk/data/ppi/transaction/80E1AA97-A81D-7BF8-E053-6C04A8C00BF2/current"
"80E1AA97-A8B9-7BF8-E053-6C04A8C00BF2","870000","2018-10-24","EC1A 7BF","F","Y","L","APARTMENT 3.4","DOMINION HOUSE, 59","BARTHOLOMEW CLOSE","","LONDON","CITY OF LONDON","GREATER LONDON","A","http://landregistry.data.gov.uk/data/ppi/transaction/80E1AA97-A8B9-7BF8-E053-6C04A8C00BF2/current"
"80E1AA97-A829-7BF8-E053-6C04A8C00BF2","1569800","2018-09-10","EC1A 7BF","F","Y","L","APARTMENT 3.5","DOMINION HOUSE, 59","BARTHOLOMEW CLOSE","","LONDON","CITY OF LONDON","GREATER LONDON","A","http://landregistry.data.gov.uk/data/ppi/transaction/80E1AA97-A829-7BF8-E053-6C04A8C00BF2/current"
"80E1AA97-A778-7BF8-E053-6C04A8C00BF2","1478925","2018-08-16","EC1A 7BF","F","Y","L","APARTMENT 3.6","DOMINION HOUSE, 59","BARTHOLOMEW CLOSE","","LONDON","CITY OF LONDON","GREATER LONDON","A","http://landregistry.data.gov.uk/data/ppi/transaction/80E1AA97-A778-7BF8-E053-6C04A8C00BF2/current"
"80E1AA97-A81A-7BF8-E053-6C04A8C00BF2","826500","2018-08-16","EC1A 7BF","F","Y","L","APARTMENT 3.7","DOMINION HOUSE, 59","BARTHOLOMEW CLOSE","","LONDON","CITY OF LONDON","GREATER LONDON","A","http://landregistry.data.gov.uk/data/ppi/transaction/80E1AA97-A81A-7BF8-E053-6C04A8C00BF2/current"
"80E1AA97-A7FA-7BF8-E053-6C04A8C00BF2","1575000","2018-09-18","EC1A 7BF","F","Y","L","APARTMENT 4.1","DOMINION HOUSE, 59","BARTHOLOMEW CLOSE","","LONDON","CITY OF LONDON","GREATER LONDON","A","http://landregistry.data.gov.uk/data/ppi/transaction/80E1AA97-A7FA-7BF8-E053-6C04A8C00BF2/current"
"8355F008-A441-55C5-E053-6B04A8C0D090","955000","2018-08-30","EC1A 7BF","F","N","L","APARTMENT 4.2","DOMINION HOUSE, 59","BARTHOLOMEW CLOSE","","LONDON","CITY OF LONDON","GREATER LONDON","A","http://landregistry.data.gov.uk/data/ppi/transaction/8355F008-A441-55C5-E053-6B04A8C0D090/current"
"80E1AA97-A81B-7BF8-E053-6C04A8C00BF2","1438000","2018-09-03","EC1A 7BF","F","Y","L","APARTMENT 4.3","DOMINION HOUSE, 59","BARTHOLOMEW CLOSE","","LONDON","CITY OF LONDON","GREATER LONDON","A","http://landregistry.data.gov.uk/data/ppi/transaction/80E1AA97-A81B-7BF8-E053-6C04A8C00BF2/current"
"F3B6C197-A9EE-6E40-E053-6C04A8C0B3B4","1597500","2022-09-28","EC1A 7BF","F","N","L","APARTMENT 4.4","DOMINION HOUSE, 59","BARTHOLOMEW CLOSE","","LONDON","CITY OF LONDON","GREATER LONDON","A","http://landregistry.data.gov.uk/data/ppi/transaction/F3B6C197-A9EE-6E40-E053-6C04A8C0B3B4/current"
"80E1AA97-A8C9-7BF8-E053-6C04A8C00BF2","1715000","2018-10-11","EC1A 7BF","F","Y","L","APARTMENT 4.4","DOMINION HOUSE, 59","BARTHOLOMEW CLOSE","","LONDON","CITY OF LONDON","GREATER LONDON","A","http://landregistry.data.gov.uk/data/ppi/transaction/80E1AA97-A8C9-7BF8-E053-6C04A8C00BF2/current"
"FD226035-7A45-4CB7-E053-4804A8C00430","1500000","2022-11-22","EC1A 7BF","F","N","L","APARTMENT 4.5","DOMINION HOUSE, 59","BARTHOLOMEW CLOSE","","LONDON","CITY OF LONDON","GREATER LONDON","A","http://landregistry.data.gov.uk/data/ppi/transaction/FD226035-7A45-4CB7-E053-4804A8C00430/current"
"80E1AA97-A81F-7BF8-E053-6C04A8C00BF2","1590000","2018-09-03","EC1A 7BF","F","Y","L","APARTMENT 4.5","DOMINION HOUSE, 59","BARTHOLOMEW CLOSE","","LONDON","CITY OF LONDON","GREATER LONDON","A","http://landregistry.data.gov.uk/data/ppi/transaction/80E1AA97-A81F-7BF8-E053-6C04A8C00BF2/current"
"85866A64-5F0F-143F-E053-6B04A8C06A15","915000","2018-09-11","EC1A 7BF","F","Y","L","APARTMENT 4.6","DOMINION HOUSE, 59","BARTHOLOMEW CLOSE","","LONDON","CITY OF LONDON","GREATER LONDON","A","http://landregistry.data.gov.uk/data/ppi/transaction/85866A64-5F0F-143F-E053-6B04A8C06A15/current"
"80E1AA97-A820-7BF8-E053-6C04A8C00BF2","2650000","2018-09-04","EC1A 7BF","F","Y","L","APARTMENT 5.1","DOMINION HOUSE, 59","BARTHOLOMEW CLOSE","","LONDON","CITY OF LONDON","GREATER LONDON","A","http://landregistry.data.gov.uk/data/ppi/transaction/80E1AA97-A820-7BF8-E053-6C04A8C00BF2/current"
"0B85394F-8C40-69A5-E063-4704A8C07DAC","3200000","2023-09-19","EC1A 7BF","F","N","L","APARTMENT 5.2","DOMINION HOUSE, 59","BARTHOLOMEW CLOSE","","LONDON","CITY OF LONDON","GREATER LONDON","A","http://landregistry.data.gov.uk/data/ppi/transaction/0B85394F-8C40-69A5-E063-4704A8C07DAC/current"
"80E1AA97-A828-7BF8-E053-6C04A8C00BF2","3280000","2018-09-11","EC1A 7BF","F","Y","L","APARTMENT 5.2","DOMINION HOUSE, 59","BARTHOLOMEW CLOSE","","LONDON","CITY OF LONDON","GREATER LONDON","A","http://landregistry.data.gov.uk/data/ppi/transaction/80E1AA97-A828-7BF8-E053-6C04A8C00BF2/current"
"4777E0AE-483B-5D59-E063-4804A8C09F8E","1230000","2025-11-20","EC1A 7BF","F","N","L","APARTMENT 1.1","HOGARTH HOUSE, 61","BARTHOLOMEW CLOSE","","LONDON","CITY OF LONDON","GREATER LONDON","A","http://landregistry.data.gov.uk/data/ppi/transaction/4777E0AE-483B-5D59-E063-4804A8C09F8E/current"
"80E1AA97-AABA-7BF8-E053-6C04A8C00BF2","1375000","2019-01-10","EC1A 7BF","F","Y","L","APARTMENT 1.1","HOGARTH HOUSE, 61","BARTHOLOMEW CLOSE","","LONDON","CITY OF LONDON","GREATER LONDON","A","http://landregistry.data.gov.uk/data/ppi/transaction/80E1AA97-AABA-7BF8-E053-6C04A8C00BF2/current"
"80E1AA97-A87C-7BF8-E053-6C04A8C00BF2","880000","2018-11-01","EC1A 7BF","F","Y","L","APARTMENT 1.2","HOGARTH HOUSE, 61","BARTHOLOMEW CLOSE","","LONDON","CITY OF LONDON","GREATER LONDON","A","http://landregistry.data.gov.uk/data/ppi/transaction/80E1AA97-A87C-7BF8-E053-6C04A8C00BF2/current"
"80E1AA97-A8B3-7BF8-E053-6C04A8C00BF2","1999000","2018-10-30","EC1A 7BF","F","Y","L","APARTMENT 1.3","HOGARTH HOUSE, 61","BARTHOLOMEW CLOSE","","LONDON","CITY OF LONDON","GREATER LONDON","A","http://landregistry.data.gov.uk/data/ppi/transaction/80E1AA97-A8B3-7BF8-E053-6C04A8C00BF2/current"
"80E1AA97-A8FC-7BF8-E053-6C04A8C00BF2","1400000","2018-10-30","EC1A 7BF","F","Y","L","APARTMENT 2.1","HOGARTH HOUSE, 61","BARTHOLOMEW CLOSE","","LONDON","CITY OF LONDON","GREATER LONDON","A","http://landregistry.data.gov.uk/data/ppi/transaction/80E1AA97-A8FC-7BF8-E053-6C04A8C00BF2/current"
"93E6821D-E76A-40FD-E053-6B04A8C0C1DF","883000","2019-06-27","EC1A 7BF","F","Y","L","APARTMENT 2.2","HOGARTH HOUSE, 61","BARTHOLOMEW CLOSE","","LONDON","CITY OF LONDON","GREATER LONDON","A","http://landregistry.data.gov.uk/data/ppi/transaction/93E6821D-E76A-40FD-E053-6B04A8C0C1DF/current"
"FD226035-7C23-4CB7-E053-4804A8C00430","3715000","2020-08-21","EC1A 7BF","F","Y","L","APARTMENT 2.3","HOGARTH HOUSE, 61","BARTHOLOMEW CLOSE","","LONDON","CITY OF LONDON","GREATER LONDON","A","http://landregistry.data.gov.uk/data/ppi/transaction/FD226035-7C23-4CB7-E053-4804A8C00430/current"
"8355F008-A5B7-55C5-E053-6B04A8C0D090","1425000","2019-01-10","EC1A 7BF","F","Y","L","APARTMENT 3.1","HOGARTH HOUSE, 61","BARTHOLOMEW CLOSE","","LONDON","CITY OF LONDON","GREATER LONDON","A","http://landregistry.data.gov.uk/data/ppi/transaction/8355F008-A5B7-55C5-E053-6B04A8C0D090/current"
"8355F008-A52E-55C5-E053-6B04A8C0D090","990000","2018-11-15","EC1A 7BF","F","Y","L","APARTMENT 4.1","HOGARTH HOUSE, 61","BARTHOLOMEW CLOSE","","LONDON","CITY OF LONDON","GREATER LONDON","A","http://landregistry.data.gov.uk/data/ppi/transaction/8355F008-A52E-55C5-E053-6B04A8C0D090/current"
"0B85394F-8CE3-69A5-E063-4704A8C07DAC","1450000","2021-11-04","EC1A 7BF","F","Y","L","APARTMENT 1.1","PERCIVALL HOUSE, 64","BARTHOLOMEW CLOSE","","LONDON","CITY OF LONDON","GREATER LONDON","A","http://landregistry.data.gov.uk/data/ppi/transaction/0B85394F-8CE3-69A5-E063-4704A8C07DAC/current"
"DE2D0CDF-44DF-51EE-E053-6C04A8C00671","1845000","2020-09-29","EC1A 7BF","F","Y","L","APARTMENT 1.2","PERCIVALL HOUSE, 64","BARTHOLOMEW CLOSE","","LONDON","CITY OF LONDON","GREATER LONDON","A","http://landregistry.data.gov.uk/data/ppi/transaction/DE2D0CDF-44DF-51EE-E053-6C04A8C00671/current"
"D4D42645-2F3E-27F6-E053-6C04A8C0A572","897000","2020-06-23","EC1A 7BF","F","Y","L","APARTMENT 1.3","PERCIVALL HOUSE, 64","BARTHOLOMEW CLOSE","","LONDON","CITY OF LONDON","GREATER LONDON","A","http://landregistry.data.gov.uk/data/ppi/transaction/D4D42645-2F3E-27F6-E053-6C04A8C0A572/current"
"C3C3F9B5-51A3-362B-E053-6B04A8C03ACC","840000","2020-04-03","EC1A 7BF","F","Y","L","APARTMENT 1.4","PERCIVALL HOUSE, 64","BARTHOLOMEW CLOSE","","LONDON","CITY OF LONDON","GREATER LONDON","A","http://landregistry.data.gov.uk/data/ppi/transaction/C3C3F9B5-51A3-362B-E053-6B04A8C03ACC/current"
"2D4D7608-917A-BDF9-E063-4804A8C0672F","1625000","2024-09-12","EC1A 7BF","F","N","L","APARTMENT 2.1","PERCIVALL HOUSE, 64","BARTHOLOMEW CLOSE","","LONDON","CITY OF LONDON","GREATER LONDON","A","http://landregistry.data.gov.uk/data/ppi/transaction/2D4D7608-917A-BDF9-E063-4804A8C0672F/current"
"E073986A-C097-2134-E053-6C04A8C0233B","1500000","2021-06-14","EC1A 7BF","F","Y","L","APARTMENT 2.1","PERCIVALL HOUSE, 64","BARTHOLOMEW CLOSE","","LONDON","CITY OF LONDON","GREATER LONDON","A","http://landregistry.data.gov.uk/data/ppi/transaction/E073986A-C097-2134-E053-6C04A8C0233B/current"
"BEF7EBBE-843F-7A76-E053-6B04A8C092F7","1950000","2020-03-30","EC1A 7BF","F","Y","L","APARTMENT 2.2","PERCIVALL HOUSE, 64","BARTHOLOMEW CLOSE","","LONDON","CITY OF LONDON","GREATER LONDON","A","http://landregistry.data.gov.uk/data/ppi/transaction/BEF7EBBE-843F-7A76-E053-6B04A8C092F7/current"
"D707E534-B7EB-0AD9-E053-6B04A8C067CC","1540000","2020-04-07","EC1A 7BF","F","Y","L","APARTMENT 2.3","PERCIVALL HOUSE, 64","BARTHOLOMEW CLOSE","","LONDON","CITY OF LONDON","GREATER LONDON","A","http://landregistry.data.gov.uk/data/ppi/transaction/D707E534-B7EB-0AD9-E053-6B04A8C067CC/current"
"C3C3F9B5-51A5-362B-E053-6B04A8C03ACC","855000","2020-04-02","EC1A 7BF","F","Y","L","APARTMENT 2.4","PERCIVALL HOUSE, 64","BARTHOLOMEW CLOSE","","LONDON","CITY OF LONDON","GREATER LONDON","A","http://landregistry.data.gov.uk/data/ppi/transaction/C3C3F9B5-51A5-362B-E053-6B04A8C03ACC/current"
"E073986A-C0A2-2134-E053-6C04A8C0233B","1510000","2021-06-21","EC1A 7BF","F","Y","L","APARTMENT 3.1","PERCIVALL HOUSE, 64","BARTHOLOMEW CLOSE","","LONDON","CITY OF LONDON","GREATER LONDON","A","http://landregistry.data.gov.uk/data/ppi/transaction/E073986A-C0A2-2134-E053-6C04A8C0233B/current"
"C3C3F9B5-51A6-362B-E053-6B04A8C03ACC","1982000","2020-04-01","EC1A 7BF","F","Y","L","APARTMENT 3.2","PERCIVALL HOUSE, 64","BARTHOLOMEW CLOSE","","LONDON","CITY OF LONDON","GREATER LONDON","A","http://landregistry.data.gov.uk/data/ppi/transaction/C3C3F9B5-51A6-362B-E053-6B04A8C03ACC/current"
"DE2D0CDF-44D2-51EE-E053-6C04A8C00671","1518900","2020-09-01","EC1A 7BF","F","Y","L","APARTMENT 3.3","PERCIVALL HOUSE, 64","BARTHOLOMEW CLOSE","","LONDON","CITY OF LONDON","GREATER LONDON","A","http://landregistry.data.gov.uk/data/ppi/transaction/DE2D0CDF-44D2-51EE-E053-6C04A8C00671/current"
"C3C3F9B5-51A7-362B-E053-6B04A8C03ACC","859500","2020-04-02","EC1A 7BF","F","Y","L","APARTMENT 3.4","PERCIVALL HOUSE, 64","BARTHOLOMEW CLOSE","","LONDON","CITY OF LONDON","GREATER LONDON","A","http://landregistry.data.gov.uk/data/ppi/transaction/C3C3F9B5-51A7-362B-E053-6B04A8C03ACC/current"
"D707E534-B80E-0AD9-E053-6B04A8C067CC","1505000","2020-08-12","EC1A 7BF","F","Y","L","APARTMENT 4.1","PERCIVALL HOUSE, 64","BARTHOLOMEW CLOSE","","LONDON","CITY OF LONDON","GREATER LONDON","A","http://landregistry.data.gov.uk/data/ppi/transaction/D707E534-B80E-0AD9-E053-6B04A8C067CC/current"
"D4D42645-2F34-27F6-E053-6C04A8C0A572","2155000","2020-04-03","EC1A 7BF","F","Y","L","APARTMENT 4.2","PERCIVALL HOUSE, 64","BARTHOLOMEW CLOSE","","LONDON","CITY OF LONDON","GREATER LONDON","A","http://landregistry.data.gov.uk/data/ppi/transaction/D4D42645-2F34-27F6-E053-6C04A8C0A572/current"
"C3C3F9B5-51A9-362B-E053-6B04A8C03ACC","1533350","2020-04-01","EC1A 7BF","F","Y","L","APARTMENT 4.3","PERCIVALL HOUSE, 64","BARTHOLOMEW CLOSE","","LONDON","CITY OF LONDON","GREATER LONDON","A","http://landregistry.data.gov.uk/data/ppi/transaction/C3C3F9B5-51A9-362B-E053-6B04A8C03ACC/current"
"44F406B6-136B-1095-E063-4704A8C048D4","790000","2023-11-03","EC1A 7BF","F","N","L","APARTMENT 4.4","PERCIVALL HOUSE, 64","BARTHOLOMEW CLOSE","","LONDON","CITY OF LONDON","GREATER LONDON","A","http://landregistry.data.gov.uk/data/ppi/transaction/44F406B6-136B-1095-E063-4704A8C048D4/current"
"C3C3F9B5-51AD-362B-E053-6B04A8C03ACC","890000","2020-04-17","EC1A 7BF","F","Y","L","APARTMENT 4.4","PERCIVALL HOUSE, 64","BARTHOLOMEW CLOSE","","LONDON","CITY OF LONDON","GREATER LONDON","A","http://landregistry.data.gov.uk/data/ppi/transaction/C3C3F9B5-51AD-362B-E053-6B04A8C03ACC/current"
"BEF7EBBE-843D-7A76-E053-6B04A8C092F7","1655000","2020-03-30","EC1A 7BF","F","Y","L","APARTMENT 5.1","PERCIVALL HOUSE, 64","BARTHOLOMEW CLOSE","","LONDON","CITY OF LONDON","GREATER LONDON","A","http://landregistry.data.gov.uk/data/ppi/transaction/BEF7EBBE-843D-7A76-E053-6B04A8C092F7/current"
"D4D42645-2F30-27F6-E053-6C04A8C0A572","2140000","2020-03-30","EC1A 7BF","F","Y","L","APARTMENT 5.2","PERCIVALL HOUSE, 64","BARTHOLOMEW CLOSE","","LONDON","CITY OF LONDON","GREATER LONDON","A","http://landregistry.data.gov.uk/data/ppi/transaction/D4D42645-2F30-27F6-E053-6C04A8C0A572/current"
"BA558B32-1DE7-76EF-E053-6B04A8C0B4B7","1624500","2020-04-02","EC1A 7BF","F","Y","L","APARTMENT 5.3","PERCIVALL HOUSE, 64","BARTHOLOMEW CLOSE","","LONDON","CITY OF LONDON","GREATER LONDON","A","http://landregistry.data.gov.uk/data/ppi/transaction/BA558B32-1DE7-76EF-E053-6B04A8C0B4B7/current"
"C3C3F9B5-51AB-362B-E053-6B04A8C03ACC","883500","2020-04-17","EC1A 7BF","F","Y","L","APARTMENT 5.4","PERCIVALL HOUSE, 64","BARTHOLOMEW CLOSE","","LONDON","CITY OF LONDON","GREATER LONDON","A","http://landregistry.data.gov.uk/data/ppi/transaction/C3C3F9B5-51AB-362B-E053-6B04A8C03ACC/current"
"D4D42645-2F32-27F6-E053-6C04A8C0A572","2615000","2020-04-24","EC1A 7BF","F","Y","L","APARTMENT 6.1","PERCIVALL HOUSE, 64","BARTHOLOMEW CLOSE","","LONDON","CITY OF LONDON","GREATER LONDON","A","http://landregistry.data.gov.uk/data/ppi/transaction/D4D42645-2F32-27F6-E053-6C04A8C0A572/current"
"C3C3F9B5-51AC-362B-E053-6B04A8C03ACC","2765000","2020-04-17","EC1A 7BF","F","Y","L","APARTMENT 6.2","PERCIVALL HOUSE, 64","BARTHOLOMEW CLOSE","","LONDON","CITY OF LONDON","GREATER LONDON","A","http://landregistry.data.gov.uk/data/ppi/transaction/C3C3F9B5-51AC-362B-E053-6B04A8C03ACC/current"
"D707E534-B803-0AD9-E053-6B04A8C067CC","4227500","2020-07-29","EC1A 7BF","F","Y","L","APARTMENT 7.1","PERCIVALL HOUSE, 64","BARTHOLOMEW CLOSE","","LONDON","CITY OF LONDON","GREATER LONDON","A","http://landregistry.data.gov.uk/data/ppi/transaction/D707E534-B803-0AD9-E053-6B04A8C067CC/current"
"DE2D0CDF-44E1-51EE-E053-6C04A8C00671","1800000","2020-10-15","EC1A 7BG","F","Y","L","","1","MIDDLESEX PASSAGE","","LONDON","CITY OF LONDON","GREATER LONDON","A","http://landregistry.data.gov.uk/data/ppi/transaction/DE2D0CDF-44E1-51EE-E053-6C04A8C00671/current"
"DE2D0CE0-7721-51EE-E053-6C04A8C00671","1713000","2020-08-28","EC1A 7BG","F","Y","L","","2","MIDDLESEX PASSAGE","","LONDON","CITY OF LONDON","GREATER LONDON","B","http://landregistry.data.gov.uk/data/ppi/transaction/DE2D0CE0-7721-51EE-E053-6C04A8C00671/current"
"80E1AA97-AA1E-7BF8-E053-6C04A8C00BF2","2280000","2018-11-16","EC1A 7BG","F","Y","L","","3","MIDDLESEX PASSAGE","","LONDON","CITY OF LONDON","GREATER LONDON","A","http://landregistry.data.gov.uk/data/ppi/transaction/80E1AA97-AA1E-7BF8-E053-6C04A8C00BF2/current"
"152AB734-67A6-E651-E063-4704A8C061D9","500000","2017-09-20","EC1A 7BH","O","N","L","","53","LITTLE BRITAIN","","LONDON","CITY OF LONDON","GREATER LONDON","B","http://landregistry.data.gov.uk/data/ppi/transaction/152AB734-67A6-E651-E063-4704A8C061D9/current"
"BEF7EBBE-8414-7A76-E053-6B04A8C092F7","895000","2019-12-02","EC1A 7BN","F","N","L","APARTMENT 1.1","FENWICK HOUSE, 84","BARTHOLOMEW CLOSE","","LONDON","CITY OF LONDON","GREATER LONDON","A","http://landregistry.data.gov.uk/data/ppi/transaction/BEF7EBBE-8414-7A76-E053-6B04A8C092F7/current"
"BEF7EBBE-8415-7A76-E053-6B04A8C092F7","885000","2019-12-02","EC1A 7BN","F","N","L","APARTMENT 1.2","FENWICK HOUSE, 84","BARTHOLOMEW CLOSE","","LONDON","CITY OF LONDON","GREATER LONDON","A","http://landregistry.data.gov.uk/data/ppi/transaction/BEF7EBBE-8415-7A76-E053-6B04A8C092F7/current"
"9FF0D969-6B01-11ED-E053-6C04A8C06383","731500","2019-12-02","EC1A 7BN","F","Y","L","APARTMENT 1.3","FENWICK HOUSE, 84","BARTHOLOMEW CLOSE","","LONDON","CITY OF LONDON","GREATER LONDON","A","http://landregistry.data.gov.uk/data/ppi/transaction/9FF0D969-6B01-11ED-E053-6C04A8C06383/current"
"FFA361DA-7E29-8A03-E053-4804A8C01F61","846300","2021-06-29","EC1A 7BN","F","N","L","APARTMENT 2.1","FENWICK HOUSE, 84","BARTHOLOMEW CLOSE","","LONDON","CITY OF LONDON","GREATER LONDON","A","http://landregistry.data.gov.uk/data/ppi/transaction/FFA361DA-7E29-8A03-E053-4804A8C01F61/current"
"E7B085FB-BD47-7E31-E053-6C04A8C0E67F","837000","2020-06-26","EC1A 7BN","F","N","L","APARTMENT 2.2","FENWICK HOUSE, 84","BARTHOLOMEW CLOSE","","LONDON","CITY OF LONDON","GREATER LONDON","A","http://landregistry.data.gov.uk/data/ppi/transaction/E7B085FB-BD47-7E31-E053-6C04A8C0E67F/current"
"12A8BAB5-D9CA-2125-E063-4804A8C08CC1","1606500","2022-05-17","EC1A 7BN","F","Y","L","APARTMENT 2.3","FENWICK HOUSE, 84","BARTHOLOMEW CLOSE","","LONDON","CITY OF LONDON","GREATER LONDON","A","http://landregistry.data.gov.uk/data/ppi/transaction/12A8BAB5-D9CA-2125-E063-4804A8C08CC1/current"
"B0A9D11B-2C17-4C1F-E053-6C04A8C0D716","752700","2019-12-02","EC1A 7BN","F","Y","L","APARTMENT 2.4","FENWICK HOUSE, 84","BARTHOLOMEW CLOSE","","LONDON","CITY OF LONDON","GREATER LONDON","A","http://landregistry.data.gov.uk/data/ppi/transaction/B0A9D11B-2C17-4C1F-E053-6C04A8C0D716/current"
"FFA361DA-7DE8-8A03-E053-4804A8C01F61","814000","2021-03-05","EC1A 7BN","F","N","L","APARTMENT 3.1","FENWICK HOUSE, 84","BARTHOLOMEW CLOSE","","LONDON","CITY OF LONDON","GREATER LONDON","A","http://landregistry.data.gov.uk/data/ppi/transaction/FFA361DA-7DE8-8A03-E053-4804A8C01F61/current"
"06C9F487-1B9E-9388-E063-4804A8C0BD98","796050","2021-04-30","EC1A 7BN","F","Y","L","APARTMENT 3.2","FENWICK HOUSE, 84","BARTHOLOMEW CLOSE","","LONDON","CITY OF LONDON","GREATER LONDON","A","http://landregistry.data.gov.uk/data/ppi/transaction/06C9F487-1B9E-9388-E063-4804A8C0BD98/current"
"FD226035-7C34-4CB7-E053-4804A8C00430","1638000","2022-08-10","EC1A 7BN","F","N","L","APARTMENT 3.3","FENWICK HOUSE, 84","BARTHOLOMEW CLOSE","","LONDON","CITY OF LONDON","GREATER LONDON","A","http://landregistry.data.gov.uk/data/ppi/transaction/FD226035-7C34-4CB7-E053-4804A8C00430/current"
"E7B085FD-2189-7E31-E053-6C04A8C0E67F","1638000","2022-06-28","EC1A 7BN","F","Y","L","APARTMENT 3.3","FENWICK HOUSE, 84","BARTHOLOMEW CLOSE","","LONDON","CITY OF LONDON","GREATER LONDON","B","http://landregistry.data.gov.uk/data/ppi/transaction/E7B085FD-2189-7E31-E053-6C04A8C0E67F/current"
"B0A9D11B-2C18-4C1F-E053-6C04A8C0D716","750500","2019-12-02","EC1A 7BN","F","Y","L","APARTMENT 3.4","FENWICK HOUSE, 84","BARTHOLOMEW CLOSE","","LONDON","CITY OF LONDON","GREATER LONDON","A","http://landregistry.data.gov.uk/data/ppi/transaction/B0A9D11B-2C18-4C1F-E053-6C04A8C0D716/current"
"EA3278A9-7681-2676-E053-6B04A8C015F8","846000","2020-10-30","EC1A 7BN","F","N","L","APARTMENT 4.1","FENWICK HOUSE, 84","BARTHOLOMEW CLOSE","","LONDON","CITY OF LONDON","GREATER LONDON","A","http://landregistry.data.gov.uk/data/ppi/transaction/EA3278A9-7681-2676-E053-6B04A8C015F8/current"
"EED73E75-1D9C-6AF3-E053-6C04A8C08ABA","827700","2021-03-26","EC1A 7BN","F","N","L","APARTMENT 4.2","FENWICK HOUSE, 84","BARTHOLOMEW CLOSE","","LONDON","CITY OF LONDON","GREATER LONDON","A","http://landregistry.data.gov.uk/data/ppi/transaction/EED73E75-1D9C-6AF3-E053-6C04A8C08ABA/current"
"2D4D7608-9314-BDF9-E063-4804A8C0672F","1669500","2022-02-28","EC1A 7BN","F","Y","L","APARTMENT 4.3","FENWICK HOUSE, 84","BARTHOLOMEW CLOSE","","LONDON","CITY OF LONDON","GREATER LONDON","A","http://landregistry.data.gov.uk/data/ppi/transaction/2D4D7608-9314-BDF9-E063-4804A8C0672F/current"
"B32EBB13-3C47-3C99-E053-6C04A8C09CA1","760000","2019-12-02","EC1A 7BN","F","Y","L","APARTMENT 4.4","FENWICK HOUSE, 84","BARTHOLOMEW CLOSE","","LONDON","CITY OF LONDON","GREATER LONDON","A","http://landregistry.data.gov.uk/data/ppi/transaction/B32EBB13-3C47-3C99-E053-6C04A8C09CA1/current"
"E7B085FD-20D5-7E31-E053-6C04A8C0E67F","873600","2020-05-28","EC1A 7BN","F","N","L","APARTMENT 5.1","FENWICK HOUSE, 84","BARTHOLOMEW CLOSE","","LONDON","CITY OF LONDON","GREATER LONDON","B","http://landregistry.data.gov.uk/data/ppi/transaction/E7B085FD-20D5-7E31-E053-6C04A8C0E67F/current"
"FFA361DA-7EE0-8A03-E053-4804A8C01F61","849000","2023-06-05","EC1A 7BN","F","N","L","APARTMENT 5.2","FENWICK HOUSE, 84","BARTHOLOMEW CLOSE","","LONDON","CITY OF LONDON","GREATER LONDON","A","http://landregistry.data.gov.uk/data/ppi/transaction/FFA361DA-7EE0-8A03-E053-4804A8C01F61/current"
"D93B27B0-38B9-3100-E053-6C04A8C08887","897750","2019-12-23","EC1A 7BN","F","N","L","APARTMENT 5.2","FENWICK HOUSE, 84","BARTHOLOMEW CLOSE","","LONDON","CITY OF LONDON","GREATER LONDON","A","http://landregistry.data.gov.uk/data/ppi/transaction/D93B27B0-38B9-3100-E053-6C04A8C08887/current"
"D707E534-B7FA-0AD9-E053-6B04A8C067CC","1738800","2020-06-12","EC1A 7BN","F","Y","L","APARTMENT 5.3","FENWICK HOUSE, 84","BARTHOLOMEW CLOSE","","LONDON","CITY OF LONDON","GREATER LONDON","A","http://landregistry.data.gov.uk/data/ppi/transaction/D707E534-B7FA-0AD9-E053-6B04A8C067CC/current"
"B32EBB13-3C48-3C99-E053-6C04A8C09CA1","769500","2019-12-02","EC1A 7BN","F","Y","L","APARTMENT 5.4","FENWICK HOUSE, 84","BARTHOLOMEW CLOSE","","LONDON","CITY OF LONDON","GREATER LONDON","A","http://landregistry.data.gov.uk/data/ppi/transaction/B32EBB13-3C48-3C99-E053-6C04A8C09CA1/current"
"CFC9085C-420D-9A70-E053-6B04A8C09D6A","2665000","2019-12-02","EC1A 7BN","F","N","L","APARTMENT 6.1","FENWICK HOUSE, 84","BARTHOLOMEW CLOSE","","LONDON","CITY OF LONDON","GREATER LONDON","A","http://landregistry.data.gov.uk/data/ppi/transaction/CFC9085C-420D-9A70-E053-6B04A8C09D6A/current"
"D707E534-B807-0AD9-E053-6B04A8C067CC","1471500","2020-08-07","EC1A 7BR","F","Y","L","APARTMENT 1.1","THE LEVETT BUILDING, 50","LITTLE BRITAIN","","LONDON","CITY OF LONDON","GREATER LONDON","A","http://landregistry.data.gov.uk/data/ppi/transaction/D707E534-B807-0AD9-E053-6B04A8C067CC/current"
"D4D42645-2F40-27F6-E053-6C04A8C0A572","823400","2020-06-30","EC1A 7BR","F","Y","L","APARTMENT 1.2","THE LEVETT BUILDING, 50","LITTLE BRITAIN","","LONDON","CITY OF LONDON","GREATER LONDON","A","http://landregistry.data.gov.uk/data/ppi/transaction/D4D42645-2F40-27F6-E053-6C04A8C0A572/current"
"12A8BAB6-E147-2125-E063-4804A8C08CC1","1306800","2022-02-14","EC1A 7BR","F","Y","L","APARTMENT 1.3","THE LEVETT BUILDING, 50","LITTLE BRITAIN","","LONDON","CITY OF LONDON","GREATER LONDON","B","http://landregistry.data.gov.uk/data/ppi/transaction/12A8BAB6-E147-2125-E063-4804A8C08CC1/current"
"BC8936BB-31CF-0E2C-E053-6C04A8C0DBF4","1695750","2020-02-12","EC1A 7BR","F","Y","L","APARTMENT 1.4","THE LEVETT BUILDING, 50","LITTLE BRITAIN","","LONDON","CITY OF LONDON","GREATER LONDON","A","http://landregistry.data.gov.uk/data/ppi/transaction/BC8936BB-31CF-0E2C-E053-6C04A8C0DBF4/current"
"FAC30766-CE83-5E20-E053-4704A8C004EE","1398550","2023-03-01","EC1A 7BR","F","N","L","APARTMENT 1.5","THE LEVETT BUILDING, 50","LITTLE BRITAIN","","LONDON","CITY OF LONDON","GREATER LONDON","A","http://landregistry.data.gov.uk/data/ppi/transaction/FAC30766-CE83-5E20-E053-4704A8C004EE/current"
"E7B085FD-2188-7E31-E053-6C04A8C0E67F","1516500","2022-06-28","EC1A 7BR","F","Y","L","APARTMENT 1.5","THE LEVETT BUILDING, 50","LITTLE BRITAIN","","LONDON","CITY OF LONDON","GREATER LONDON","B","http://landregistry.data.gov.uk/data/ppi/transaction/E7B085FD-2188-7E31-E053-6C04A8C0E67F/current"
"12A8BAB5-D9C5-2125-E063-4804A8C08CC1","800000","2021-01-14","EC1A 7BR","F","Y","L","APARTMENT 1.6","THE LEVETT BUILDING, 50","LITTLE BRITAIN","","LONDON","CITY OF LONDON","GREATER LONDON","A","http://landregistry.data.gov.uk/data/ppi/transaction/12A8BAB5-D9C5-2125-E063-4804A8C08CC1/current"
"BA558B32-1DC8-76EF-E053-6B04A8C0B4B7","895000","2020-02-12","EC1A 7BR","F","Y","L","APARTMENT 1.7","THE LEVETT BUILDING, 50","LITTLE BRITAIN","","LONDON","CITY OF LONDON","GREATER LONDON","A","http://landregistry.data.gov.uk/data/ppi/transaction/BA558B32-1DC8-76EF-E053-6B04A8C0B4B7/current"
"FD226035-7C35-4CB7-E053-4804A8C00430","1100000","2023-05-11","EC1A 7BR","F","N","L","APARTMENT 1.8","THE LEVETT BUILDING, 50","LITTLE BRITAIN","","LONDON","CITY OF LONDON","GREATER LONDON","A","http://landregistry.data.gov.uk/data/ppi/transaction/FD226035-7C35-4CB7-E053-4804A8C00430/current"
"FAC30767-BC39-5E20-E053-4704A8C004EE","1426500","2022-06-28","EC1A 7BR","F","Y","L","APARTMENT 1.8","THE LEVETT BUILDING, 50","LITTLE BRITAIN","","LONDON","CITY OF LONDON","GREATER LONDON","B","http://landregistry.data.gov.uk/data/ppi/transaction/FAC30767-BC39-5E20-E053-4704A8C004EE/current"
"E073986A-C0C8-2134-E053-6C04A8C0233B","1525000","2021-06-18","EC1A 7BR","F","Y","L","APARTMENT 2.1","THE LEVETT BUILDING, 50","LITTLE BRITAIN","","LONDON","CITY OF LONDON","GREATER LONDON","A","http://landregistry.data.gov.uk/data/ppi/transaction/E073986A-C0C8-2134-E053-6C04A8C0233B/current"
"2D4D7608-9351-BDF9-E063-4804A8C0672F","791700","2021-03-18","EC1A 7BR","F","Y","L","APARTMENT 2.2","THE LEVETT BUILDING, 50","LITTLE BRITAIN","","LONDON","CITY OF LONDON","GREATER LONDON","A","http://landregistry.data.gov.uk/data/ppi/transaction/2D4D7608-9351-BDF9-E063-4804A8C0672F/current"
"12A8BAB6-E148-2125-E063-4804A8C08CC1","1328800","2022-02-14","EC1A 7BR","F","Y","L","APARTMENT 2.3","THE LEVETT BUILDING, 50","LITTLE BRITAIN","","LONDON","CITY OF LONDON","GREATER LONDON","B","http://landregistry.data.gov.uk/data/ppi/transaction/12A8BAB6-E148-2125-E063-4804A8C08CC1/current"
"BC8936BB-31D0-0E2C-E053-6C04A8C0DBF4","1729000","2020-02-12","EC1A 7BR","F","Y","L","APARTMENT 2.4","THE LEVETT BUILDING, 50","LITTLE BRITAIN","","LONDON","CITY OF LONDON","GREATER LONDON","A","http://landregistry.data.gov.uk/data/ppi/transaction/BC8936BB-31D0-0E2C-E053-6C04A8C0DBF4/current"
"F87E72F8-8C09-176C-E053-6B04A8C0D2BE","1420000","2021-10-20","EC1A 7BR","F","Y","L","APARTMENT 2.5","THE LEVETT BUILDING, 50","LITTLE BRITAIN","","LONDON","CITY OF LONDON","GREATER LONDON","A","http://landregistry.data.gov.uk/data/ppi/transaction/F87E72F8-8C09-176C-E053-6B04A8C0D2BE/current"
"FFA361DA-7F69-8A03-E053-4804A8C01F61","1267125","2023-03-20","EC1A 7BR","F","N","L","APARTMENT 2.6","THE LEVETT BUILDING, 50","LITTLE BRITAIN","","LONDON","CITY OF LONDON","GREATER LONDON","A","http://landregistry.data.gov.uk/data/ppi/transaction/FFA361DA-7F69-8A03-E053-4804A8C01F61/current"
"E7B085FD-218B-7E31-E053-6C04A8C0E67F","1504200","2022-06-28","EC1A 7BR","F","Y","L","APARTMENT 2.6","THE LEVETT BUILDING, 50","LITTLE BRITAIN","","LONDON","CITY OF LONDON","GREATER LONDON","B","http://landregistry.data.gov.uk/data/ppi/transaction/E7B085FD-218B-7E31-E053-6C04A8C0E67F/current"
"DE2D0CDF-44D3-51EE-E053-6C04A8C00671","840000","2020-08-14","EC1A 7BR","F","Y","L","APARTMENT 2.7","THE LEVETT BUILDING, 50","LITTLE BRITAIN","","LONDON","CITY OF LONDON","GREATER LONDON","A","http://landregistry.data.gov.uk/data/ppi/transaction/DE2D0CDF-44D3-51EE-E053-6C04A8C00671/current"
"C6209F5E-D2AA-295E-E053-6C04A8C0DDCC","920000","2020-02-27","EC1A 7BR","F","Y","L","APARTMENT 2.8","THE LEVETT BUILDING, 50","LITTLE BRITAIN","","LONDON","CITY OF LONDON","GREATER LONDON","A","http://landregistry.data.gov.uk/data/ppi/transaction/C6209F5E-D2AA-295E-E053-6C04A8C0DDCC/current"
"FAC30766-CE84-5E20-E053-4704A8C004EE","1304100","2023-03-17","EC1A 7BR","F","N","L","APARTMENT 2.9","THE LEVETT BUILDING, 50","LITTLE BRITAIN","","LONDON","CITY OF LONDON","GREATER LONDON","A","http://landregistry.data.gov.uk/data/ppi/transaction/FAC30766-CE84-5E20-E053-4704A8C004EE/current"
"F5E8B082-209D-3A13-E053-6C04A8C060B7","1481200","2022-06-28","EC1A 7BR","F","Y","L","APARTMENT 2.9","THE LEVETT BUILDING, 50","LITTLE BRITAIN","","LONDON","CITY OF LONDON","GREATER LONDON","B","http://landregistry.data.gov.uk/data/ppi/transaction/F5E8B082-209D-3A13-E053-6C04A8C060B7/current"
"F87E72F8-8BD1-176C-E053-6B04A8C0D2BE","1550600","2021-08-05","EC1A 7BR","F","Y","L","APARTMENT 3.1","THE LEVETT BUILDING, 50","LITTLE BRITAIN","","LONDON","CITY OF LONDON","GREATER LONDON","A","http://landregistry.data.gov.uk/data/ppi/transaction/F87E72F8-8BD1-176C-E053-6B04A8C0D2BE/current"
"E073986A-BFB3-2134-E053-6C04A8C0233B","786250","2020-12-08","EC1A 7BR","F","Y","L","APARTMENT 3.2","THE LEVETT BUILDING, 50","LITTLE BRITAIN","","LONDON","CITY OF LONDON","GREATER LONDON","A","http://landregistry.data.gov.uk/data/ppi/transaction/E073986A-BFB3-2134-E053-6C04A8C0233B/current"
"09266DDB-7B13-AF90-E063-4704A8C02087","1350000","2022-06-01","EC1A 7BR","F","Y","L","APARTMENT 3.3","THE LEVETT BUILDING, 50","LITTLE BRITAIN","","LONDON","CITY OF LONDON","GREATER LONDON","A","http://landregistry.data.gov.uk/data/ppi/transaction/09266DDB-7B13-AF90-E063-4704A8C02087/current"
"BC8936BB-31D1-0E2C-E053-6C04A8C0DBF4","1750000","2020-02-13","EC1A 7BR","F","Y","L","APARTMENT 3.4","THE LEVETT BUILDING, 50","LITTLE BRITAIN","","LONDON","CITY OF LONDON","GREATER LONDON","A","http://landregistry.data.gov.uk/data/ppi/transaction/BC8936BB-31D1-0E2C-E053-6C04A8C0DBF4/current"
"F3B6C197-AD00-6E40-E053-6C04A8C0B3B4","1285000","2022-12-12","EC1A 7BR","F","N","L","APARTMENT 3.5","THE LEVETT BUILDING, 50","LITTLE BRITAIN","","LONDON","CITY OF LONDON","GREATER LONDON","A","http://landregistry.data.gov.uk/data/ppi/transaction/F3B6C197-AD00-6E40-E053-6C04A8C0B3B4/current"
"EA3278AA-D6D9-2676-E053-6B04A8C015F8","1504705","2022-06-28","EC1A 7BR","F","Y","L","APARTMENT 3.5","THE LEVETT BUILDING, 50","LITTLE BRITAIN","","LONDON","CITY OF LONDON","GREATER LONDON","B","http://landregistry.data.gov.uk/data/ppi/transaction/EA3278AA-D6D9-2676-E053-6B04A8C015F8/current"
"FAC30766-CE85-5E20-E053-4704A8C004EE","1200000","2023-03-14","EC1A 7BR","F","N","L","APARTMENT 3.6","THE LEVETT BUILDING, 50","LITTLE BRITAIN","","LONDON","CITY OF LONDON","GREATER LONDON","A","http://landregistry.data.gov.uk/data/ppi/transaction/FAC30766-CE85-5E20-E053-4704A8C004EE/current"
"F3B6C199-1E51-6E40-E053-6C04A8C0B3B4","1560400","2022-06-28","EC1A 7BR","F","Y","L","APARTMENT 3.6","THE LEVETT BUILDING, 50","LITTLE BRITAIN","","LONDON","CITY OF LONDON","GREATER LONDON","B","http://landregistry.data.gov.uk/data/ppi/transaction/F3B6C199-1E51-6E40-E053-6C04A8C0B3B4/current"
"BA558B33-638C-76EF-E053-6B04A8C0B4B7","873600","2020-05-28","EC1A 7BR","F","Y","L","APARTMENT 3.7","THE LEVETT BUILDING, 50","LITTLE BRITAIN","","LONDON","CITY OF LONDON","GREATER LONDON","B","http://landregistry.data.gov.uk/data/ppi/transaction/BA558B33-638C-76EF-E053-6B04A8C0B4B7/current"
"BEF7EBBE-843A-7A76-E053-6B04A8C092F7","935750","2020-02-12","EC1A 7BR","F","Y","L","APARTMENT 3.8","THE LEVETT BUILDING, 50","LITTLE BRITAIN","","LONDON","CITY OF LONDON","GREATER LONDON","A","http://landregistry.data.gov.uk/data/ppi/transaction/BEF7EBBE-843A-7A76-E053-6B04A8C092F7/current"
"FAC30766-CE86-5E20-E053-4704A8C004EE","1155000","2023-03-02","EC1A 7BR","F","N","L","APARTMENT 3.9","THE LEVETT BUILDING, 50","LITTLE BRITAIN","","LONDON","CITY OF LONDON","GREATER LONDON","A","http://landregistry.data.gov.uk/data/ppi/transaction/FAC30766-CE86-5E20-E053-4704A8C004EE/current"
"F3B6C199-1E52-6E40-E053-6C04A8C0B3B4","1536900","2022-06-28","EC1A 7BR","F","Y","L","APARTMENT 3.9","THE LEVETT BUILDING, 50","LITTLE BRITAIN","","LONDON","CITY OF LONDON","GREATER LONDON","B","http://landregistry.data.gov.uk/data/ppi/transaction/F3B6C199-1E52-6E40-E053-6C04A8C0B3B4/current"
"E073986A-C0AA-2134-E053-6C04A8C0233B","1500000","2021-06-11","EC1A 7BR","F","Y","L","APARTMENT 4.1","THE LEVETT BUILDING, 50","LITTLE BRITAIN","","LONDON","CITY OF LONDON","GREATER LONDON","A","http://landregistry.data.gov.uk/data/ppi/transaction/E073986A-C0AA-2134-E053-6C04A8C0233B/current"
"BA558B33-633D-76EF-E053-6B04A8C0B4B7","846000","2020-02-14","EC1A 7BR","F","Y","L","APARTMENT 4.2","THE LEVETT BUILDING, 50","LITTLE BRITAIN","","LONDON","CITY OF LONDON","GREATER LONDON","B","http://landregistry.data.gov.uk/data/ppi/transaction/BA558B33-633D-76EF-E053-6B04A8C0B4B7/current"
"BC8936BB-31BA-0E2C-E053-6C04A8C0DBF4","1475000","2020-02-06","EC1A 7BR","F","Y","L","APARTMENT 4.3","THE LEVETT BUILDING, 50","LITTLE BRITAIN","","LONDON","CITY OF LONDON","GREATER LONDON","A","http://landregistry.data.gov.uk/data/ppi/transaction/BC8936BB-31BA-0E2C-E053-6C04A8C0DBF4/current"
"49E87C31-864A-591C-E063-4704A8C00C31","1600000","2025-08-14","EC1A 7BR","F","N","L","APARTMENT 4.4","THE LEVETT BUILDING, 50","LITTLE BRITAIN","","LONDON","CITY OF LONDON","GREATER LONDON","A","http://landregistry.data.gov.uk/data/ppi/transaction/49E87C31-864A-591C-E063-4704A8C00C31/current"
"BC8936BB-31C4-0E2C-E053-6C04A8C0DBF4","1795500","2020-02-12","EC1A 7BR","F","Y","L","APARTMENT 4.4","THE LEVETT BUILDING, 50","LITTLE BRITAIN","","LONDON","CITY OF LONDON","GREATER LONDON","A","http://landregistry.data.gov.uk/data/ppi/transaction/BC8936BB-31C4-0E2C-E053-6C04A8C0DBF4/current"
"EA3278A9-7898-2676-E053-6B04A8C015F8","1422000","2022-07-08","EC1A 7BR","F","N","L","APARTMENT 4.5","THE LEVETT BUILDING, 50","LITTLE BRITAIN","","LONDON","CITY OF LONDON","GREATER LONDON","A","http://landregistry.data.gov.uk/data/ppi/transaction/EA3278A9-7898-2676-E053-6B04A8C015F8/current"
"E7B085FD-218A-7E31-E053-6C04A8C0E67F","1422000","2022-06-28","EC1A 7BR","F","Y","L","APARTMENT 4.5","THE LEVETT BUILDING, 50","LITTLE BRITAIN","","LONDON","CITY OF LONDON","GREATER LONDON","B","http://landregistry.data.gov.uk/data/ppi/transaction/E7B085FD-218A-7E31-E053-6C04A8C0E67F/current"
"12A8BAB5-D9B5-2125-E063-4804A8C08CC1","1541775","2022-07-06","EC1A 7BR","F","Y","L","APARTMENT 4.6","THE LEVETT BUILDING, 50","LITTLE BRITAIN","","LONDON","CITY OF LONDON","GREATER LONDON","B","http://landregistry.data.gov.uk/data/ppi/transaction/12A8BAB5-D9B5-2125-E063-4804A8C08CC1/current"
"D707E534-B7ED-0AD9-E053-6B04A8C067CC","892000","2020-04-30","EC1A 7BR","F","Y","L","APARTMENT 4.7","THE LEVETT BUILDING, 50","LITTLE BRITAIN","","LONDON","CITY OF LONDON","GREATER LONDON","A","http://landregistry.data.gov.uk/data/ppi/transaction/D707E534-B7ED-0AD9-E053-6B04A8C067CC/current"
"BC8936BB-31BB-0E2C-E053-6C04A8C0DBF4","950000","2020-02-12","EC1A 7BR","F","Y","L","APARTMENT 4.8","THE LEVETT BUILDING, 50","LITTLE BRITAIN","","LONDON","CITY OF LONDON","GREATER LONDON","A","http://landregistry.data.gov.uk/data/ppi/transaction/BC8936BB-31BB-0E2C-E053-6C04A8C0DBF4/current"
"EED73E76-7EEC-6AF3-E053-6C04A8C08ABA","1577000","2022-06-28","EC1A 7BR","F","Y","L","APARTMENT 4.9","THE LEVETT BUILDING, 50","LITTLE BRITAIN","","LONDON","CITY OF LONDON","GREATER LONDON","B","http://landregistry.data.gov.uk/data/ppi/transaction/EED73E76-7EEC-6AF3-E053-6C04A8C08ABA/current"
"BA558B33-6343-76EF-E053-6B04A8C0B4B7","1561500","2020-02-14","EC1A 7BR","F","Y","L","APARTMENT 5.1","THE LEVETT BUILDING, 50","LITTLE BRITAIN","","LONDON","CITY OF LONDON","GREATER LONDON","B","http://landregistry.data.gov.uk/data/ppi/transaction/BA558B33-6343-76EF-E053-6B04A8C0B4B7/current"
"BA558B33-6340-76EF-E053-6B04A8C0B4B7","907250","2020-02-14","EC1A 7BR","F","Y","L","APARTMENT 5.2","THE LEVETT BUILDING, 50","LITTLE BRITAIN","","LONDON","CITY OF LONDON","GREATER LONDON","B","http://landregistry.data.gov.uk/data/ppi/transaction/BA558B33-6340-76EF-E053-6B04A8C0B4B7/current"
"BA558B33-6342-76EF-E053-6B04A8C0B4B7","1471500","2020-02-14","EC1A 7BR","F","Y","L","APARTMENT 5.3","THE LEVETT BUILDING, 50","LITTLE BRITAIN","","LONDON","CITY OF LONDON","GREATER LONDON","B","http://landregistry.data.gov.uk/data/ppi/transaction/BA558B33-6342-76EF-E053-6B04A8C0B4B7/current"
"BA558B33-633E-76EF-E053-6B04A8C0B4B7","1732500","2020-02-14","EC1A 7BR","F","Y","L","APARTMENT 5.4","THE LEVETT BUILDING, 50","LITTLE BRITAIN","","LONDON","CITY OF LONDON","GREATER LONDON","B","http://landregistry.data.gov.uk/data/ppi/transaction/BA558B33-633E-76EF-E053-6B04A8C0B4B7/current"
"01EB45EF-6778-40F3-E063-4704A8C05FDE","1500000","2021-12-06","EC1A 7BR","F","Y","L","APARTMENT 5.5","THE LEVETT BUILDING, 50","LITTLE BRITAIN","","LONDON","CITY OF LONDON","GREATER LONDON","A","http://landregistry.data.gov.uk/data/ppi/transaction/01EB45EF-6778-40F3-E063-4704A8C05FDE/current"
"06C9F487-1A1D-9388-E063-4804A8C0BD98","1650000","2022-04-14","EC1A 7BR","F","Y","L","APARTMENT 5.6","THE LEVETT BUILDING, 50","LITTLE BRITAIN","","LONDON","CITY OF LONDON","GREATER LONDON","A","http://landregistry.data.gov.uk/data/ppi/transaction/06C9F487-1A1D-9388-E063-4804A8C0BD98/current"
"BEF7EBBE-843C-7A76-E053-6B04A8C092F7","930000","2020-02-13","EC1A 7BR","F","Y","L","APARTMENT 5.7","THE LEVETT BUILDING, 50","LITTLE BRITAIN","","LONDON","CITY OF LONDON","GREATER LONDON","A","http://landregistry.data.gov.uk/data/ppi/transaction/BEF7EBBE-843C-7A76-E053-6B04A8C092F7/current"
"BEF7EBBE-843B-7A76-E053-6B04A8C092F7","964250","2020-02-12","EC1A 7BR","F","Y","L","APARTMENT 5.8","THE LEVETT BUILDING, 50","LITTLE BRITAIN","","LONDON","CITY OF LONDON","GREATER LONDON","A","http://landregistry.data.gov.uk/data/ppi/transaction/BEF7EBBE-843B-7A76-E053-6B04A8C092F7/current"
"EED73E75-1FA3-6AF3-E053-6C04A8C08ABA","1541775","2022-10-11","EC1A 7BR","F","N","L","APARTMENT 5.9","THE LEVETT BUILDING, 50","LITTLE BRITAIN","","LONDON","CITY OF LONDON","GREATER LONDON","A","http://landregistry.data.gov.uk/data/ppi/transaction/EED73E75-1FA3-6AF3-E053-6C04A8C08ABA/current"
"EC7AD09A-8CEE-9200-E053-6C04A8C0E306","1600750","2022-06-28","EC1A 7BR","F","Y","L","APARTMENT 5.9","THE LEVETT BUILDING, 50","LITTLE BRITAIN","","LONDON","CITY OF LONDON","GREATER LONDON","B","http://landregistry.data.gov.uk/data/ppi/transaction/EC7AD09A-8CEE-9200-E053-6C04A8C0E306/current"
"BA558B33-6341-76EF-E053-6B04A8C0B4B7","3690000","2020-02-14","EC1A 7BR","F","Y","L","APARTMENT 6.1","THE LEVETT BUILDING, 50","LITTLE BRITAIN","","LONDON","CITY OF LONDON","GREATER LONDON","B","http://landregistry.data.gov.uk/data/ppi/transaction/BA558B33-6341-76EF-E053-6B04A8C0B4B7/current"
"E53EDD2D-4931-83EC-E053-6B04A8C03A59","3190000","2020-02-13","EC1A 7BR","F","Y","L","APARTMENT 6.2","THE LEVETT BUILDING, 50","LITTLE BRITAIN","","LONDON","CITY OF LONDON","GREATER LONDON","A","http://landregistry.data.gov.uk/data/ppi/transaction/E53EDD2D-4931-83EC-E053-6B04A8C03A59/current"
"BA558B33-633F-76EF-E053-6B04A8C0B4B7","1917000","2020-02-14","EC1A 7BR","F","Y","L","APARTMENT 6.3","THE LEVETT BUILDING, 50","LITTLE BRITAIN","","LONDON","CITY OF LONDON","GREATER LONDON","B","http://landregistry.data.gov.uk/data/ppi/transaction/BA558B33-633F-76EF-E053-6B04A8C0B4B7/current"
"D707E534-B7DD-0AD9-E053-6B04A8C067CC","3875000","2020-02-14","EC1A 7BR","F","Y","L","APARTMENT 7.1","THE LEVETT BUILDING, 50","LITTLE BRITAIN","","LONDON","CITY OF LONDON","GREATER LONDON","A","http://landregistry.data.gov.uk/data/ppi/transaction/D707E534-B7DD-0AD9-E053-6B04A8C067CC/current"
"2D4D7609-40A3-BDF9-E063-4804A8C0672F","665000","2024-08-07","EC1A 7BT","F","N","L","APARTMENT 10","75","LITTLE BRITAIN","","LONDON","CITY OF LONDON","GREATER LONDON","A","http://landregistry.data.gov.uk/data/ppi/transaction/2D4D7609-40A3-BDF9-E063-4804A8C0672F/current"
"5CF9903C-3D50-7F13-E053-6C04A8C074B1","911000","2017-08-09","EC1A 7BT","F","N","L","APARTMENT 17","75","LITTLE BRITAIN","","LONDON","CITY OF LONDON","GREATER LONDON","A","http://landregistry.data.gov.uk/data/ppi/transaction/5CF9903C-3D50-7F13-E053-6C04A8C074B1/current"
"2D4D7609-40A6-BDF9-E063-4804A8C0672F","557500","2025-01-10","EC1A 7BT","F","N","L","APARTMENT 18","75","LITTLE BRITAIN","","LONDON","CITY OF LONDON","GREATER LONDON","A","http://landregistry.data.gov.uk/data/ppi/transaction/2D4D7609-40A6-BDF9-E063-4804A8C0672F/current"
"79A74E21-E45A-1289-E053-6B04A8C01627","870000","2018-09-07","EC1A 7BT","F","N","L","APARTMENT 26","75","LITTLE BRITAIN","","LONDON","CITY OF LONDON","GREATER LONDON","A","http://landregistry.data.gov.uk/data/ppi/transaction/79A74E21-E45A-1289-E053-6B04A8C01627/current"
"3B5CE842-03DB-EE3A-E063-4804A8C0D6F1","515000","2025-07-11","EC1A 7BT","F","N","L","APARTMENT 27","75","LITTLE BRITAIN","","LONDON","CITY OF LONDON","GREATER LONDON","A","http://landregistry.data.gov.uk/data/ppi/transaction/3B5CE842-03DB-EE3A-E063-4804A8C0D6F1/current"
"EA3278AA-3F7D-2676-E053-6B04A8C015F8","750000","2022-01-14","EC1A 7BT","F","N","L","APARTMENT 29","75","LITTLE BRITAIN","","LONDON","CITY OF LONDON","GREATER LONDON","B","http://landregistry.data.gov.uk/data/ppi/transaction/EA3278AA-3F7D-2676-E053-6B04A8C015F8/current"
"C6209F5F-97D8-295E-E053-6C04A8C0DDCC","595000","2021-03-26","EC1A 7BT","F","N","L","APARTMENT 3","75","LITTLE BRITAIN","","LONDON","CITY OF LONDON","GREATER LONDON","A","http://landregistry.data.gov.uk/data/ppi/transaction/C6209F5F-97D8-295E-E053-6C04A8C0DDCC/current"
"369DFB15-FF4F-3A19-E050-A8C0620518C6","650000","2016-02-12","EC1A 7BT","F","N","L","APARTMENT 33","75","LITTLE BRITAIN","","LONDON","CITY OF LONDON","GREATER LONDON","A","http://landregistry.data.gov.uk/data/ppi/transaction/369DFB15-FF4F-3A19-E050-A8C0620518C6/current"
"AE4D86D4-3DDD-4619-E053-6C04A8C03CD0","800000","2020-06-19","EC1A 7BT","F","N","L","APARTMENT 37","75","LITTLE BRITAIN","","LONDON","CITY OF LONDON","GREATER LONDON","A","http://landregistry.data.gov.uk/data/ppi/transaction/AE4D86D4-3DDD-4619-E053-6C04A8C03CD0/current"
"6B32222C-795D-01F1-E053-6C04A8C0D2C8","720000","2018-02-08","EC1A 7BT","F","N","L","APARTMENT 39","75","LITTLE BRITAIN","","LONDON","CITY OF LONDON","GREATER LONDON","A","http://landregistry.data.gov.uk/data/ppi/transaction/6B32222C-795D-01F1-E053-6C04A8C0D2C8/current"
"4E75C29D-7958-8922-E063-4804A8C094D0","835000","2026-02-27","EC1A 7BT","F","N","L","APARTMENT 44","75","LITTLE BRITAIN","","LONDON","CITY OF LONDON","GREATER LONDON","A","http://landregistry.data.gov.uk/data/ppi/transaction/4E75C29D-7958-8922-E063-4804A8C094D0/current"
"369DFB15-FF51-3A19-E050-A8C0620518C6","900000","2016-03-30","EC1A 7BT","F","N","L","APARTMENT 44","75","LITTLE BRITAIN","","LONDON","CITY OF LONDON","GREATER LONDON","A","http://landregistry.data.gov.uk/data/ppi/transaction/369DFB15-FF51-3A19-E050-A8C0620518C6/current"
"2131FCF6-46CF-86E8-E063-4804A8C0372B","580000","2024-07-24","EC1A 7BT","F","N","L","APARTMENT 48","75","LITTLE BRITAIN","","LONDON","CITY OF LONDON","GREATER LONDON","A","http://landregistry.data.gov.uk/data/ppi/transaction/2131FCF6-46CF-86E8-E063-4804A8C0372B/current"
"CD5A9DCC-2371-310A-E053-6C04A8C00A1F","610000","2021-05-14","EC1A 7BT","F","N","L","APARTMENT 49","75","LITTLE BRITAIN","","LONDON","CITY OF LONDON","GREATER LONDON","A","http://landregistry.data.gov.uk/data/ppi/transaction/CD5A9DCC-2371-310A-E053-6C04A8C00A1F/current"
"1775CCF7-68BD-38BA-E063-4704A8C05A7C","500000","2024-04-03","EC1A 7BT","F","N","L","APARTMENT 6","75","LITTLE BRITAIN","","LONDON","CITY OF LONDON","GREATER LONDON","A","http://landregistry.data.gov.uk/data/ppi/transaction/1775CCF7-68BD-38BA-E063-4704A8C05A7C/current"
"D707E536-8822-0AD9-E053-6B04A8C067CC","755000","2021-12-02","EC1A 7BT","F","N","L","APARTMENT 8","75","LITTLE BRITAIN","","LONDON","CITY OF LONDON","GREATER LONDON","B","http://landregistry.data.gov.uk/data/ppi/transaction/D707E536-8822-0AD9-E053-6B04A8C067CC/current"
"726BF13B-0F78-0A46-E053-6C04A8C01D0D","450000","2018-06-13","EC1A 7BX","F","N","L","FLAT 1","WHITE HORSE HOUSE, 1","LITTLE BRITAIN","","LONDON","CITY OF LONDON","GREATER LONDON","A","http://landregistry.data.gov.uk/data/ppi/transaction/726BF13B-0F78-0A46-E053-6C04A8C01D0D/current"
"79A74E21-E460-1289-E053-6B04A8C01627","660000","2018-08-23","EC1A 7BX","F","N","L","FLAT 10","WHITE HORSE HOUSE, 1","LITTLE BRITAIN","","LONDON","CITY OF LONDON","GREATER LONDON","A","http://landregistry.data.gov.uk/data/ppi/transaction/79A74E21-E460-1289-E053-6B04A8C01627/current"
"12A8BAB6-6FD2-2125-E063-4804A8C08CC1","680000","2023-02-24","EC1A 7BX","F","N","L","FLAT 2","FRANKLIN HOUSE, 2","LITTLE BRITAIN","","LONDON","CITY OF LONDON","GREATER LONDON","A","http://landregistry.data.gov.uk/data/ppi/transaction/12A8BAB6-6FD2-2125-E063-4804A8C08CC1/current"
"25E9DA81-2690-555E-E063-4704A8C066F2","525000","2024-04-05","EC1A 7BX","F","N","L","FLAT 2","BUCKLEY HOUSE, 4","LITTLE BRITAIN","","LONDON","CITY OF LONDON","GREATER LONDON","A","http://landregistry.data.gov.uk/data/ppi/transaction/25E9DA81-2690-555E-E063-4704A8C066F2/current"
"31FB4C17-B0C5-57B9-E050-A8C063053436","900000","2016-03-14","EC1A 7BX","F","N","L","FLAT 5","BUCKLEY HOUSE, 4","LITTLE BRITAIN","","LONDON","CITY OF LONDON","GREATER LONDON","B","http://landregistry.data.gov.uk/data/ppi/transaction/31FB4C17-B0C5-57B9-E050-A8C063053436/current"
"0E082197-14DB-5C09-E063-4704A8C0A10E","560000","2023-02-22","EC1A 7BX","F","N","L","FLAT 6","BUCKLEY HOUSE, 4","LITTLE BRITAIN","","LONDON","CITY OF LONDON","GREATER LONDON","A","http://landregistry.data.gov.uk/data/ppi/transaction/0E082197-14DB-5C09-E063-4704A8C0A10E/current"
"5A9D8B55-74EB-68EB-E053-6B04A8C0D293","799950","2017-09-08","EC1A 7BX","F","N","L","FLAT 9","BUCKLEY HOUSE, 4","LITTLE BRITAIN","","LONDON","CITY OF LONDON","GREATER LONDON","A","http://landregistry.data.gov.uk/data/ppi/transaction/5A9D8B55-74EB-68EB-E053-6B04A8C0D293/current"
"402A3A66-27B9-A7DF-E063-4804A8C0B80D","630000","2025-09-09","EC1A 7BX","F","N","L","FLAT 10","WESLEY HOUSE, 5","LITTLE BRITAIN","","LONDON","CITY OF LONDON","GREATER LONDON","A","http://landregistry.data.gov.uk/data/ppi/transaction/402A3A66-27B9-A7DF-E063-4804A8C0B80D/current"
"1775CCF7-68B9-38BA-E063-4704A8C05A7C","760000","2024-03-26","EC1A 7BX","F","N","L","FLAT 11","WESLEY HOUSE, 5","LITTLE BRITAIN","","LONDON","CITY OF LONDON","GREATER LONDON","A","http://landregistry.data.gov.uk/data/ppi/transaction/1775CCF7-68B9-38BA-E063-4704A8C05A7C/current"
"DE2D0CE0-9015-51EE-E053-6C04A8C00671","795000","2022-04-13","EC1A 7BX","O","N","L","FLAT 15","WESLEY HOUSE, 5","LITTLE BRITAIN","","LONDON","CITY OF LONDON","GREATER LONDON","B","http://landregistry.data.gov.uk/data/ppi/transaction/DE2D0CE0-9015-51EE-E053-6C04A8C00671/current"
"582D0637-4A47-8F22-E053-6C04A8C01BAC","601600","2017-07-25","EC1A 7BX","F","N","L","FLAT 2","WESLEY HOUSE, 5","LITTLE BRITAIN","","LONDON","CITY OF LONDON","GREATER LONDON","A","http://landregistry.data.gov.uk/data/ppi/transaction/582D0637-4A47-8F22-E053-6C04A8C01BAC/current"
"9DBAD222-02BC-6EB3-E053-6B04A8C0F257","784000","2019-12-18","EC1A 7BX","F","N","L","FLAT 8","WESLEY HOUSE, 5","LITTLE BRITAIN","","LONDON","CITY OF LONDON","GREATER LONDON","A","http://landregistry.data.gov.uk/data/ppi/transaction/9DBAD222-02BC-6EB3-E053-6B04A8C0F257/current"
"666758D7-AB3E-3363-E053-6B04A8C0D74E","2600000","2018-01-16","EC1A 7BX","O","N","L","","6","LITTLE BRITAIN","","LONDON","CITY OF LONDON","GREATER LONDON","B","http://landregistry.data.gov.uk/data/ppi/transaction/666758D7-AB3E-3363-E053-6B04A8C0D74E/current"
"EA3278AA-3FAD-2676-E053-6B04A8C015F8","450000","2022-08-26","EC1A 7ES","F","N","L","FLAT 1","28","BARTHOLOMEW CLOSE","","LONDON","CITY OF LONDON","GREATER LONDON","A","http://landregistry.data.gov.uk/data/ppi/transaction/EA3278AA-3FAD-2676-E053-6B04A8C015F8/current"
"3B5CE842-03F3-EE3A-E063-4804A8C0D6F1","862500","2025-02-14","EC1A 7ES","F","N","L","FLAT 11","28","BARTHOLOMEW CLOSE","","LONDON","CITY OF LONDON","GREATER LONDON","A","http://landregistry.data.gov.uk/data/ppi/transaction/3B5CE842-03F3-EE3A-E063-4804A8C0D6F1/current"
"75050A85-6D53-9A88-E053-6B04A8C02390","625000","2018-08-03","EC1A 7ES","F","N","L","FLAT 12","28","BARTHOLOMEW CLOSE","","LONDON","CITY OF LONDON","GREATER LONDON","A","http://landregistry.data.gov.uk/data/ppi/transaction/75050A85-6D53-9A88-E053-6B04A8C02390/current"
"06C9F488-129A-9388-E063-4804A8C0BD98","502500","2023-08-22","EC1A 7ES","F","N","L","FLAT 15A","28","BARTHOLOMEW CLOSE","","LONDON","CITY OF LONDON","GREATER LONDON","B","http://landregistry.data.gov.uk/data/ppi/transaction/06C9F488-129A-9388-E063-4804A8C0BD98/current"
"BEF7EBBF-1D60-7A76-E053-6B04A8C092F7","762500","2021-01-15","EC1A 7ES","F","N","L","FLAT 17","28","BARTHOLOMEW CLOSE","","LONDON","CITY OF LONDON","GREATER LONDON","A","http://landregistry.data.gov.uk/data/ppi/transaction/BEF7EBBF-1D60-7A76-E053-6B04A8C092F7/current"
"EC7AD099-FB7A-9200-E053-6C04A8C0E306","432500","2022-05-20","EC1A 7ES","F","N","L","FLAT 19","28","BARTHOLOMEW CLOSE","","LONDON","CITY OF LONDON","GREATER LONDON","A","http://landregistry.data.gov.uk/data/ppi/transaction/EC7AD099-FB7A-9200-E053-6C04A8C0E306/current"
"F5E8B081-907D-3A13-E053-6C04A8C060B7","550000","2022-07-22","EC1A 7ES","F","N","L","FLAT 21","28","BARTHOLOMEW CLOSE","","LONDON","CITY OF LONDON","GREATER LONDON","A","http://landregistry.data.gov.uk/data/ppi/transaction/F5E8B081-907D-3A13-E053-6C04A8C060B7/current"
"3DCCB7CA-32B9-5B9D-E063-4704A8C0331E","538000","2025-07-28","EC1A 7ES","F","N","L","FLAT 27","28","BARTHOLOMEW CLOSE","","LONDON","CITY OF LONDON","GREATER LONDON","A","http://landregistry.data.gov.uk/data/ppi/transaction/3DCCB7CA-32B9-5B9D-E063-4704A8C0331E/current"
"0E082197-14EA-5C09-E063-4704A8C0A10E","440000","2023-11-14","EC1A 7ES","F","N","L","FLAT 31","28","BARTHOLOMEW CLOSE","","LONDON","CITY OF LONDON","GREATER LONDON","A","http://landregistry.data.gov.uk/data/ppi/transaction/0E082197-14EA-5C09-E063-4704A8C0A10E/current"
"12A8BAB6-6FF0-2125-E063-4804A8C08CC1","1005678","2022-06-24","EC1A 7ES","F","N","L","FLAT 35","28","BARTHOLOMEW CLOSE","","LONDON","CITY OF LONDON","GREATER LONDON","A","http://landregistry.data.gov.uk/data/ppi/transaction/12A8BAB6-6FF0-2125-E063-4804A8C08CC1/current"
"F87E72F9-388E-176C-E053-6B04A8C0D2BE","520000","2022-12-05","EC1A 7ES","F","N","L","FLAT 36","28","BARTHOLOMEW CLOSE","","LONDON","CITY OF LONDON","GREATER LONDON","A","http://landregistry.data.gov.uk/data/ppi/transaction/F87E72F9-388E-176C-E053-6B04A8C0D2BE/current"
"9FF0D969-FCB3-11ED-E053-6C04A8C06383","550000","2020-02-13","EC1A 7ES","F","N","L","FLAT 43","28","BARTHOLOMEW CLOSE","","LONDON","CITY OF LONDON","GREATER LONDON","A","http://landregistry.data.gov.uk/data/ppi/transaction/9FF0D969-FCB3-11ED-E053-6C04A8C06383/current"
"0B853950-D924-69A5-E063-4704A8C07DAC","430000","2023-08-30","EC1A 7ES","F","N","L","FLAT 9","ALDERSGATE COURT, 30","BARTHOLOMEW CLOSE","","LONDON","CITY OF LONDON","GREATER LONDON","B","http://landregistry.data.gov.uk/data/ppi/transaction/0B853950-D924-69A5-E063-4704A8C07DAC/current"
"3B5CE842-9E4B-EE3A-E063-4804A8C0D6F1","7180000","2024-10-01","EC1A 7HE","O","N","F","","8 - 10","HALF MOON COURT","","LONDON","CITY OF LONDON","GREATER LONDON","B","http://landregistry.data.gov.uk/data/ppi/transaction/3B5CE842-9E4B-EE3A-E063-4804A8C0D6F1/current"
"98C75472-BCE9-72E9-E053-6B04A8C042F0","5800000","2019-11-13","EC1A 7HH","O","N","F","","3 - 4","BARTHOLOMEW PLACE","","LONDON","CITY OF LONDON","GREATER LONDON","B","http://landregistry.data.gov.uk/data/ppi/transaction/98C75472-BCE9-72E9-E053-6B04A8C042F0/current"
"919FEC06-2926-9A90-E053-6C04A8C0A300","5400000","2019-07-18","EC1A 7HH","O","N","F","","3 - 4","BARTHOLOMEW PLACE","","LONDON","CITY OF LONDON","GREATER LONDON","B","http://landregistry.data.gov.uk/data/ppi/transaction/919FEC06-2926-9A90-E053-6C04A8C0A300/current"
"55BDCAE6-E2E1-521D-E053-6B04A8C0DD7A","2700000","2017-06-30","EC1A 7HH","O","N","F","","3 - 4","BARTHOLOMEW PLACE","","LONDON","CITY OF LONDON","GREATER LONDON","B","http://landregistry.data.gov.uk/data/ppi/transaction/55BDCAE6-E2E1-521D-E053-6B04A8C0DD7A/current"
"402A3A66-27DD-A7DF-E063-4804A8C0B80D","437500","2025-08-15","EC1A 7HN","F","N","L","FLAT 12","43","BARTHOLOMEW CLOSE","","LONDON","CITY OF LONDON","GREATER LONDON","A","http://landregistry.data.gov.uk/data/ppi/transaction/402A3A66-27DD-A7DF-E063-4804A8C0B80D/current"
"25E9DA81-E61E-555E-E063-4704A8C066F2","850000","2024-06-21","EC1A 7HN","F","N","L","FLAT 20","43","BARTHOLOMEW CLOSE","","LONDON","CITY OF LONDON","GREATER LONDON","B","http://landregistry.data.gov.uk/data/ppi/transaction/25E9DA81-E61E-555E-E063-4704A8C066F2/current"
"2131FCF6-46F2-86E8-E063-4804A8C0372B","720000","2024-07-01","EC1A 7HN","F","N","L","FLAT 25","43","BARTHOLOMEW CLOSE","","LONDON","CITY OF LONDON","GREATER LONDON","A","http://landregistry.data.gov.uk/data/ppi/transaction/2131FCF6-46F2-86E8-E063-4804A8C0372B/current"
"31FB4C17-B135-57B9-E050-A8C063053436","690000","2016-02-26","EC1A 7HN","F","N","L","FLAT 4","43","BARTHOLOMEW CLOSE","","LONDON","CITY OF LONDON","GREATER LONDON","A","http://landregistry.data.gov.uk/data/ppi/transaction/31FB4C17-B135-57B9-E050-A8C063053436/current"
"D4D42646-11C6-27F6-E053-6C04A8C0A572","525000","2021-06-24","EC1A 7HN","F","N","L","FLAT 9","43","BARTHOLOMEW CLOSE","","LONDON","CITY OF LONDON","GREATER LONDON","A","http://landregistry.data.gov.uk/data/ppi/transaction/D4D42646-11C6-27F6-E053-6C04A8C0A572/current"
"25E9DA81-E63D-555E-E063-4704A8C066F2","820000","2023-08-18","EC1A 7HU","O","N","L","BASEMENT UNIT","1 - 3","NEWBURY STREET","","LONDON","CITY OF LONDON","GREATER LONDON","B","http://landregistry.data.gov.uk/data/ppi/transaction/25E9DA81-E63D-555E-E063-4704A8C066F2/current"
"F3B6C197-A807-6E40-E053-6C04A8C0B3B4","820000","2022-05-20","EC1A 7HU","F","N","L","FLAT 4","1 - 3","NEWBURY STREET","","LONDON","CITY OF LONDON","GREATER LONDON","A","http://landregistry.data.gov.uk/data/ppi/transaction/F3B6C197-A807-6E40-E053-6C04A8C0B3B4/current"
"F5E8B082-1FEA-3A13-E053-6C04A8C060B7","1400000","2022-11-18","EC1A 7HU","F","N","L","FLAT 7","1 - 3","NEWBURY STREET","","LONDON","CITY OF LONDON","GREATER LONDON","B","http://landregistry.data.gov.uk/data/ppi/transaction/F5E8B082-1FEA-3A13-E053-6C04A8C060B7/current"
"DBA933FA-80BC-669D-E053-6B04A8C0AD56","825000","2021-10-15","EC1A 7HU","O","N","L","GROUND FLOOR AND BASEMENT PREMISES","1 - 3","NEWBURY STREET","","LONDON","CITY OF LONDON","GREATER LONDON","B","http://landregistry.data.gov.uk/data/ppi/transaction/DBA933FA-80BC-669D-E053-6B04A8C0AD56/current"
"44F406B6-AE08-1095-E063-4704A8C048D4","975000","2025-10-31","EC1A 7HU","F","N","L","FLAT 3","1 - 6","NEWBURY STREET","","LONDON","CITY OF LONDON","GREATER LONDON","A","http://landregistry.data.gov.uk/data/ppi/transaction/44F406B6-AE08-1095-E063-4704A8C048D4/current"
"CFC9085D-66D8-9A70-E053-6B04A8C09D6A","1875000","2021-07-30","EC1A 7HU","O","N","L","","7 - 8","NEWBURY STREET","","LONDON","CITY OF LONDON","GREATER LONDON","B","http://landregistry.data.gov.uk/data/ppi/transaction/CFC9085D-66D8-9A70-E053-6B04A8C09D6A/current"
"2859C1AB-6D73-52B4-E063-4804A8C05948","1750000","2024-10-07","EC1A 7JA","T","N","F","","2","MIDDLE STREET","","LONDON","CITY OF LONDON","GREATER LONDON","A","http://landregistry.data.gov.uk/data/ppi/transaction/2859C1AB-6D73-52B4-E063-4804A8C05948/current"
"2F7F2B42-9B0D-E08F-E063-4804A8C05A49","1420000","2024-10-17","EC1A 7JA","T","N","F","","3","MIDDLE STREET","","LONDON","CITY OF LONDON","GREATER LONDON","A","http://landregistry.data.gov.uk/data/ppi/transaction/2F7F2B42-9B0D-E08F-E063-4804A8C05A49/current"
"7C2D06FF-A023-4963-E053-6B04A8C07B97","610000","2018-07-27","EC1A 7JA","F","N","L","FLAT C","5","MIDDLE STREET","","LONDON","CITY OF LONDON","GREATER LONDON","A","http://landregistry.data.gov.uk/data/ppi/transaction/7C2D06FF-A023-4963-E053-6B04A8C07B97/current"
"A96E4ACC-5EC6-9205-E053-6C04A8C0DA09","1850000","2020-03-27","EC1A 7JQ","T","N","F","","25","CLOTH FAIR","","LONDON","CITY OF LONDON","GREATER LONDON","A","http://landregistry.data.gov.uk/data/ppi/transaction/A96E4ACC-5EC6-9205-E053-6C04A8C0DA09/current"
"AE4D86D4-B060-4619-E053-6C04A8C03CD0","2810000","2020-03-27","EC1A 7JQ","O","N","F","","37","CLOTH FAIR","","LONDON","CITY OF LONDON","GREATER LONDON","B","http://landregistry.data.gov.uk/data/ppi/transaction/AE4D86D4-B060-4619-E053-6C04A8C03CD0/current"
"49E87C32-E4B4-591C-E063-4704A8C00C31","792500","2025-12-05","EC1A 7JQ","O","N","F","","51","CLOTH FAIR","","LONDON","CITY OF LONDON","GREATER LONDON","B","http://landregistry.data.gov.uk/data/ppi/transaction/49E87C32-E4B4-591C-E063-4704A8C00C31/current"
"0E082197-5FC6-5C09-E063-4704A8C0A10E","1075000","2023-10-19","EC1A 7LP","O","N","F","","12","EAST PASSAGE","","LONDON","CITY OF LONDON","GREATER LONDON","B","http://landregistry.data.gov.uk/data/ppi/transaction/0E082197-5FC6-5C09-E063-4704A8C0A10E/current"
"61D8894D-913E-3DE6-E053-6C04A8C01207","675000","2017-09-08","EC1A 7LS","F","N","L","APARTMENT 1","2","CLOTH COURT","","LONDON","CITY OF LONDON","GREATER LONDON","A","http://landregistry.data.gov.uk/data/ppi/transaction/61D8894D-913E-3DE6-E053-6C04A8C01207/current"
"98C75471-6E9C-72E9-E053-6B04A8C042F0","565000","2019-04-12","EC1A 7LS","F","N","L","APARTMENT 2","2","CLOTH COURT","","LONDON","CITY OF LONDON","GREATER LONDON","A","http://landregistry.data.gov.uk/data/ppi/transaction/98C75471-6E9C-72E9-E053-6B04A8C042F0/current"
"09266DDB-F1C9-AF90-E063-4704A8C02087","420000","2022-12-16","EC1A 9BW","F","N","L","FLAT G01","32","COCK LANE","","LONDON","CITY OF LONDON","GREATER LONDON","A","http://landregistry.data.gov.uk/data/ppi/transaction/09266DDB-F1C9-AF90-E063-4704A8C02087/current"
"09266DDB-F1C1-AF90-E063-4704A8C02087","575000","2023-08-24","EC1A 9BW","F","N","L","FLAT G02","32","COCK LANE","","LONDON","CITY OF LONDON","GREATER LONDON","A","http://landregistry.data.gov.uk/data/ppi/transaction/09266DDB-F1C1-AF90-E063-4704A8C02087/current"
"369DFB15-FFDD-3A19-E050-A8C0620518C6","630000","2016-05-19","EC1A 9BW","F","N","L","FLAT G02","32","COCK LANE","","LONDON","CITY OF LONDON","GREATER LONDON","A","http://landregistry.data.gov.uk/data/ppi/transaction/369DFB15-FFDD-3A19-E050-A8C0620518C6/current"
"5F54B81E-2CBA-2B45-E053-6B04A8C01FB0","1800000","2017-10-26","EC1A 9BW","O","N","L","GROUND FLOOR AND BASEMENT","35","COCK LANE","","LONDON","CITY OF LONDON","GREATER LONDON","B","http://landregistry.data.gov.uk/data/ppi/transaction/5F54B81E-2CBA-2B45-E053-6B04A8C01FB0/current"
"DE2D0CDF-F78A-51EE-E053-6C04A8C00671","800000","2022-03-29","EC1A 9BW","F","N","L","FLAT 202","37","COCK LANE","","LONDON","CITY OF LONDON","GREATER LONDON","A","http://landregistry.data.gov.uk/data/ppi/transaction/DE2D0CDF-F78A-51EE-E053-6C04A8C00671/current"
"CD5A9DCC-2406-310A-E053-6C04A8C00A1F","520000","2021-05-28","EC1A 9BW","F","N","L","FLAT 401","37","COCK LANE","","LONDON","CITY OF LONDON","GREATER LONDON","A","http://landregistry.data.gov.uk/data/ppi/transaction/CD5A9DCC-2406-310A-E053-6C04A8C00A1F/current"
"666758D7-177E-3363-E053-6B04A8C0D74E","600000","2018-02-02","EC1A 9BW","F","N","L","FLAT 501","37","COCK LANE","","LONDON","CITY OF LONDON","GREATER LONDON","A","http://landregistry.data.gov.uk/data/ppi/transaction/666758D7-177E-3363-E053-6B04A8C0D74E/current"
"5CF9903C-3DD8-7F13-E053-6C04A8C074B1","840000","2017-10-20","EC1A 9BW","F","N","L","FLAT 503","37","COCK LANE","","LONDON","CITY OF LONDON","GREATER LONDON","A","http://landregistry.data.gov.uk/data/ppi/transaction/5CF9903C-3DD8-7F13-E053-6C04A8C074B1/current"
"EED73E75-E950-6AF3-E053-6C04A8C08ABA","1966500","2022-08-03","EC1A 9BW","F","N","L","FLAT 601","37","COCK LANE","","LONDON","CITY OF LONDON","GREATER LONDON","A","http://landregistry.data.gov.uk/data/ppi/transaction/EED73E75-E950-6AF3-E053-6C04A8C08ABA/current"
"50D10B84-C963-B8D0-E063-4704A8C08D98","15700000","2026-03-25","EC1A 9DD","O","N","L","","1","GILTSPUR STREET","","LONDON","CITY OF LONDON","GREATER LONDON","B","http://landregistry.data.gov.uk/data/ppi/transaction/50D10B84-C963-B8D0-E063-4704A8C08D98/current"
"919FEC06-2900-9A90-E053-6C04A8C0A300","17790000","2019-08-09","EC1A 9DD","O","N","L","","1","GILTSPUR STREET","","LONDON","CITY OF LONDON","GREATER LONDON","B","http://landregistry.data.gov.uk/data/ppi/transaction/919FEC06-2900-9A90-E053-6C04A8C0A300/current"
"F87E72F9-BC20-176C-E053-6B04A8C0D2BE","3420000","2020-10-21","EC1A 9DS","O","N","F","","56","WEST SMITHFIELD","","LONDON","CITY OF LONDON","GREATER LONDON","B","http://landregistry.data.gov.uk/data/ppi/transaction/F87E72F9-BC20-176C-E053-6B04A8C0D2BE/current"
"49B78529-A6B2-7921-E050-A8C063056E8D","935750","2016-11-25","EC1A 9DS","F","N","L","FLAT 1","ST. BARTHOLOMEW HOUSE, 58","WEST SMITHFIELD","","LONDON","CITY OF LONDON","GREATER LONDON","A","http://landregistry.data.gov.uk/data/ppi/transaction/49B78529-A6B2-7921-E050-A8C063056E8D/current"
"F87E72F8-8995-176C-E053-6B04A8C0D2BE","1395000","2023-01-31","EC1A 9DS","F","N","L","FLAT 10","ST. BARTHOLOMEW HOUSE, 58","WEST SMITHFIELD","","LONDON","CITY OF LONDON","GREATER LONDON","A","http://landregistry.data.gov.uk/data/ppi/transaction/F87E72F8-8995-176C-E053-6B04A8C0D2BE/current"
"47844C7F-5A73-8986-E050-A8C063056488","1365000","2016-11-28","EC1A 9DS","F","N","L","FLAT 10","ST. BARTHOLOMEW HOUSE, 58","WEST SMITHFIELD","","LONDON","CITY OF LONDON","GREATER LONDON","A","http://landregistry.data.gov.uk/data/ppi/transaction/47844C7F-5A73-8986-E050-A8C063056488/current"
"4C4EDFFE-EFDD-1854-E050-A8C063054F34","1600000","2016-12-02","EC1A 9DS","F","Y","L","FLAT 11","ST. BARTHOLOMEW HOUSE, 58","WEST SMITHFIELD","","LONDON","CITY OF LONDON","GREATER LONDON","A","http://landregistry.data.gov.uk/data/ppi/transaction/4C4EDFFE-EFDD-1854-E050-A8C063054F34/current"
"4C4EDFFE-EE6B-1854-E050-A8C063054F34","870000","2016-12-09","EC1A 9DS","F","Y","L","FLAT 12","ST. BARTHOLOMEW HOUSE, 58","WEST SMITHFIELD","","LONDON","CITY OF LONDON","GREATER LONDON","A","http://landregistry.data.gov.uk/data/ppi/transaction/4C4EDFFE-EE6B-1854-E050-A8C063054F34/current"
"4C4EDFFE-EE4C-1854-E050-A8C063054F34","1400000","2016-11-29","EC1A 9DS","F","Y","L","FLAT 13","ST. BARTHOLOMEW HOUSE, 58","WEST SMITHFIELD","","LONDON","CITY OF LONDON","GREATER LONDON","A","http://landregistry.data.gov.uk/data/ppi/transaction/4C4EDFFE-EE4C-1854-E050-A8C063054F34/current"
"4C4EDFFE-EF24-1854-E050-A8C063054F34","1650000","2016-12-02","EC1A 9DS","F","Y","L","FLAT 14","ST. BARTHOLOMEW HOUSE, 58","WEST SMITHFIELD","","LONDON","CITY OF LONDON","GREATER LONDON","A","http://landregistry.data.gov.uk/data/ppi/transaction/4C4EDFFE-EF24-1854-E050-A8C063054F34/current"
"4C4EDFFE-EEBA-1854-E050-A8C063054F34","895000","2016-12-13","EC1A 9DS","F","Y","L","FLAT 15","ST. BARTHOLOMEW HOUSE, 58","WEST SMITHFIELD","","LONDON","CITY OF LONDON","GREATER LONDON","A","http://landregistry.data.gov.uk/data/ppi/transaction/4C4EDFFE-EEBA-1854-E050-A8C063054F34/current"
"E2D14904-FCE6-4C2D-E053-6B04A8C0422B","1500000","2021-06-25","EC1A 9DS","F","N","L","FLAT 16","ST. BARTHOLOMEW HOUSE, 58","WEST SMITHFIELD","","LONDON","CITY OF LONDON","GREATER LONDON","A","http://landregistry.data.gov.uk/data/ppi/transaction/E2D14904-FCE6-4C2D-E053-6B04A8C0422B/current"
"4C4EDFFE-EEBE-1854-E050-A8C063054F34","1345000","2016-11-28","EC1A 9DS","F","Y","L","FLAT 16","ST. BARTHOLOMEW HOUSE, 58","WEST SMITHFIELD","","LONDON","CITY OF LONDON","GREATER LONDON","A","http://landregistry.data.gov.uk/data/ppi/transaction/4C4EDFFE-EEBE-1854-E050-A8C063054F34/current"
"5A9D8B54-B62B-68EB-E053-6B04A8C0D293","2925000","2017-04-13","EC1A 9DS","F","Y","L","FLAT 17","ST. BARTHOLOMEW HOUSE, 58","WEST SMITHFIELD","","LONDON","CITY OF LONDON","GREATER LONDON","A","http://landregistry.data.gov.uk/data/ppi/transaction/5A9D8B54-B62B-68EB-E053-6B04A8C0D293/current"
"47844C7F-5A6F-8986-E050-A8C063056488","1280500","2016-11-25","EC1A 9DS","F","N","L","FLAT 2","ST. BARTHOLOMEW HOUSE, 58","WEST SMITHFIELD","","LONDON","CITY OF LONDON","GREATER LONDON","A","http://landregistry.data.gov.uk/data/ppi/transaction/47844C7F-5A6F-8986-E050-A8C063056488/current"
"4C4EDFFE-EE50-1854-E050-A8C063054F34","687747","2016-11-28","EC1A 9DS","F","Y","L","FLAT 3","ST. BARTHOLOMEW HOUSE, 58","WEST SMITHFIELD","","LONDON","CITY OF LONDON","GREATER LONDON","B","http://landregistry.data.gov.uk/data/ppi/transaction/4C4EDFFE-EE50-1854-E050-A8C063054F34/current"
"4C4EDFFE-EE9E-1854-E050-A8C063054F34","800000","2016-12-09","EC1A 9DS","F","Y","L","FLAT 4","ST. BARTHOLOMEW HOUSE, 58","WEST SMITHFIELD","","LONDON","CITY OF LONDON","GREATER LONDON","A","http://landregistry.data.gov.uk/data/ppi/transaction/4C4EDFFE-EE9E-1854-E050-A8C063054F34/current"
"DBA933FA-5C03-669D-E053-6B04A8C0AD56","900000","2021-10-14","EC1A 9DS","F","N","L","FLAT 5","ST. BARTHOLOMEW HOUSE, 58","WEST SMITHFIELD","","LONDON","CITY OF LONDON","GREATER LONDON","B","http://landregistry.data.gov.uk/data/ppi/transaction/DBA933FA-5C03-669D-E053-6B04A8C0AD56/current"
"4C4EDFFE-EE9F-1854-E050-A8C063054F34","900000","2016-12-13","EC1A 9DS","F","Y","L","FLAT 5","ST. BARTHOLOMEW HOUSE, 58","WEST SMITHFIELD","","LONDON","CITY OF LONDON","GREATER LONDON","A","http://landregistry.data.gov.uk/data/ppi/transaction/4C4EDFFE-EE9F-1854-E050-A8C063054F34/current"
"4C4EDFFE-EEF9-1854-E050-A8C063054F34","1350000","2016-12-07","EC1A 9DS","F","Y","L","FLAT 6","ST. BARTHOLOMEW HOUSE, 58","WEST SMITHFIELD","","LONDON","CITY OF LONDON","GREATER LONDON","A","http://landregistry.data.gov.uk/data/ppi/transaction/4C4EDFFE-EEF9-1854-E050-A8C063054F34/current"
"4C4EDFFE-EE35-1854-E050-A8C063054F34","696758","2016-12-02","EC1A 9DS","F","Y","L","FLAT 7","ST. BARTHOLOMEW HOUSE, 58","WEST SMITHFIELD","","LONDON","CITY OF LONDON","GREATER LONDON","A","http://landregistry.data.gov.uk/data/ppi/transaction/4C4EDFFE-EE35-1854-E050-A8C063054F34/current"
"31C68071-AF20-FEE3-E063-4804A8C04F37","865000","2025-03-13","EC1A 9DS","F","N","L","FLAT 8","ST. BARTHOLOMEW HOUSE, 58","WEST SMITHFIELD","","LONDON","CITY OF LONDON","GREATER LONDON","A","http://landregistry.data.gov.uk/data/ppi/transaction/31C68071-AF20-FEE3-E063-4804A8C04F37/current"
"4E95D757-148F-EDA1-E050-A8C0630539E2","805000","2016-12-02","EC1A 9DS","F","Y","L","FLAT 8","ST. BARTHOLOMEW HOUSE, 58","WEST SMITHFIELD","","LONDON","CITY OF LONDON","GREATER LONDON","A","http://landregistry.data.gov.uk/data/ppi/transaction/4E95D757-148F-EDA1-E050-A8C0630539E2/current"
"4C4EDFFE-EE67-1854-E050-A8C063054F34","900000","2016-12-02","EC1A 9DS","F","Y","L","FLAT 9","ST. BARTHOLOMEW HOUSE, 58","WEST SMITHFIELD","","LONDON","CITY OF LONDON","GREATER LONDON","A","http://landregistry.data.gov.uk/data/ppi/transaction/4C4EDFFE-EE67-1854-E050-A8C063054F34/current"
"5340B1C6-0648-8052-E063-4804A8C06EE4","103000","2026-05-12","EC1A 9DS","O","N","L","","59","WEST SMITHFIELD","","LONDON","CITY OF LONDON","GREATER LONDON","B","http://landregistry.data.gov.uk/data/ppi/transaction/5340B1C6-0648-8052-E063-4804A8C06EE4/current"
"402A3A66-ACA0-A7DF-E063-4804A8C0B80D","1250000","2024-09-25","EC1A 9DS","O","N","L","","59","WEST SMITHFIELD","","LONDON","CITY OF LONDON","GREATER LONDON","B","http://landregistry.data.gov.uk/data/ppi/transaction/402A3A66-ACA0-A7DF-E063-4804A8C0B80D/current"
"3914047A-83A0-3206-E050-A8C063057647","4740000","2016-06-30","EC1A 9DY","F","N","L","","61","WEST SMITHFIELD","","LONDON","CITY OF LONDON","GREATER LONDON","B","http://landregistry.data.gov.uk/data/ppi/transaction/3914047A-83A0-3206-E050-A8C063057647/current"
"1775CCF7-690F-38BA-E063-4704A8C05A7C","400000","2024-02-27","EC1A 9DY","F","N","L","FLAT 11","63","WEST SMITHFIELD","","LONDON","CITY OF LONDON","GREATER LONDON","A","http://landregistry.data.gov.uk/data/ppi/transaction/1775CCF7-690F-38BA-E063-4704A8C05A7C/current"
"2D1E4B26-9704-FCD1-E050-A8C0630544EC","380000","2016-02-16","EC1A 9DY","F","N","L","FLAT 12","63","WEST SMITHFIELD","","LONDON","CITY OF LONDON","GREATER LONDON","A","http://landregistry.data.gov.uk/data/ppi/transaction/2D1E4B26-9704-FCD1-E050-A8C0630544EC/current"
"68FEB20B-C126-38DA-E053-6C04A8C051AE","490000","2018-02-22","EC1A 9DY","F","N","L","FLAT 14","63","WEST SMITHFIELD","","LONDON","CITY OF LONDON","GREATER LONDON","A","http://landregistry.data.gov.uk/data/ppi/transaction/68FEB20B-C126-38DA-E053-6C04A8C051AE/current"
"773788C2-EF51-2CE4-E053-6C04A8C05E57","810000","2018-08-28","EC1A 9DY","F","N","L","FLAT 17","63","WEST SMITHFIELD","","LONDON","CITY OF LONDON","GREATER LONDON","A","http://landregistry.data.gov.uk/data/ppi/transaction/773788C2-EF51-2CE4-E053-6C04A8C05E57/current"
"4C1B6740-0765-D8EA-E063-4704A8C0BF7D","49000","2025-03-12","EC1A 9DY","O","N","F","","63","WEST SMITHFIELD","","LONDON","CITY OF LONDON","GREATER LONDON","B","http://landregistry.data.gov.uk/data/ppi/transaction/4C1B6740-0765-D8EA-E063-4704A8C0BF7D/current"
"44F406B6-ADBB-1095-E063-4704A8C048D4","482500","2025-11-07","EC1A 9DY","F","N","L","FLAT 12","64","WEST SMITHFIELD","","LONDON","CITY OF LONDON","GREATER LONDON","A","http://landregistry.data.gov.uk/data/ppi/transaction/44F406B6-ADBB-1095-E063-4704A8C048D4/current"
"1775CCF7-68FB-38BA-E063-4704A8C05A7C","540000","2024-04-08","EC1A 9DY","F","N","L","FLAT 5","64","WEST SMITHFIELD","","LONDON","CITY OF LONDON","GREATER LONDON","A","http://landregistry.data.gov.uk/data/ppi/transaction/1775CCF7-68FB-38BA-E063-4704A8C05A7C/current"
"FAC30767-54C7-5E20-E053-4704A8C004EE","590000","2022-10-18","EC1A 9DY","F","N","L","FLAT 6","64","WEST SMITHFIELD","","LONDON","CITY OF LONDON","GREATER LONDON","A","http://landregistry.data.gov.uk/data/ppi/transaction/FAC30767-54C7-5E20-E053-4704A8C004EE/current"
"1EAE3DF7-456E-9EB1-E063-4704A8C09D02","875000","2023-10-18","EC1A 9EJ","O","N","F","","56","LONG LANE","","LONDON","CITY OF LONDON","GREATER LONDON","B","http://landregistry.data.gov.uk/data/ppi/transaction/1EAE3DF7-456E-9EB1-E063-4704A8C09D02/current"
"6DA0844A-B9A6-30F2-E053-6B04A8C05F3B","1300000","2018-04-06","EC1A 9EJ","O","N","F","","68","LONG LANE","","LONDON","CITY OF LONDON","GREATER LONDON","B","http://landregistry.data.gov.uk/data/ppi/transaction/6DA0844A-B9A6-30F2-E053-6B04A8C05F3B/current"
"4C4EE000-4988-1854-E050-A8C063054F34","780000","2017-03-06","EC1A 9EJ","O","N","F","","68 - 70","LONG LANE","","LONDON","CITY OF LONDON","GREATER LONDON","B","http://landregistry.data.gov.uk/data/ppi/transaction/4C4EE000-4988-1854-E050-A8C063054F34/current"
"1061746E-B8E8-3C34-E063-4804A8C0F9E7","39500","2022-05-11","EC1A 9HP","O","N","L","AIRSPACE","4","LINDSEY STREET","","LONDON","CITY OF LONDON","GREATER LONDON","B","http://landregistry.data.gov.uk/data/ppi/transaction/1061746E-B8E8-3C34-E063-4804A8C0F9E7/current"
"98C75472-A0B1-72E9-E053-6B04A8C042F0","26415000","2018-04-11","EC1A 9HP","O","N","L","","4","LINDSEY STREET","","LONDON","CITY OF LONDON","GREATER LONDON","B","http://landregistry.data.gov.uk/data/ppi/transaction/98C75472-A0B1-72E9-E053-6B04A8C042F0/current"
"75050A86-187F-9A88-E053-6B04A8C02390","24999","2018-07-30","EC1A 9HY","O","N","L","","21","WEST SMITHFIELD","","LONDON","CITY OF LONDON","GREATER LONDON","B","http://landregistry.data.gov.uk/data/ppi/transaction/75050A86-187F-9A88-E053-6B04A8C02390/current"
"1775CCF7-D3AC-38BA-E063-4704A8C05A7C","875000","2024-03-28","EC1A 9JR","O","N","F","","8","WEST SMITHFIELD","","LONDON","CITY OF LONDON","GREATER LONDON","B","http://landregistry.data.gov.uk/data/ppi/transaction/1775CCF7-D3AC-38BA-E063-4704A8C05A7C/current"
"2859C1AC-D51B-52B4-E063-4804A8C05948","4366000","2024-07-05","EC1A 9JR","O","N","F","","9 - 10","WEST SMITHFIELD","","LONDON","CITY OF LONDON","GREATER LONDON","B","http://landregistry.data.gov.uk/data/ppi/transaction/2859C1AC-D51B-52B4-E063-4804A8C05948/current"
"68FEB20B-C136-38DA-E053-6C04A8C051AE","930000","2017-11-03","EC1A 9JR","F","N","L","FLAT 10","11 - 12","WEST SMITHFIELD","","LONDON","CITY OF LONDON","GREATER LONDON","A","http://landregistry.data.gov.uk/data/ppi/transaction/68FEB20B-C136-38DA-E053-6C04A8C051AE/current"
"B5755FFE-3869-7D01-E053-6C04A8C036B6","640000","2020-09-25","EC1A 9JR","F","N","L","FLAT 11","11 - 12","WEST SMITHFIELD","","LONDON","CITY OF LONDON","GREATER LONDON","A","http://landregistry.data.gov.uk/data/ppi/transaction/B5755FFE-3869-7D01-E053-6C04A8C036B6/current"
"B82222ED-A76C-6691-E053-6B04A8C02FB2","485000","2020-10-16","EC1A 9JR","O","N","L","FLAT 13","11 - 12","WEST SMITHFIELD","","LONDON","CITY OF LONDON","GREATER LONDON","B","http://landregistry.data.gov.uk/data/ppi/transaction/B82222ED-A76C-6691-E053-6B04A8C02FB2/current"
"47844C80-171D-8986-E050-A8C063056488","580000","2017-01-25","EC1A 9JR","F","N","L","FLAT 19","11 - 12","WEST SMITHFIELD","","LONDON","CITY OF LONDON","GREATER LONDON","A","http://landregistry.data.gov.uk/data/ppi/transaction/47844C80-171D-8986-E050-A8C063056488/current"
"CD5A9DCC-23E2-310A-E053-6C04A8C00A1F","450000","2021-05-28","EC1A 9JR","F","N","L","FLAT 20","11 - 12","WEST SMITHFIELD","","LONDON","CITY OF LONDON","GREATER LONDON","A","http://landregistry.data.gov.uk/data/ppi/transaction/CD5A9DCC-23E2-310A-E053-6C04A8C00A1F/current"
"404A5AF3-C79F-CD2B-E050-A8C063055C7B","550000","2016-09-27","EC1A 9JR","F","N","L","FLAT 21","11 - 12","WEST SMITHFIELD","","LONDON","CITY OF LONDON","GREATER LONDON","A","http://landregistry.data.gov.uk/data/ppi/transaction/404A5AF3-C79F-CD2B-E050-A8C063055C7B/current"
"79A74E22-7CC2-1289-E053-6B04A8C01627","60000","2018-09-26","EC1A 9JX","O","N","L","FIRST FLOOR OFFICES","1","WEST SMITHFIELD","","LONDON","CITY OF LONDON","GREATER LONDON","B","http://landregistry.data.gov.uk/data/ppi/transaction/79A74E22-7CC2-1289-E053-6B04A8C01627/current"
"AC07BBD0-A3EF-0445-E053-6C04A8C01E31","3900000","2019-08-21","EC1A 9LB","O","N","F","","BIRD OF SMITHFIELD, 26","SMITHFIELD STREET","","LONDON","CITY OF LONDON","GREATER LONDON","B","http://landregistry.data.gov.uk/data/ppi/transaction/AC07BBD0-A3EF-0445-E053-6C04A8C01E31/current"
"87E1551E-CE90-6405-E053-6C04A8C0B2EE","2899998","2018-09-28","EC1A 9LB","O","N","F","","BIRD OF SMITHFIELD, 26","SMITHFIELD STREET","","LONDON","CITY OF LONDON","GREATER LONDON","B","http://landregistry.data.gov.uk/data/ppi/transaction/87E1551E-CE90-6405-E053-6C04A8C0B2EE/current"
"5CF9903C-3DD3-7F13-E053-6C04A8C074B1","532500","2017-10-03","EC1A 9LJ","F","N","L","APARTMENT 101","10","HOSIER LANE","","LONDON","CITY OF LONDON","GREATER LONDON","A","http://landregistry.data.gov.uk/data/ppi/transaction/5CF9903C-3DD3-7F13-E053-6C04A8C074B1/current"
"C3C3F9B6-10C7-362B-E053-6B04A8C03ACC","445000","2021-03-04","EC1A 9LJ","F","N","L","APARTMENT 109","10","HOSIER LANE","","LONDON","CITY OF LONDON","GREATER LONDON","A","http://landregistry.data.gov.uk/data/ppi/transaction/C3C3F9B6-10C7-362B-E053-6B04A8C03ACC/current"
"7011B109-A663-8ED6-E053-6B04A8C075C1","390000","2018-06-08","EC1A 9LJ","F","N","L","APARTMENT 115","10","HOSIER LANE","","LONDON","CITY OF LONDON","GREATER LONDON","A","http://landregistry.data.gov.uk/data/ppi/transaction/7011B109-A663-8ED6-E053-6B04A8C075C1/current"
"237B17FE-E1EA-22AC-E063-4804A8C0EA3A","535000","2024-08-29","EC1A 9LJ","F","N","L","APARTMENT 116","10","HOSIER LANE","","LONDON","CITY OF LONDON","GREATER LONDON","B","http://landregistry.data.gov.uk/data/ppi/transaction/237B17FE-E1EA-22AC-E063-4804A8C0EA3A/current"
"5A9D8B55-752E-68EB-E053-6B04A8C0D293","560000","2017-09-01","EC1A 9LJ","F","N","L","APARTMENT 202","10","HOSIER LANE","","LONDON","CITY OF LONDON","GREATER LONDON","A","http://landregistry.data.gov.uk/data/ppi/transaction/5A9D8B55-752E-68EB-E053-6B04A8C0D293/current"
"EA3278AA-4011-2676-E053-6B04A8C015F8","485000","2022-08-25","EC1A 9LJ","F","N","L","APARTMENT 203","10","HOSIER LANE","","LONDON","CITY OF LONDON","GREATER LONDON","A","http://landregistry.data.gov.uk/data/ppi/transaction/EA3278AA-4011-2676-E053-6B04A8C015F8/current"
"1775CCF7-6925-38BA-E063-4704A8C05A7C","520000","2023-12-20","EC1A 9LJ","F","N","L","APARTMENT 213","10","HOSIER LANE","","LONDON","CITY OF LONDON","GREATER LONDON","A","http://landregistry.data.gov.uk/data/ppi/transaction/1775CCF7-6925-38BA-E063-4704A8C05A7C/current"
"25E9DA81-2754-555E-E063-4704A8C066F2","540000","2024-05-31","EC1A 9LJ","F","N","L","APARTMENT G1","10","HOSIER LANE","","LONDON","CITY OF LONDON","GREATER LONDON","A","http://landregistry.data.gov.uk/data/ppi/transaction/25E9DA81-2754-555E-E063-4704A8C066F2/current"
"402A3A66-CF68-A7DF-E063-4804A8C0B80D","400000","2025-09-02","EC1A 9LJ","F","N","L","APARTMENT G3","10","HOSIER LANE","","LONDON","CITY OF LONDON","GREATER LONDON","B","http://landregistry.data.gov.uk/data/ppi/transaction/402A3A66-CF68-A7DF-E063-4804A8C0B80D/current"
"31FB4C17-B1E8-57B9-E050-A8C063053436","477500","2016-03-31","EC1A 9LJ","F","N","L","APARTMENT G5","10","HOSIER LANE","","LONDON","CITY OF LONDON","GREATER LONDON","A","http://landregistry.data.gov.uk/data/ppi/transaction/31FB4C17-B1E8-57B9-E050-A8C063053436/current"
"42A5A709-7F2B-56E8-E050-A8C06205331E","3000000","2016-10-28","EC1A 9LQ","F","N","L","GROUND AND LOWER GROUND FLOOR PREMISES","14","HOSIER LANE","","LONDON","CITY OF LONDON","GREATER LONDON","A","http://landregistry.data.gov.uk/data/ppi/transaction/42A5A709-7F2B-56E8-E050-A8C06205331E/current"
"34428D7E-C1E1-B86C-E050-A8C06205059C","25000","2016-05-09","EC1A 9LQ","O","N","L","FIRST FLOOR","25","HOSIER LANE","","LONDON","CITY OF LONDON","GREATER LONDON","B","http://landregistry.data.gov.uk/data/ppi/transaction/34428D7E-C1E1-B86C-E050-A8C06205059C/current"
"E53EDD2E-0597-83EC-E053-6B04A8C03A59","525000","2021-09-30","EC1A 9LS","F","N","L","APARTMENT 311","10","HOSIER LANE","","LONDON","CITY OF LONDON","GREATER LONDON","A","http://landregistry.data.gov.uk/data/ppi/transaction/E53EDD2E-0597-83EC-E053-6B04A8C03A59/current"
"2ACACE8D-1307-295E-E063-4804A8C0B0EB","420000","2024-11-20","EC1A 9LS","F","N","L","APARTMENT 314","10","HOSIER LANE","","LONDON","CITY OF LONDON","GREATER LONDON","A","http://landregistry.data.gov.uk/data/ppi/transaction/2ACACE8D-1307-295E-E063-4804A8C0B0EB/current"
"49E87C32-35ED-591C-E063-4704A8C00C31","450000","2026-01-08","EC1A 9LS","F","N","L","APARTMENT 402","10","HOSIER LANE","","LONDON","CITY OF LONDON","GREATER LONDON","A","http://landregistry.data.gov.uk/data/ppi/transaction/49E87C32-35ED-591C-E063-4704A8C00C31/current"
"D22473F5-BACE-7B40-E053-6C04A8C0A630","515000","2021-09-08","EC1A 9LS","F","N","L","APARTMENT 414","10","HOSIER LANE","","LONDON","CITY OF LONDON","GREATER LONDON","A","http://landregistry.data.gov.uk/data/ppi/transaction/D22473F5-BACE-7B40-E053-6C04A8C0A630/current"
"B5755FFE-3884-7D01-E053-6C04A8C036B6","604250","2020-09-09","EC1A 9LS","F","N","L","APARTMENT 512","10","HOSIER LANE","","LONDON","CITY OF LONDON","GREATER LONDON","A","http://landregistry.data.gov.uk/data/ppi/transaction/B5755FFE-3884-7D01-E053-6C04A8C036B6/current"
"F87E72F9-3904-176C-E053-6B04A8C0D2BE","530000","2023-02-23","EC1A 9LS","F","N","L","APARTMENT 601","10","HOSIER LANE","","LONDON","CITY OF LONDON","GREATER LONDON","A","http://landregistry.data.gov.uk/data/ppi/transaction/F87E72F9-3904-176C-E053-6B04A8C0D2BE/current"
"AC07BBD0-4AD5-0445-E053-6C04A8C01E31","520000","2020-05-21","EC1A 9LS","F","N","L","APARTMENT 606","10","HOSIER LANE","","LONDON","CITY OF LONDON","GREATER LONDON","A","http://landregistry.data.gov.uk/data/ppi/transaction/AC07BBD0-4AD5-0445-E053-6C04A8C01E31/current"
"4777E0AE-F7EE-5D59-E063-4804A8C09F8E","500000","2025-12-15","EC1A 9LS","F","N","L","APARTMENT 703","10","HOSIER LANE","","LONDON","CITY OF LONDON","GREATER LONDON","A","http://landregistry.data.gov.uk/data/ppi/transaction/4777E0AE-F7EE-5D59-E063-4804A8C09F8E/current"
"4C4EE000-500C-1854-E050-A8C063054F34","595000","2017-02-28","EC1A 9LS","O","N","L","APARTMENT 705","10","HOSIER LANE","","LONDON","CITY OF LONDON","GREATER LONDON","B","http://landregistry.data.gov.uk/data/ppi/transaction/4C4EE000-500C-1854-E050-A8C063054F34/current"
"49E87C32-E418-591C-E063-4704A8C00C31","4950000","2025-08-05","EC1A 9PL","O","N","F","","18 - 19","LONG LANE","","LONDON","CITY OF LONDON","GREATER LONDON","B","http://landregistry.data.gov.uk/data/ppi/transaction/49E87C32-E418-591C-E063-4704A8C00C31/current"
"1775CCF7-D50B-38BA-E063-4704A8C05A7C","30000","2022-08-19","EC1A 9PN","O","N","L","","13","LONG LANE","","LONDON","CITY OF LONDON","GREATER LONDON","B","http://landregistry.data.gov.uk/data/ppi/transaction/1775CCF7-D50B-38BA-E063-4704A8C05A7C/current"
"3DCCB7CA-C5D1-5B9D-E063-4704A8C0331E","530050","2024-10-10","EC1A 9PN","F","N","L","FLAT 2","17","LONG LANE","","LONDON","CITY OF LONDON","GREATER LONDON","B","http://landregistry.data.gov.uk/data/ppi/transaction/3DCCB7CA-C5D1-5B9D-E063-4704A8C0331E/current"
"E53EDD2E-B1C2-83EC-E053-6B04A8C03A59","824535","2022-03-24","EC1A 9PN","F","N","L","FLAT 3","17","LONG LANE","","LONDON","CITY OF LONDON","GREATER LONDON","B","http://landregistry.data.gov.uk/data/ppi/transaction/E53EDD2E-B1C2-83EC-E053-6B04A8C03A59/current"
"A96E4ACC-E4A8-9205-E053-6C04A8C0DA09","765820","2020-04-30","EC1A 9PN","F","N","L","FLAT 4","17","LONG LANE","","LONDON","CITY OF LONDON","GREATER LONDON","B","http://landregistry.data.gov.uk/data/ppi/transaction/A96E4ACC-E4A8-9205-E053-6C04A8C0DA09/current"
"44F406B7-44F4-1095-E063-4704A8C048D4","699995","2025-10-20","EC1A 9PN","F","N","L","FLAT 5","17","LONG LANE","","LONDON","CITY OF LONDON","GREATER LONDON","B","http://landregistry.data.gov.uk/data/ppi/transaction/44F406B7-44F4-1095-E063-4704A8C048D4/current"
"EA3278AA-F054-2676-E053-6B04A8C015F8","575190","2022-04-28","EC1A 9PN","F","N","L","FLAT 6","17","LONG LANE","","LONDON","CITY OF LONDON","GREATER LONDON","B","http://landregistry.data.gov.uk/data/ppi/transaction/EA3278AA-F054-2676-E053-6B04A8C015F8/current"
"31C68072-FDE1-FEE3-E063-4804A8C04F37","625000","2025-03-07","EC1A 9PN","F","N","L","FLAT 7","17","LONG LANE","","LONDON","CITY OF LONDON","GREATER LONDON","B","http://landregistry.data.gov.uk/data/ppi/transaction/31C68072-FDE1-FEE3-E063-4804A8C04F37/current"
"A96E4ACC-E4AA-9205-E053-6C04A8C0DA09","636405","2020-04-30","EC1A 9PN","F","N","L","FLAT 8","17","LONG LANE","","LONDON","CITY OF LONDON","GREATER LONDON","B","http://landregistry.data.gov.uk/data/ppi/transaction/A96E4ACC-E4AA-9205-E053-6C04A8C0DA09/current"
"1C3E72FE-E925-F410-E063-4804A8C0DFA6","2250000","2023-09-15","EC1A 9PQ","O","N","L","20","EAST MARKET BUILDING","LONDON CENTRAL MARKETS","","LONDON","CITY OF LONDON","GREATER LONDON","B","http://landregistry.data.gov.uk/data/ppi/transaction/1C3E72FE-E925-F410-E063-4804A8C0DFA6/current"
"98C75472-A06E-72E9-E053-6B04A8C042F0","1000000","2019-11-08","EC1A 9PQ","O","N","L","8-10","EAST MARKET BUILDING","LONDON CENTRAL MARKETS","","LONDON","CITY OF LONDON","GREATER LONDON","B","http://landregistry.data.gov.uk/data/ppi/transaction/98C75472-A06E-72E9-E053-6B04A8C042F0/current"
"8355F009-B423-55C5-E053-6B04A8C0D090","400000","2019-01-20","EC1A 9PS","O","N","L","34","WEST MARKET BUILDING","LONDON CENTRAL MARKETS","","LONDON","CITY OF LONDON","GREATER LONDON","B","http://landregistry.data.gov.uk/data/ppi/transaction/8355F009-B423-55C5-E053-6B04A8C0D090/current"
"47844C80-9E65-8986-E050-A8C063056488","300000","2016-07-19","EC1A 9PS","O","N","L","38","WEST MARKET BUILDING","LONDON CENTRAL MARKETS","","LONDON","CITY OF LONDON","GREATER LONDON","B","http://landregistry.data.gov.uk/data/ppi/transaction/47844C80-9E65-8986-E050-A8C063056488/current"
"42A5A70A-0A38-56E8-E050-A8C06205331E","100000","2016-10-24","EC1A 9PS","O","N","L","41","WEST MARKET BUILDING","LONDON CENTRAL MARKETS","","LONDON","CITY OF LONDON","GREATER LONDON","B","http://landregistry.data.gov.uk/data/ppi/transaction/42A5A70A-0A38-56E8-E050-A8C06205331E/current"
"3DCCB7CA-3347-5B9D-E063-4704A8C0331E","1300000","2025-03-21","EC1M 6AD","F","N","L","FLAT 10","15","CARTHUSIAN STREET","","LONDON","CITY OF LONDON","GREATER LONDON","A","http://landregistry.data.gov.uk/data/ppi/transaction/3DCCB7CA-3347-5B9D-E063-4704A8C0331E/current"
"0B853950-3670-69A5-E063-4704A8C07DAC","750000","2023-11-03","EC1M 6AD","F","N","L","FLAT 11","15","CARTHUSIAN STREET","","LONDON","CITY OF LONDON","GREATER LONDON","A","http://landregistry.data.gov.uk/data/ppi/transaction/0B853950-3670-69A5-E063-4704A8C07DAC/current"
"2859C1AB-CB63-52B4-E063-4804A8C05948","565000","2023-09-14","EC1M 6AD","F","N","L","FLAT 3","15","CARTHUSIAN STREET","","LONDON","CITY OF LONDON","GREATER LONDON","B","http://landregistry.data.gov.uk/data/ppi/transaction/2859C1AB-CB63-52B4-E063-4804A8C05948/current"
"237B17FE-4160-22AC-E063-4804A8C0EA3A","485000","2024-09-06","EC1M 6AD","F","N","L","FLAT 4","15","CARTHUSIAN STREET","","LONDON","CITY OF LONDON","GREATER LONDON","A","http://landregistry.data.gov.uk/data/ppi/transaction/237B17FE-4160-22AC-E063-4804A8C0EA3A/current"
"E53EDD2E-05DC-83EC-E053-6B04A8C03A59","740000","2022-06-24","EC1M 6AD","F","N","L","FLAT 5","15","CARTHUSIAN STREET","","LONDON","CITY OF LONDON","GREATER LONDON","A","http://landregistry.data.gov.uk/data/ppi/transaction/E53EDD2E-05DC-83EC-E053-6B04A8C03A59/current"
"D707E536-5F0B-0AD9-E053-6B04A8C067CC","6300000","2021-04-26","EC1M 6EA","O","N","L","","33 - 37","CHARTERHOUSE SQUARE","","LONDON","CITY OF LONDON","GREATER LONDON","B","http://landregistry.data.gov.uk/data/ppi/transaction/D707E536-5F0B-0AD9-E053-6B04A8C067CC/current"
"D707E534-B734-0AD9-E053-6B04A8C067CC","4900000","2021-06-22","EC1M 6EA","F","N","L","FLAT SECOND & THIRD FLOOR","41","CHARTERHOUSE SQUARE","","LONDON","CITY OF LONDON","GREATER LONDON","A","http://landregistry.data.gov.uk/data/ppi/transaction/D707E534-B734-0AD9-E053-6B04A8C067CC/current"
"44F406B7-20CB-1095-E063-4704A8C048D4","1150000","2024-11-30","EC1M 6EA","F","N","L","GROUND FLOOR","41","CHARTERHOUSE SQUARE","","LONDON","CITY OF LONDON","GREATER LONDON","B","http://landregistry.data.gov.uk/data/ppi/transaction/44F406B7-20CB-1095-E063-4704A8C048D4/current"
"55BDCAE6-E2BE-521D-E053-6B04A8C0DD7A","1000000","2017-01-24","EC1M 6EA","O","N","L","","41","CHARTERHOUSE SQUARE","","LONDON","CITY OF LONDON","GREATER LONDON","B","http://landregistry.data.gov.uk/data/ppi/transaction/55BDCAE6-E2BE-521D-E053-6B04A8C0DD7A/current"
"4E95D758-1044-EDA1-E050-A8C0630539E2","1100000","2016-12-16","EC1M 6EA","O","N","L","BASEMENT FLAT","42","CHARTERHOUSE SQUARE","","LONDON","CITY OF LONDON","GREATER LONDON","B","http://landregistry.data.gov.uk/data/ppi/transaction/4E95D758-1044-EDA1-E050-A8C0630539E2/current"
"B82222EC-B865-6691-E053-6B04A8C02FB2","1300000","2020-11-06","EC1M 6EA","F","N","L","FOURTH FLOOR","43","CHARTERHOUSE SQUARE","","LONDON","CITY OF LONDON","GREATER LONDON","A","http://landregistry.data.gov.uk/data/ppi/transaction/B82222EC-B865-6691-E053-6B04A8C02FB2/current"
"3B5CE842-7DDA-EE3A-E063-4804A8C0D6F1","138180","2024-07-05","EC1M 6EB","O","N","L","","FIRST FLOOR NORTH, 9 - 11","CARTHUSIAN STREET","","LONDON","CITY OF LONDON","GREATER LONDON","B","http://landregistry.data.gov.uk/data/ppi/transaction/3B5CE842-7DDA-EE3A-E063-4804A8C0D6F1/current"
"01EB45EF-AC37-40F3-E063-4704A8C05FDE","5350000","2023-06-12","EC1M 6EW","F","N","L","THIRD FLOOR","43","CHARTERHOUSE SQUARE","","LONDON","CITY OF LONDON","GREATER LONDON","A","http://landregistry.data.gov.uk/data/ppi/transaction/01EB45EF-AC37-40F3-E063-4704A8C05FDE/current"
"A96E4ACC-C927-9205-E053-6C04A8C0DA09","20000","2018-10-26","EC1M 7AA","O","N","L","","26","GOSWELL ROAD","","LONDON","CITY OF LONDON","GREATER LONDON","B","http://landregistry.data.gov.uk/data/ppi/transaction/A96E4ACC-C927-9205-E053-6C04A8C0DA09/current"
"404A5AF4-6853-CD2B-E050-A8C063055C7B","33000000","2016-10-24","EC1N 2HB","O","N","L","","5","HOLBORN CIRCUS","","LONDON","CITY OF LONDON","GREATER LONDON","B","http://landregistry.data.gov.uk/data/ppi/transaction/404A5AF4-6853-CD2B-E050-A8C063055C7B/current"
"F3B6C199-2E49-6E40-E053-6C04A8C0B3B4","16215000","2022-07-01","EC1N 2JD","O","N","L","","HALTON HOUSE, 20 - 23","HOLBORN","","LONDON","CITY OF LONDON","GREATER LONDON","B","http://landregistry.data.gov.uk/data/ppi/transaction/F3B6C199-2E49-6E40-E053-6C04A8C0B3B4/current"
"A2479555-132F-74C7-E053-6B04A8C0887D","1420250","2019-07-26","EC1N 2JT","F","N","L","APARTMENT E1","1 - 6","DYERS BUILDINGS","","LONDON","CITY OF LONDON","GREATER LONDON","A","http://landregistry.data.gov.uk/data/ppi/transaction/A2479555-132F-74C7-E053-6B04A8C0887D/current"
"80E1AA97-A838-7BF8-E053-6C04A8C00BF2","1255500","2018-05-14","EC1N 2JT","F","N","L","APARTMENT E10","1 - 6","DYERS BUILDINGS","","LONDON","CITY OF LONDON","GREATER LONDON","A","http://landregistry.data.gov.uk/data/ppi/transaction/80E1AA97-A838-7BF8-E053-6C04A8C00BF2/current"
"773788C2-33BE-2CE4-E053-6C04A8C05E57","976000","2018-05-14","EC1N 2JT","F","N","L","APARTMENT E11","1 - 6","DYERS BUILDINGS","","LONDON","CITY OF LONDON","GREATER LONDON","A","http://landregistry.data.gov.uk/data/ppi/transaction/773788C2-33BE-2CE4-E053-6C04A8C05E57/current"
"773788C2-33BA-2CE4-E053-6C04A8C05E57","925350","2018-05-15","EC1N 2JT","F","N","L","APARTMENT E12","1 - 6","DYERS BUILDINGS","","LONDON","CITY OF LONDON","GREATER LONDON","A","http://landregistry.data.gov.uk/data/ppi/transaction/773788C2-33BA-2CE4-E053-6C04A8C05E57/current"
"BA558B32-1E31-76EF-E053-6B04A8C0B4B7","832350","2020-02-10","EC1N 2JT","F","N","L","APARTMENT E13","1 - 6","DYERS BUILDINGS","","LONDON","CITY OF LONDON","GREATER LONDON","A","http://landregistry.data.gov.uk/data/ppi/transaction/BA558B32-1E31-76EF-E053-6B04A8C0B4B7/current"
"B32EBB13-3C9F-3C99-E053-6C04A8C09CA1","1835400","2019-12-05","EC1N 2JT","F","N","L","APARTMENT E14","1 - 6","DYERS BUILDINGS","","LONDON","CITY OF LONDON","GREATER LONDON","A","http://landregistry.data.gov.uk/data/ppi/transaction/B32EBB13-3C9F-3C99-E053-6C04A8C09CA1/current"
"1C3E72FD-C89B-F410-E063-4804A8C0DFA6","1560000","2023-06-13","EC1N 2JT","F","N","L","APARTMENT E15","1 - 6","DYERS BUILDINGS","","LONDON","CITY OF LONDON","GREATER LONDON","A","http://landregistry.data.gov.uk/data/ppi/transaction/1C3E72FD-C89B-F410-E063-4804A8C0DFA6/current"
"36A61A94-3F3F-DEF2-E063-4704A8C046AE","1490000","2023-08-15","EC1N 2JT","F","N","L","APARTMENT E16","1 - 6","DYERS BUILDINGS","","LONDON","CITY OF LONDON","GREATER LONDON","A","http://landregistry.data.gov.uk/data/ppi/transaction/36A61A94-3F3F-DEF2-E063-4704A8C046AE/current"
"75050A84-A9CD-9A88-E053-6B04A8C02390","2200000","2018-05-15","EC1N 2JT","F","N","L","APARTMENT E17","1 - 6","DYERS BUILDINGS","","LONDON","CITY OF LONDON","GREATER LONDON","A","http://landregistry.data.gov.uk/data/ppi/transaction/75050A84-A9CD-9A88-E053-6B04A8C02390/current"
"7C2D06FF-A0AD-4963-E053-6B04A8C07B97","1700000","2018-08-06","EC1N 2JT","F","N","L","APARTMENT E2","1 - 6","DYERS BUILDINGS","","LONDON","CITY OF LONDON","GREATER LONDON","A","http://landregistry.data.gov.uk/data/ppi/transaction/7C2D06FF-A0AD-4963-E053-6B04A8C07B97/current"
"25E9DA81-C1B3-555E-E063-4704A8C066F2","1725000","2022-06-30","EC1N 2JT","F","N","L","APARTMENT E3","1 - 6","DYERS BUILDINGS","","LONDON","CITY OF LONDON","GREATER LONDON","B","http://landregistry.data.gov.uk/data/ppi/transaction/25E9DA81-C1B3-555E-E063-4704A8C066F2/current"
"AE4D86D4-994D-4619-E053-6C04A8C03CD0","1750000","2019-10-30","EC1N 2JT","F","N","L","APARTMENT E4","1 - 6","DYERS BUILDINGS","","LONDON","CITY OF LONDON","GREATER LONDON","B","http://landregistry.data.gov.uk/data/ppi/transaction/AE4D86D4-994D-4619-E053-6C04A8C03CD0/current"
"31C68072-DFC5-FEE3-E063-4804A8C04F37","1300000","2024-05-30","EC1N 2JT","F","N","L","APARTMENT E5","1 - 6","DYERS BUILDINGS","","LONDON","CITY OF LONDON","GREATER LONDON","B","http://landregistry.data.gov.uk/data/ppi/transaction/31C68072-DFC5-FEE3-E063-4804A8C04F37/current"
"773788C2-33BD-2CE4-E053-6C04A8C05E57","1255500","2018-05-14","EC1N 2JT","F","N","L","APARTMENT E6","1 - 6","DYERS BUILDINGS","","LONDON","CITY OF LONDON","GREATER LONDON","A","http://landregistry.data.gov.uk/data/ppi/transaction/773788C2-33BD-2CE4-E053-6C04A8C05E57/current"
"80E1AA97-A892-7BF8-E053-6C04A8C00BF2","976500","2018-05-25","EC1N 2JT","F","N","L","APARTMENT E7","1 - 6","DYERS BUILDINGS","","LONDON","CITY OF LONDON","GREATER LONDON","A","http://landregistry.data.gov.uk/data/ppi/transaction/80E1AA97-A892-7BF8-E053-6C04A8C00BF2/current"
"80E1AA97-A837-7BF8-E053-6C04A8C00BF2","924950","2018-05-14","EC1N 2JT","F","N","L","APARTMENT E8","1 - 6","DYERS BUILDINGS","","LONDON","CITY OF LONDON","GREATER LONDON","A","http://landregistry.data.gov.uk/data/ppi/transaction/80E1AA97-A837-7BF8-E053-6C04A8C00BF2/current"
"773788C2-335A-2CE4-E053-6C04A8C05E57","930000","2018-05-14","EC1N 2JT","F","N","L","APARTMENT E9","1 - 6","DYERS BUILDINGS","","LONDON","CITY OF LONDON","GREATER LONDON","A","http://landregistry.data.gov.uk/data/ppi/transaction/773788C2-335A-2CE4-E053-6C04A8C05E57/current"
"75050A84-A9B6-9A88-E053-6B04A8C02390","935000","2018-05-15","EC1N 2JT","F","N","L","APARTMENT W10","1 - 6","DYERS BUILDINGS","","LONDON","CITY OF LONDON","GREATER LONDON","A","http://landregistry.data.gov.uk/data/ppi/transaction/75050A84-A9B6-9A88-E053-6B04A8C02390/current"
"9FF0D96A-6815-11ED-E053-6C04A8C06383","810000","2019-06-07","EC1N 2JT","F","N","L","APARTMENT W11","1 - 6","DYERS BUILDINGS","","LONDON","CITY OF LONDON","GREATER LONDON","B","http://landregistry.data.gov.uk/data/ppi/transaction/9FF0D96A-6815-11ED-E053-6C04A8C06383/current"
"0B85394F-8D90-69A5-E063-4704A8C07DAC","1475000","2022-05-27","EC1N 2JT","F","N","L","APARTMENT W12","1 - 6","DYERS BUILDINGS","","LONDON","CITY OF LONDON","GREATER LONDON","A","http://landregistry.data.gov.uk/data/ppi/transaction/0B85394F-8D90-69A5-E063-4704A8C07DAC/current"
"80E1AA97-A7F0-7BF8-E053-6C04A8C00BF2","1420000","2018-09-10","EC1N 2JT","F","N","L","APARTMENT W13","1 - 6","DYERS BUILDINGS","","LONDON","CITY OF LONDON","GREATER LONDON","A","http://landregistry.data.gov.uk/data/ppi/transaction/80E1AA97-A7F0-7BF8-E053-6C04A8C00BF2/current"
"7011B108-FFB5-8ED6-E053-6B04A8C075C1","1025000","2018-03-21","EC1N 2JT","F","N","L","APARTMENT W14","1 - 6","DYERS BUILDINGS","","LONDON","CITY OF LONDON","GREATER LONDON","A","http://landregistry.data.gov.uk/data/ppi/transaction/7011B108-FFB5-8ED6-E053-6B04A8C075C1/current"
"BC8936BB-3298-0E2C-E053-6C04A8C0DBF4","1800000","2020-08-12","EC1N 2JT","F","N","L","APARTMENT W16","1 - 6","DYERS BUILDINGS","","LONDON","CITY OF LONDON","GREATER LONDON","A","http://landregistry.data.gov.uk/data/ppi/transaction/BC8936BB-3298-0E2C-E053-6C04A8C0DBF4/current"
"1C3E72FD-C8C0-F410-E063-4804A8C0DFA6","1370000","2023-06-30","EC1N 2JT","F","N","L","APARTMENT W17","1 - 6","DYERS BUILDINGS","","LONDON","CITY OF LONDON","GREATER LONDON","A","http://landregistry.data.gov.uk/data/ppi/transaction/1C3E72FD-C8C0-F410-E063-4804A8C0DFA6/current"
"1C3E72FD-C933-F410-E063-4804A8C0DFA6","1360000","2023-12-22","EC1N 2JT","F","N","L","APARTMENT W18","1 - 6","DYERS BUILDINGS","","LONDON","CITY OF LONDON","GREATER LONDON","A","http://landregistry.data.gov.uk/data/ppi/transaction/1C3E72FD-C933-F410-E063-4804A8C0DFA6/current"
"2859C1AB-76CD-52B4-E063-4804A8C05948","1300000","2024-01-16","EC1N 2JT","F","N","L","APARTMENT W3","1 - 6","DYERS BUILDINGS","","LONDON","CITY OF LONDON","GREATER LONDON","A","http://landregistry.data.gov.uk/data/ppi/transaction/2859C1AB-76CD-52B4-E063-4804A8C05948/current"
"5340B1C5-1885-8052-E063-4804A8C06EE4","1225000","2025-04-28","EC1N 2JT","F","N","L","APARTMENT W5","1 - 6","DYERS BUILDINGS","","LONDON","CITY OF LONDON","GREATER LONDON","A","http://landregistry.data.gov.uk/data/ppi/transaction/5340B1C5-1885-8052-E063-4804A8C06EE4/current"
"A2479555-C4A9-74C7-E053-6B04A8C0887D","820000","2019-08-09","EC1N 2JT","F","N","L","APARTMENT W7","1 - 6","DYERS BUILDINGS","","LONDON","CITY OF LONDON","GREATER LONDON","B","http://landregistry.data.gov.uk/data/ppi/transaction/A2479555-C4A9-74C7-E053-6B04A8C0887D/current"
"9FF0D969-6A62-11ED-E053-6C04A8C06383","1500000","2019-06-21","EC1N 2JT","F","N","L","APARTMENT W8","1 - 6","DYERS BUILDINGS","","LONDON","CITY OF LONDON","GREATER LONDON","A","http://landregistry.data.gov.uk/data/ppi/transaction/9FF0D969-6A62-11ED-E053-6C04A8C06383/current"
"80E1AA97-A7F9-7BF8-E053-6C04A8C00BF2","1395000","2018-09-10","EC1N 2JT","F","N","L","APARTMENT W9","1 - 6","DYERS BUILDINGS","","LONDON","CITY OF LONDON","GREATER LONDON","A","http://landregistry.data.gov.uk/data/ppi/transaction/80E1AA97-A7F9-7BF8-E053-6C04A8C00BF2/current"
"7011B10A-1D89-8ED6-E053-6B04A8C075C1","2250000","2018-04-13","EC1N 2JT","O","N","L","","STERLING HOUSE, 12","DYERS BUILDINGS","","LONDON","CITY OF LONDON","GREATER LONDON","B","http://landregistry.data.gov.uk/data/ppi/transaction/7011B10A-1D89-8ED6-E053-6B04A8C075C1/current"
"44F406B7-2126-1095-E063-4704A8C048D4","13469002","2024-09-27","EC1N 6SB","O","N","F","","57 - 61","CHARTERHOUSE STREET","","LONDON","CITY OF LONDON","GREATER LONDON","B","http://landregistry.data.gov.uk/data/ppi/transaction/44F406B7-2126-1095-E063-4704A8C048D4/current"
"DBA933F8-E66A-669D-E053-6B04A8C0AD56","900000","2021-01-12","EC1Y 0AB","F","Y","L","","2","BRACKLEY STREET","","LONDON","CITY OF LONDON","GREATER LONDON","A","http://landregistry.data.gov.uk/data/ppi/transaction/DBA933F8-E66A-669D-E053-6B04A8C0AD56/current"
"42C129E5-6958-60A9-E063-4804A8C0C25D","2500","2022-07-05","EC1Y 0AD","O","N","L","STORAGE LOCKER 19","THE DENIZEN","GOLDEN LANE","","LONDON","CITY OF LONDON","GREATER LONDON","B","http://landregistry.data.gov.uk/data/ppi/transaction/42C129E5-6958-60A9-E063-4804A8C0C25D/current"
"12A8BAB6-E167-2125-E063-4804A8C08CC1","1500","2022-07-06","EC1Y 0AD","O","Y","L","STORAGE LOCKER 3","THE DENIZEN","GOLDEN LANE","","LONDON","CITY OF LONDON","GREATER LONDON","B","http://landregistry.data.gov.uk/data/ppi/transaction/12A8BAB6-E167-2125-E063-4804A8C08CC1/current"
"152AB734-6796-E651-E063-4704A8C061D9","1542400","2022-10-14","EC1Y 0AD","O","N","L","","9 CLARENDON COURT, 43","GOLDEN LANE","","LONDON","CITY OF LONDON","GREATER LONDON","B","http://landregistry.data.gov.uk/data/ppi/transaction/152AB734-6796-E651-E063-4704A8C061D9/current"
"C18F412A-745F-81A6-E053-6B04A8C0AD18","703000","2020-11-16","EC1Y 0AD","F","Y","L","","9 CLARENDON COURT, 43","GOLDEN LANE","","LONDON","CITY OF LONDON","GREATER LONDON","A","http://landregistry.data.gov.uk/data/ppi/transaction/C18F412A-745F-81A6-E053-6B04A8C0AD18/current"
"E2D14905-0052-4C2D-E053-6B04A8C0422B","701500","2021-02-10","EC1Y 0AD","F","Y","L","1","CLARENDON COURT, 43","GOLDEN LANE","","LONDON","CITY OF LONDON","GREATER LONDON","A","http://landregistry.data.gov.uk/data/ppi/transaction/E2D14905-0052-4C2D-E053-6B04A8C0422B/current"
"DE2D0CE0-777D-51EE-E053-6C04A8C00671","730000","2021-12-14","EC1Y 0AD","F","Y","L","10","CLARENDON COURT, 43","GOLDEN LANE","","LONDON","CITY OF LONDON","GREATER LONDON","B","http://landregistry.data.gov.uk/data/ppi/transaction/DE2D0CE0-777D-51EE-E053-6C04A8C00671/current"
"06C9F487-1A86-9388-E063-4804A8C0BD98","1100000","2020-11-20","EC1Y 0AD","F","Y","L","11","CLARENDON COURT, 43","GOLDEN LANE","","LONDON","CITY OF LONDON","GREATER LONDON","A","http://landregistry.data.gov.uk/data/ppi/transaction/06C9F487-1A86-9388-E063-4804A8C0BD98/current"
"D93B27B0-36BE-3100-E053-6C04A8C08887","695000","2020-12-02","EC1Y 0AD","F","Y","L","12","CLARENDON COURT, 43","GOLDEN LANE","","LONDON","CITY OF LONDON","GREATER LONDON","A","http://landregistry.data.gov.uk/data/ppi/transaction/D93B27B0-36BE-3100-E053-6C04A8C08887/current"
"DBA933F8-E642-669D-E053-6B04A8C0AD56","749675","2020-11-26","EC1Y 0AD","F","Y","L","13","CLARENDON COURT, 43","GOLDEN LANE","","LONDON","CITY OF LONDON","GREATER LONDON","A","http://landregistry.data.gov.uk/data/ppi/transaction/DBA933F8-E642-669D-E053-6B04A8C0AD56/current"
"C18F412A-74FE-81A6-E053-6B04A8C0AD18","727300","2020-12-18","EC1Y 0AD","F","Y","L","14","CLARENDON COURT, 43","GOLDEN LANE","","LONDON","CITY OF LONDON","GREATER LONDON","A","http://landregistry.data.gov.uk/data/ppi/transaction/C18F412A-74FE-81A6-E053-6B04A8C0AD18/current"
"E073986A-C202-2134-E053-6C04A8C0233B","740960","2021-02-05","EC1Y 0AD","F","Y","L","15","CLARENDON COURT, 43","GOLDEN LANE","","LONDON","CITY OF LONDON","GREATER LONDON","A","http://landregistry.data.gov.uk/data/ppi/transaction/E073986A-C202-2134-E053-6C04A8C0233B/current"
"06C9F487-1B6B-9388-E063-4804A8C0BD98","664598","2020-11-11","EC1Y 0AD","F","Y","L","16","CLARENDON COURT, 43","GOLDEN LANE","","LONDON","CITY OF LONDON","GREATER LONDON","A","http://landregistry.data.gov.uk/data/ppi/transaction/06C9F487-1B6B-9388-E063-4804A8C0BD98/current"
"C18F412A-7451-81A6-E053-6B04A8C0AD18","815450","2020-11-19","EC1Y 0AD","F","Y","L","17","CLARENDON COURT, 43","GOLDEN LANE","","LONDON","CITY OF LONDON","GREATER LONDON","A","http://landregistry.data.gov.uk/data/ppi/transaction/C18F412A-7451-81A6-E053-6B04A8C0AD18/current"
"DE2D0CDF-46E2-51EE-E053-6C04A8C00671","1250000","2021-09-30","EC1Y 0AD","F","Y","L","18","CLARENDON COURT, 43","GOLDEN LANE","","LONDON","CITY OF LONDON","GREATER LONDON","A","http://landregistry.data.gov.uk/data/ppi/transaction/DE2D0CDF-46E2-51EE-E053-6C04A8C00671/current"
"D93B27B0-3674-3100-E053-6C04A8C08887","1185750","2021-02-26","EC1Y 0AD","F","Y","L","19","CLARENDON COURT, 43","GOLDEN LANE","","LONDON","CITY OF LONDON","GREATER LONDON","A","http://landregistry.data.gov.uk/data/ppi/transaction/D93B27B0-3674-3100-E053-6C04A8C08887/current"
"DBA933F8-E71E-669D-E053-6B04A8C0AD56","660000","2021-06-30","EC1Y 0AD","F","Y","L","2","CLARENDON COURT, 43","GOLDEN LANE","","LONDON","CITY OF LONDON","GREATER LONDON","A","http://landregistry.data.gov.uk/data/ppi/transaction/DBA933F8-E71E-669D-E053-6B04A8C0AD56/current"
"DE2D0CE0-777E-51EE-E053-6C04A8C00671","1200000","2021-12-14","EC1Y 0AD","F","Y","L","20","CLARENDON COURT, 43","GOLDEN LANE","","LONDON","CITY OF LONDON","GREATER LONDON","B","http://landregistry.data.gov.uk/data/ppi/transaction/DE2D0CE0-777E-51EE-E053-6C04A8C00671/current"
"DE2D0CE0-7781-51EE-E053-6C04A8C00671","1110000","2021-12-14","EC1Y 0AD","F","Y","L","21","CLARENDON COURT, 43","GOLDEN LANE","","LONDON","CITY OF LONDON","GREATER LONDON","B","http://landregistry.data.gov.uk/data/ppi/transaction/DE2D0CE0-7781-51EE-E053-6C04A8C00671/current"
"06C9F487-1AE7-9388-E063-4804A8C0BD98","1145000","2022-10-06","EC1Y 0AD","F","Y","L","22","CLARENDON COURT, 43","GOLDEN LANE","","LONDON","CITY OF LONDON","GREATER LONDON","A","http://landregistry.data.gov.uk/data/ppi/transaction/06C9F487-1AE7-9388-E063-4804A8C0BD98/current"
"D4D42645-3073-27F6-E053-6C04A8C0A572","910800","2021-01-29","EC1Y 0AD","F","Y","L","23","CLARENDON COURT, 43","GOLDEN LANE","","LONDON","CITY OF LONDON","GREATER LONDON","A","http://landregistry.data.gov.uk/data/ppi/transaction/D4D42645-3073-27F6-E053-6C04A8C0A572/current"
"D93B27B0-35E9-3100-E053-6C04A8C08887","1080000","2020-11-16","EC1Y 0AD","F","Y","L","24","CLARENDON COURT, 43","GOLDEN LANE","","LONDON","CITY OF LONDON","GREATER LONDON","A","http://landregistry.data.gov.uk/data/ppi/transaction/D93B27B0-35E9-3100-E053-6C04A8C08887/current"
"D93B27B0-35DF-3100-E053-6C04A8C08887","676338","2020-12-08","EC1Y 0AD","F","Y","L","25","CLARENDON COURT, 43","GOLDEN LANE","","LONDON","CITY OF LONDON","GREATER LONDON","A","http://landregistry.data.gov.uk/data/ppi/transaction/D93B27B0-35DF-3100-E053-6C04A8C08887/current"
"D93B27B0-362B-3100-E053-6C04A8C08887","819575","2020-12-21","EC1Y 0AD","F","Y","L","26","CLARENDON COURT, 43","GOLDEN LANE","","LONDON","CITY OF LONDON","GREATER LONDON","A","http://landregistry.data.gov.uk/data/ppi/transaction/D93B27B0-362B-3100-E053-6C04A8C08887/current"
"C18F412A-7464-81A6-E053-6B04A8C0AD18","1266000","2020-12-07","EC1Y 0AD","F","Y","L","27","CLARENDON COURT, 43","GOLDEN LANE","","LONDON","CITY OF LONDON","GREATER LONDON","A","http://landregistry.data.gov.uk/data/ppi/transaction/C18F412A-7464-81A6-E053-6B04A8C0AD18/current"
"E073986A-C213-2134-E053-6C04A8C0233B","1630000","2021-12-30","EC1Y 0AD","F","Y","L","28","CLARENDON COURT, 43","GOLDEN LANE","","LONDON","CITY OF LONDON","GREATER LONDON","A","http://landregistry.data.gov.uk/data/ppi/transaction/E073986A-C213-2134-E053-6C04A8C0233B/current"
"DBA933FA-5C4D-669D-E053-6B04A8C0AD56","684164","2020-12-22","EC1Y 0AD","F","Y","L","29","CLARENDON COURT, 43","GOLDEN LANE","","LONDON","CITY OF LONDON","GREATER LONDON","B","http://landregistry.data.gov.uk/data/ppi/transaction/DBA933FA-5C4D-669D-E053-6B04A8C0AD56/current"
"DBA933F8-E678-669D-E053-6B04A8C0AD56","955000","2021-04-13","EC1Y 0AD","F","Y","L","3","CLARENDON COURT, 43","GOLDEN LANE","","LONDON","CITY OF LONDON","GREATER LONDON","A","http://landregistry.data.gov.uk/data/ppi/transaction/DBA933F8-E678-669D-E053-6B04A8C0AD56/current"
"CD5A9DCC-9C5F-310A-E053-6C04A8C00A1F","847346","2021-01-15","EC1Y 0AD","O","Y","L","30","CLARENDON COURT, 43","GOLDEN LANE","","LONDON","CITY OF LONDON","GREATER LONDON","B","http://landregistry.data.gov.uk/data/ppi/transaction/CD5A9DCC-9C5F-310A-E053-6C04A8C00A1F/current"
"DBA933F8-E6C0-669D-E053-6B04A8C0AD56","1315000","2020-12-01","EC1Y 0AD","F","Y","L","31","CLARENDON COURT, 43","GOLDEN LANE","","LONDON","CITY OF LONDON","GREATER LONDON","A","http://landregistry.data.gov.uk/data/ppi/transaction/DBA933F8-E6C0-669D-E053-6B04A8C0AD56/current"
"D93B27B0-36D0-3100-E053-6C04A8C08887","1215000","2021-03-12","EC1Y 0AD","F","Y","L","32","CLARENDON COURT, 43","GOLDEN LANE","","LONDON","CITY OF LONDON","GREATER LONDON","A","http://landregistry.data.gov.uk/data/ppi/transaction/D93B27B0-36D0-3100-E053-6C04A8C08887/current"
"DE2D0CE0-7780-51EE-E053-6C04A8C00671","1200000","2021-12-14","EC1Y 0AD","F","Y","L","33","CLARENDON COURT, 43","GOLDEN LANE","","LONDON","CITY OF LONDON","GREATER LONDON","B","http://landregistry.data.gov.uk/data/ppi/transaction/DE2D0CE0-7780-51EE-E053-6C04A8C00671/current"
"06C9F487-F85B-9388-E063-4804A8C0BD98","1050000","2022-06-30","EC1Y 0AD","F","Y","L","34","CLARENDON COURT, 43","GOLDEN LANE","","LONDON","CITY OF LONDON","GREATER LONDON","B","http://landregistry.data.gov.uk/data/ppi/transaction/06C9F487-F85B-9388-E063-4804A8C0BD98/current"
"06C9F487-F85C-9388-E063-4804A8C0BD98","1025000","2022-06-30","EC1Y 0AD","F","Y","L","35","CLARENDON COURT, 43","GOLDEN LANE","","LONDON","CITY OF LONDON","GREATER LONDON","B","http://landregistry.data.gov.uk/data/ppi/transaction/06C9F487-F85C-9388-E063-4804A8C0BD98/current"
"C18F412A-745D-81A6-E053-6B04A8C0AD18","950000","2020-11-20","EC1Y 0AD","F","Y","L","36","CLARENDON COURT, 43","GOLDEN LANE","","LONDON","CITY OF LONDON","GREATER LONDON","A","http://landregistry.data.gov.uk/data/ppi/transaction/C18F412A-745D-81A6-E053-6B04A8C0AD18/current"
"DE2D0CDF-4682-51EE-E053-6C04A8C00671","1420000","2021-06-23","EC1Y 0AD","F","Y","L","37","CLARENDON COURT, 43","GOLDEN LANE","","LONDON","CITY OF LONDON","GREATER LONDON","A","http://landregistry.data.gov.uk/data/ppi/transaction/DE2D0CDF-4682-51EE-E053-6C04A8C00671/current"
"DE2D0CDF-46B0-51EE-E053-6C04A8C00671","691991","2020-11-25","EC1Y 0AD","F","Y","L","38","CLARENDON COURT, 43","GOLDEN LANE","","LONDON","CITY OF LONDON","GREATER LONDON","A","http://landregistry.data.gov.uk/data/ppi/transaction/DE2D0CDF-46B0-51EE-E053-6C04A8C00671/current"
"D93B27B0-35D9-3100-E053-6C04A8C08887","833525","2020-12-15","EC1Y 0AD","F","Y","L","39","CLARENDON COURT, 43","GOLDEN LANE","","LONDON","CITY OF LONDON","GREATER LONDON","A","http://landregistry.data.gov.uk/data/ppi/transaction/D93B27B0-35D9-3100-E053-6C04A8C08887/current"
"06C9F487-1AF9-9388-E063-4804A8C0BD98","635000","2022-09-21","EC1Y 0AD","F","Y","L","4","CLARENDON COURT, 43","GOLDEN LANE","","LONDON","CITY OF LONDON","GREATER LONDON","A","http://landregistry.data.gov.uk/data/ppi/transaction/06C9F487-1AF9-9388-E063-4804A8C0BD98/current"
"045A1899-44C7-9A24-E063-4804A8C048EA","1150000","2021-02-04","EC1Y 0AD","F","Y","L","40","CLARENDON COURT, 43","GOLDEN LANE","","LONDON","CITY OF LONDON","GREATER LONDON","B","http://landregistry.data.gov.uk/data/ppi/transaction/045A1899-44C7-9A24-E063-4804A8C048EA/current"
"DE2D0CDF-4722-51EE-E053-6C04A8C00671","1597500","2021-11-11","EC1Y 0AD","F","Y","L","41","CLARENDON COURT, 43","GOLDEN LANE","","LONDON","CITY OF LONDON","GREATER LONDON","A","http://landregistry.data.gov.uk/data/ppi/transaction/DE2D0CDF-4722-51EE-E053-6C04A8C00671/current"
"DBA933FA-5C4E-669D-E053-6B04A8C0AD56","699817","2020-12-22","EC1Y 0AD","F","Y","L","42","CLARENDON COURT, 43","GOLDEN LANE","","LONDON","CITY OF LONDON","GREATER LONDON","B","http://landregistry.data.gov.uk/data/ppi/transaction/DBA933FA-5C4E-669D-E053-6B04A8C0AD56/current"
"DBA933F8-E6BA-669D-E053-6B04A8C0AD56","796400","2021-01-06","EC1Y 0AD","F","Y","L","43","CLARENDON COURT, 43","GOLDEN LANE","","LONDON","CITY OF LONDON","GREATER LONDON","A","http://landregistry.data.gov.uk/data/ppi/transaction/DBA933F8-E6BA-669D-E053-6B04A8C0AD56/current"
"C18F412A-744C-81A6-E053-6B04A8C0AD18","1397500","2020-12-01","EC1Y 0AD","F","Y","L","44","CLARENDON COURT, 43","GOLDEN LANE","","LONDON","CITY OF LONDON","GREATER LONDON","A","http://landregistry.data.gov.uk/data/ppi/transaction/C18F412A-744C-81A6-E053-6B04A8C0AD18/current"
"D93B27B0-3685-3100-E053-6C04A8C08887","1220000","2021-02-26","EC1Y 0AD","F","Y","L","45","CLARENDON COURT, 43","GOLDEN LANE","","LONDON","CITY OF LONDON","GREATER LONDON","A","http://landregistry.data.gov.uk/data/ppi/transaction/D93B27B0-3685-3100-E053-6C04A8C08887/current"
"06C9F487-1AAA-9388-E063-4804A8C0BD98","1275000","2021-12-21","EC1Y 0AD","F","Y","L","46","CLARENDON COURT, 43","GOLDEN LANE","","LONDON","CITY OF LONDON","GREATER LONDON","A","http://landregistry.data.gov.uk/data/ppi/transaction/06C9F487-1AAA-9388-E063-4804A8C0BD98/current"
"DE2D0CE0-7782-51EE-E053-6C04A8C00671","1110000","2021-12-14","EC1Y 0AD","F","Y","L","47","CLARENDON COURT, 43","GOLDEN LANE","","LONDON","CITY OF LONDON","GREATER LONDON","B","http://landregistry.data.gov.uk/data/ppi/transaction/DE2D0CE0-7782-51EE-E053-6C04A8C00671/current"
"06C9F487-F85D-9388-E063-4804A8C0BD98","1025000","2022-06-30","EC1Y 0AD","F","Y","L","48","CLARENDON COURT, 43","GOLDEN LANE","","LONDON","CITY OF LONDON","GREATER LONDON","B","http://landregistry.data.gov.uk/data/ppi/transaction/06C9F487-F85D-9388-E063-4804A8C0BD98/current"
"D4D42645-2F96-27F6-E053-6C04A8C0A572","1268888","2020-12-08","EC1Y 0AD","F","Y","L","49","CLARENDON COURT, 43","GOLDEN LANE","","LONDON","CITY OF LONDON","GREATER LONDON","A","http://landregistry.data.gov.uk/data/ppi/transaction/D4D42645-2F96-27F6-E053-6C04A8C0A572/current"
"DE2D0CDF-4717-51EE-E053-6C04A8C00671","630000","2021-11-02","EC1Y 0AD","F","Y","L","5","CLARENDON COURT, 43","GOLDEN LANE","","LONDON","CITY OF LONDON","GREATER LONDON","A","http://landregistry.data.gov.uk/data/ppi/transaction/DE2D0CDF-4717-51EE-E053-6C04A8C00671/current"
"06C9F487-1A90-9388-E063-4804A8C0BD98","1300000","2022-06-28","EC1Y 0AD","F","Y","L","50","CLARENDON COURT, 43","GOLDEN LANE","","LONDON","CITY OF LONDON","GREATER LONDON","A","http://landregistry.data.gov.uk/data/ppi/transaction/06C9F487-1A90-9388-E063-4804A8C0BD98/current"
"C18F412A-7462-81A6-E053-6B04A8C0AD18","707643","2020-12-04","EC1Y 0AD","F","Y","L","51","CLARENDON COURT, 43","GOLDEN LANE","","LONDON","CITY OF LONDON","GREATER LONDON","A","http://landregistry.data.gov.uk/data/ppi/transaction/C18F412A-7462-81A6-E053-6B04A8C0AD18/current"
"D93B27B0-3683-3100-E053-6C04A8C08887","853050","2020-12-08","EC1Y 0AD","F","Y","L","52","CLARENDON COURT, 43","GOLDEN LANE","","LONDON","CITY OF LONDON","GREATER LONDON","A","http://landregistry.data.gov.uk/data/ppi/transaction/D93B27B0-3683-3100-E053-6C04A8C08887/current"
"C18F412B-982A-81A6-E053-6B04A8C0AD18","1287900","2020-12-04","EC1Y 0AD","F","Y","L","53","CLARENDON COURT, 43","GOLDEN LANE","","LONDON","CITY OF LONDON","GREATER LONDON","B","http://landregistry.data.gov.uk/data/ppi/transaction/C18F412B-982A-81A6-E053-6B04A8C0AD18/current"
"DE2D0CDF-471F-51EE-E053-6C04A8C00671","1480875","2021-06-29","EC1Y 0AD","F","Y","L","54","CLARENDON COURT, 43","GOLDEN LANE","","LONDON","CITY OF LONDON","GREATER LONDON","A","http://landregistry.data.gov.uk/data/ppi/transaction/DE2D0CDF-471F-51EE-E053-6C04A8C00671/current"
"DBA933FA-5C4F-669D-E053-6B04A8C0AD56","715470","2020-12-22","EC1Y 0AD","F","Y","L","55","CLARENDON COURT, 43","GOLDEN LANE","","LONDON","CITY OF LONDON","GREATER LONDON","B","http://landregistry.data.gov.uk/data/ppi/transaction/DBA933FA-5C4F-669D-E053-6B04A8C0AD56/current"
"045A1898-44D7-9A24-E063-4804A8C048EA","815000","2020-12-18","EC1Y 0AD","F","Y","L","56","CLARENDON COURT, 43","GOLDEN LANE","","LONDON","CITY OF LONDON","GREATER LONDON","A","http://landregistry.data.gov.uk/data/ppi/transaction/045A1898-44D7-9A24-E063-4804A8C048EA/current"
"C18F412A-7480-81A6-E053-6B04A8C0AD18","1360000","2020-12-21","EC1Y 0AD","F","Y","L","57","CLARENDON COURT, 43","GOLDEN LANE","","LONDON","CITY OF LONDON","GREATER LONDON","A","http://landregistry.data.gov.uk/data/ppi/transaction/C18F412A-7480-81A6-E053-6B04A8C0AD18/current"
"12A8BAB5-DBC0-2125-E063-4804A8C08CC1","1335000","2020-12-04","EC1Y 0AD","F","Y","L","58","CLARENDON COURT, 43","GOLDEN LANE","","LONDON","CITY OF LONDON","GREATER LONDON","A","http://landregistry.data.gov.uk/data/ppi/transaction/12A8BAB5-DBC0-2125-E063-4804A8C08CC1/current"
"DBA933F8-E5BC-669D-E053-6B04A8C0AD56","761250","2020-12-21","EC1Y 0AD","F","Y","L","59","CLARENDON COURT, 43","GOLDEN LANE","","LONDON","CITY OF LONDON","GREATER LONDON","A","http://landregistry.data.gov.uk/data/ppi/transaction/DBA933F8-E5BC-669D-E053-6B04A8C0AD56/current"
"F3B6C197-ADA2-6E40-E053-6C04A8C0B3B4","650000","2022-08-19","EC1Y 0AD","F","Y","L","6","CLARENDON COURT, 43","GOLDEN LANE","","LONDON","CITY OF LONDON","GREATER LONDON","A","http://landregistry.data.gov.uk/data/ppi/transaction/F3B6C197-ADA2-6E40-E053-6C04A8C0B3B4/current"
"D4D42645-3074-27F6-E053-6C04A8C0A572","1575000","2021-04-13","EC1Y 0AD","F","Y","L","60","CLARENDON COURT, 43","GOLDEN LANE","","LONDON","CITY OF LONDON","GREATER LONDON","A","http://landregistry.data.gov.uk/data/ppi/transaction/D4D42645-3074-27F6-E053-6C04A8C0A572/current"
"DBA933F8-E5DC-669D-E053-6B04A8C0AD56","1058010","2020-12-10","EC1Y 0AD","F","Y","L","61","CLARENDON COURT, 43","GOLDEN LANE","","LONDON","CITY OF LONDON","GREATER LONDON","A","http://landregistry.data.gov.uk/data/ppi/transaction/DBA933F8-E5DC-669D-E053-6B04A8C0AD56/current"
"DBA933F8-E5DD-669D-E053-6B04A8C0AD56","1470000","2020-12-10","EC1Y 0AD","F","Y","L","62","CLARENDON COURT, 43","GOLDEN LANE","","LONDON","CITY OF LONDON","GREATER LONDON","A","http://landregistry.data.gov.uk/data/ppi/transaction/DBA933F8-E5DD-669D-E053-6B04A8C0AD56/current"
"D93B27B0-35C7-3100-E053-6C04A8C08887","869400","2020-12-16","EC1Y 0AD","F","Y","L","63","CLARENDON COURT, 43","GOLDEN LANE","","LONDON","CITY OF LONDON","GREATER LONDON","A","http://landregistry.data.gov.uk/data/ppi/transaction/D93B27B0-35C7-3100-E053-6C04A8C08887/current"
"DBA933F8-E5BE-669D-E053-6B04A8C0AD56","1600000","2020-12-10","EC1Y 0AD","F","Y","L","64","CLARENDON COURT, 43","GOLDEN LANE","","LONDON","CITY OF LONDON","GREATER LONDON","A","http://landregistry.data.gov.uk/data/ppi/transaction/DBA933F8-E5BE-669D-E053-6B04A8C0AD56/current"
"DBA933F8-E5DE-669D-E053-6B04A8C0AD56","1467400","2020-12-16","EC1Y 0AD","F","Y","L","65","CLARENDON COURT, 43","GOLDEN LANE","","LONDON","CITY OF LONDON","GREATER LONDON","A","http://landregistry.data.gov.uk/data/ppi/transaction/DBA933F8-E5DE-669D-E053-6B04A8C0AD56/current"
"DBA933FA-5C50-669D-E053-6B04A8C0AD56","2002500","2020-12-22","EC1Y 0AD","F","Y","L","66","CLARENDON COURT, 43","GOLDEN LANE","","LONDON","CITY OF LONDON","GREATER LONDON","B","http://landregistry.data.gov.uk/data/ppi/transaction/DBA933FA-5C50-669D-E053-6B04A8C0AD56/current"
"DE2D0CE0-777F-51EE-E053-6C04A8C00671","900000","2021-12-14","EC1Y 0AD","F","Y","L","67","CLARENDON COURT, 43","GOLDEN LANE","","LONDON","CITY OF LONDON","GREATER LONDON","B","http://landregistry.data.gov.uk/data/ppi/transaction/DE2D0CE0-777F-51EE-E053-6C04A8C00671/current"
"D93B27B0-3697-3100-E053-6C04A8C08887","1050000","2020-12-11","EC1Y 0AD","F","Y","L","68","CLARENDON COURT, 43","GOLDEN LANE","","LONDON","CITY OF LONDON","GREATER LONDON","A","http://landregistry.data.gov.uk/data/ppi/transaction/D93B27B0-3697-3100-E053-6C04A8C08887/current"
"EED73E75-1EC8-6AF3-E053-6C04A8C08ABA","725000","2022-10-21","EC1Y 0AD","F","N","L","69","CLARENDON COURT, 43","GOLDEN LANE","","LONDON","CITY OF LONDON","GREATER LONDON","A","http://landregistry.data.gov.uk/data/ppi/transaction/EED73E75-1EC8-6AF3-E053-6C04A8C08ABA/current"
"DE2D0CDF-477D-51EE-E053-6C04A8C00671","790000","2020-12-07","EC1Y 0AD","F","Y","L","69","CLARENDON COURT, 43","GOLDEN LANE","","LONDON","CITY OF LONDON","GREATER LONDON","A","http://landregistry.data.gov.uk/data/ppi/transaction/DE2D0CDF-477D-51EE-E053-6C04A8C00671/current"
"12A8BAB5-D9BE-2125-E063-4804A8C08CC1","741000","2022-08-24","EC1Y 0AD","F","Y","L","7","CLARENDON COURT, 43","GOLDEN LANE","","LONDON","CITY OF LONDON","GREATER LONDON","A","http://landregistry.data.gov.uk/data/ppi/transaction/12A8BAB5-D9BE-2125-E063-4804A8C08CC1/current"
"DBA933F8-E6E5-669D-E053-6B04A8C0AD56","800000","2021-05-14","EC1Y 0AD","F","Y","L","70","CLARENDON COURT, 43","GOLDEN LANE","","LONDON","CITY OF LONDON","GREATER LONDON","A","http://landregistry.data.gov.uk/data/ppi/transaction/DBA933F8-E6E5-669D-E053-6B04A8C0AD56/current"
"DBA933F8-E59C-669D-E053-6B04A8C0AD56","1062500","2020-12-18","EC1Y 0AD","F","Y","L","72","CLARENDON COURT, 43","GOLDEN LANE","","LONDON","CITY OF LONDON","GREATER LONDON","A","http://landregistry.data.gov.uk/data/ppi/transaction/DBA933F8-E59C-669D-E053-6B04A8C0AD56/current"
"C18F412A-741A-81A6-E053-6B04A8C0AD18","1066750","2020-11-09","EC1Y 0AD","F","Y","L","73","CLARENDON COURT, 43","GOLDEN LANE","","LONDON","CITY OF LONDON","GREATER LONDON","A","http://landregistry.data.gov.uk/data/ppi/transaction/C18F412A-741A-81A6-E053-6B04A8C0AD18/current"
"DBA933F8-E6BF-669D-E053-6B04A8C0AD56","747000","2021-03-12","EC1Y 0AD","F","Y","L","74","CLARENDON COURT, 43","GOLDEN LANE","","LONDON","CITY OF LONDON","GREATER LONDON","A","http://landregistry.data.gov.uk/data/ppi/transaction/DBA933F8-E6BF-669D-E053-6B04A8C0AD56/current"
"C18F412A-746E-81A6-E053-6B04A8C0AD18","753000","2020-12-02","EC1Y 0AD","F","Y","L","75","CLARENDON COURT, 43","GOLDEN LANE","","LONDON","CITY OF LONDON","GREATER LONDON","A","http://landregistry.data.gov.uk/data/ppi/transaction/C18F412A-746E-81A6-E053-6B04A8C0AD18/current"
"BEF7EBBE-8588-7A76-E053-6B04A8C092F7","668511","2020-10-30","EC1Y 0AD","F","Y","L","76","CLARENDON COURT, 43","GOLDEN LANE","","LONDON","CITY OF LONDON","GREATER LONDON","A","http://landregistry.data.gov.uk/data/ppi/transaction/BEF7EBBE-8588-7A76-E053-6B04A8C092F7/current"
"DBA933F8-E5F0-669D-E053-6B04A8C0AD56","1050000","2021-02-19","EC1Y 0AD","F","Y","L","77","CLARENDON COURT, 43","GOLDEN LANE","","LONDON","CITY OF LONDON","GREATER LONDON","A","http://landregistry.data.gov.uk/data/ppi/transaction/DBA933F8-E5F0-669D-E053-6B04A8C0AD56/current"
"06C9F487-1B85-9388-E063-4804A8C0BD98","1050000","2020-10-30","EC1Y 0AD","F","Y","L","78","CLARENDON COURT, 43","GOLDEN LANE","","LONDON","CITY OF LONDON","GREATER LONDON","A","http://landregistry.data.gov.uk/data/ppi/transaction/06C9F487-1B85-9388-E063-4804A8C0BD98/current"
"25E9DA80-58A0-555E-E063-4704A8C066F2","688000","2024-10-11","EC1Y 0AD","F","N","L","79","CLARENDON COURT, 43","GOLDEN LANE","","LONDON","CITY OF LONDON","GREATER LONDON","A","http://landregistry.data.gov.uk/data/ppi/transaction/25E9DA80-58A0-555E-E063-4704A8C066F2/current"
"CFC9085C-4271-9A70-E053-6B04A8C09D6A","784900","2020-10-22","EC1Y 0AD","F","Y","L","79","CLARENDON COURT, 43","GOLDEN LANE","","LONDON","CITY OF LONDON","GREATER LONDON","A","http://landregistry.data.gov.uk/data/ppi/transaction/CFC9085C-4271-9A70-E053-6B04A8C09D6A/current"
"06C9F487-1B9B-9388-E063-4804A8C0BD98","682500","2020-11-18","EC1Y 0AD","F","Y","L","8","CLARENDON COURT, 43","GOLDEN LANE","","LONDON","CITY OF LONDON","GREATER LONDON","A","http://landregistry.data.gov.uk/data/ppi/transaction/06C9F487-1B9B-9388-E063-4804A8C0BD98/current"
"DBA933F8-E5AD-669D-E053-6B04A8C0AD56","782000","2020-11-30","EC1Y 0AD","F","Y","L","80","CLARENDON COURT, 43","GOLDEN LANE","","LONDON","CITY OF LONDON","GREATER LONDON","A","http://landregistry.data.gov.uk/data/ppi/transaction/DBA933F8-E5AD-669D-E053-6B04A8C0AD56/current"
"DBA933FA-5C51-669D-E053-6B04A8C0AD56","676338","2020-12-22","EC1Y 0AD","F","Y","L","81","CLARENDON COURT, 43","GOLDEN LANE","","LONDON","CITY OF LONDON","GREATER LONDON","B","http://landregistry.data.gov.uk/data/ppi/transaction/DBA933FA-5C51-669D-E053-6B04A8C0AD56/current"
"BEF7EBBE-8648-7A76-E053-6B04A8C092F7","1117600","2021-01-29","EC1Y 0AD","F","Y","L","82","CLARENDON COURT, 43","GOLDEN LANE","","LONDON","CITY OF LONDON","GREATER LONDON","A","http://landregistry.data.gov.uk/data/ppi/transaction/BEF7EBBE-8648-7A76-E053-6B04A8C092F7/current"
"C18F412A-740F-81A6-E053-6B04A8C0AD18","1083750","2020-10-22","EC1Y 0AD","F","Y","L","83","CLARENDON COURT, 43","GOLDEN LANE","","LONDON","CITY OF LONDON","GREATER LONDON","A","http://landregistry.data.gov.uk/data/ppi/transaction/C18F412A-740F-81A6-E053-6B04A8C0AD18/current"
"BC8936BB-3327-0E2C-E053-6C04A8C0DBF4","798000","2020-10-19","EC1Y 0AD","F","Y","L","84","CLARENDON COURT, 43","GOLDEN LANE","","LONDON","CITY OF LONDON","GREATER LONDON","A","http://landregistry.data.gov.uk/data/ppi/transaction/BC8936BB-3327-0E2C-E053-6C04A8C0DBF4/current"
"CFC9085D-4C67-9A70-E053-6B04A8C09D6A","787600","2020-10-21","EC1Y 0AD","F","Y","L","85","CLARENDON COURT, 43","GOLDEN LANE","","LONDON","CITY OF LONDON","GREATER LONDON","B","http://landregistry.data.gov.uk/data/ppi/transaction/CFC9085D-4C67-9A70-E053-6B04A8C09D6A/current"
"CFC9085C-4289-9A70-E053-6B04A8C09D6A","684164","2020-11-06","EC1Y 0AD","F","Y","L","86","CLARENDON COURT, 43","GOLDEN LANE","","LONDON","CITY OF LONDON","GREATER LONDON","A","http://landregistry.data.gov.uk/data/ppi/transaction/CFC9085C-4289-9A70-E053-6B04A8C09D6A/current"
"C18F412A-7460-81A6-E053-6B04A8C0AD18","1075200","2020-11-16","EC1Y 0AD","F","Y","L","87","CLARENDON COURT, 43","GOLDEN LANE","","LONDON","CITY OF LONDON","GREATER LONDON","A","http://landregistry.data.gov.uk/data/ppi/transaction/C18F412A-7460-81A6-E053-6B04A8C0AD18/current"
"D93B27B0-35DD-3100-E053-6C04A8C08887","1092250","2020-11-04","EC1Y 0AD","F","Y","L","88","CLARENDON COURT, 43","GOLDEN LANE","","LONDON","CITY OF LONDON","GREATER LONDON","A","http://landregistry.data.gov.uk/data/ppi/transaction/D93B27B0-35DD-3100-E053-6C04A8C08887/current"
"06C9F487-1AEF-9388-E063-4804A8C0BD98","814200","2020-11-03","EC1Y 0AD","F","Y","L","89","CLARENDON COURT, 43","GOLDEN LANE","","LONDON","CITY OF LONDON","GREATER LONDON","A","http://landregistry.data.gov.uk/data/ppi/transaction/06C9F487-1AEF-9388-E063-4804A8C0BD98/current"
"C18F412A-7459-81A6-E053-6B04A8C0AD18","832600","2020-12-07","EC1Y 0AD","F","Y","L","90","CLARENDON COURT, 43","GOLDEN LANE","","LONDON","CITY OF LONDON","GREATER LONDON","A","http://landregistry.data.gov.uk/data/ppi/transaction/C18F412A-7459-81A6-E053-6B04A8C0AD18/current"
"DBA933FA-5C52-669D-E053-6B04A8C0AD56","691991","2020-12-22","EC1Y 0AD","F","Y","L","91","CLARENDON COURT, 43","GOLDEN LANE","","LONDON","CITY OF LONDON","GREATER LONDON","B","http://landregistry.data.gov.uk/data/ppi/transaction/DBA933FA-5C52-669D-E053-6B04A8C0AD56/current"
"E073986A-C20E-2134-E053-6C04A8C0233B","1521500","2020-12-11","EC1Y 0AD","F","Y","L","92","CLARENDON COURT, 43","GOLDEN LANE","","LONDON","CITY OF LONDON","GREATER LONDON","A","http://landregistry.data.gov.uk/data/ppi/transaction/E073986A-C20E-2134-E053-6C04A8C0233B/current"
"DBA933F8-E5C4-669D-E053-6B04A8C0AD56","750287","2020-12-22","EC1Y 0AD","F","Y","L","93","CLARENDON COURT, 43","GOLDEN LANE","","LONDON","CITY OF LONDON","GREATER LONDON","A","http://landregistry.data.gov.uk/data/ppi/transaction/DBA933F8-E5C4-669D-E053-6B04A8C0AD56/current"
"DBA933F8-E77E-669D-E053-6B04A8C0AD56","830000","2020-11-20","EC1Y 0AD","F","Y","L","94","CLARENDON COURT, 43","GOLDEN LANE","","LONDON","CITY OF LONDON","GREATER LONDON","A","http://landregistry.data.gov.uk/data/ppi/transaction/DBA933F8-E77E-669D-E053-6B04A8C0AD56/current"
"D22473F4-C6A8-7B40-E053-6C04A8C0A630","775000","2021-03-29","EC1Y 0AD","F","Y","L","95","CLARENDON COURT, 43","GOLDEN LANE","","LONDON","CITY OF LONDON","GREATER LONDON","A","http://landregistry.data.gov.uk/data/ppi/transaction/D22473F4-C6A8-7B40-E053-6C04A8C0A630/current"
"DE2D0CDF-46F9-51EE-E053-6C04A8C00671","1470000","2021-09-29","EC1Y 0AD","F","Y","L","96","CLARENDON COURT, 43","GOLDEN LANE","","LONDON","CITY OF LONDON","GREATER LONDON","A","http://landregistry.data.gov.uk/data/ppi/transaction/DE2D0CDF-46F9-51EE-E053-6C04A8C00671/current"
"DE2D0CDF-46D8-51EE-E053-6C04A8C00671","854400","2020-12-09","EC1Y 0AD","F","Y","L","97","CLARENDON COURT, 43","GOLDEN LANE","","LONDON","CITY OF LONDON","GREATER LONDON","A","http://landregistry.data.gov.uk/data/ppi/transaction/DE2D0CDF-46D8-51EE-E053-6C04A8C00671/current"
"C18F412A-746B-81A6-E053-6B04A8C0AD18","797000","2020-12-02","EC1Y 0AD","F","Y","L","98","CLARENDON COURT, 43","GOLDEN LANE","","LONDON","CITY OF LONDON","GREATER LONDON","A","http://landregistry.data.gov.uk/data/ppi/transaction/C18F412A-746B-81A6-E053-6B04A8C0AD18/current"
"CFC9085D-4C62-9A70-E053-6B04A8C09D6A","660685","2020-11-02","EC1Y 0AD","F","Y","L","","CLARENDON COURT, 43","GOLDEN LANE","","LONDON","CITY OF LONDON","GREATER LONDON","B","http://landregistry.data.gov.uk/data/ppi/transaction/CFC9085D-4C62-9A70-E053-6B04A8C09D6A/current"
"4777E0AF-9B27-5D59-E063-4804A8C09F8E","600000","2025-12-11","EC1Y 0RB","F","N","L","FLAT 27","CUTHBERT HARROWING HOUSE","GOLDEN LANE ESTATE","","LONDON","CITY OF LONDON","GREATER LONDON","B","http://landregistry.data.gov.uk/data/ppi/transaction/4777E0AF-9B27-5D59-E063-4804A8C09F8E/current"
"726BF13B-0EF2-0A46-E053-6C04A8C01D0D","730000","2018-07-06","EC1Y 0RB","F","N","L","FLAT 9","CUTHBERT HARROWING HOUSE","GOLDEN LANE ESTATE","","LONDON","CITY OF LONDON","GREATER LONDON","A","http://landregistry.data.gov.uk/data/ppi/transaction/726BF13B-0EF2-0A46-E053-6C04A8C01D0D/current"
"8CAC1317-E445-0253-E053-6B04A8C08E51","424000","2019-03-29","EC1Y 0RD","F","N","L","FLAT 18","GREAT ARTHUR HOUSE","GOLDEN LANE ESTATE","","LONDON","CITY OF LONDON","GREATER LONDON","A","http://landregistry.data.gov.uk/data/ppi/transaction/8CAC1317-E445-0253-E053-6B04A8C08E51/current"
"2131FCF6-DE7C-86E8-E063-4804A8C0372B","512000","2024-04-05","EC1Y 0RH","F","N","L","FLAT 93","GREAT ARTHUR HOUSE","GOLDEN LANE ESTATE","","LONDON","CITY OF LONDON","GREATER LONDON","B","http://landregistry.data.gov.uk/data/ppi/transaction/2131FCF6-DE7C-86E8-E063-4804A8C0372B/current"
"38EDC0C2-960A-0F63-E063-4704A8C00424","745000","2025-05-19","EC1Y 0RJ","F","N","L","FLAT 1","BOWATER HOUSE","GOLDEN LANE ESTATE","","LONDON","CITY OF LONDON","GREATER LONDON","A","http://landregistry.data.gov.uk/data/ppi/transaction/38EDC0C2-960A-0F63-E063-4704A8C00424/current"
"B82222EC-71A1-6691-E053-6B04A8C02FB2","663000","2020-10-30","EC1Y 0RJ","F","N","L","FLAT 1","BOWATER HOUSE","GOLDEN LANE ESTATE","","LONDON","CITY OF LONDON","GREATER LONDON","A","http://landregistry.data.gov.uk/data/ppi/transaction/B82222EC-71A1-6691-E053-6B04A8C02FB2/current"
"93E6821E-98FF-40FD-E053-6B04A8C0C1DF","660000","2019-08-23","EC1Y 0RJ","F","N","L","FLAT 23","BOWATER HOUSE","GOLDEN LANE ESTATE","","LONDON","CITY OF LONDON","GREATER LONDON","B","http://landregistry.data.gov.uk/data/ppi/transaction/93E6821E-98FF-40FD-E053-6B04A8C0C1DF/current"
"5340B1C5-1704-8052-E063-4804A8C06EE4","675000","2025-11-17","EC1Y 0RJ","F","N","L","FLAT 40","BOWATER HOUSE","GOLDEN LANE ESTATE","","LONDON","CITY OF LONDON","GREATER LONDON","A","http://landregistry.data.gov.uk/data/ppi/transaction/5340B1C5-1704-8052-E063-4804A8C06EE4/current"
"31FB4C17-AFF2-57B9-E050-A8C063053436","680000","2016-03-31","EC1Y 0RJ","F","N","L","FLAT 40","BOWATER HOUSE","GOLDEN LANE ESTATE","","LONDON","CITY OF LONDON","GREATER LONDON","A","http://landregistry.data.gov.uk/data/ppi/transaction/31FB4C17-AFF2-57B9-E050-A8C063053436/current"
"34428D7E-4EA4-B86C-E050-A8C06205059C","435269","2016-04-14","EC1Y 0RL","F","N","L","FLAT 11","STANLEY COHEN HOUSE","GOLDEN LANE ESTATE","","LONDON","CITY OF LONDON","GREATER LONDON","A","http://landregistry.data.gov.uk/data/ppi/transaction/34428D7E-4EA4-B86C-E050-A8C06205059C/current"
"68FEB20B-C10F-38DA-E053-6C04A8C051AE","695000","2018-03-09","EC1Y 0RL","F","N","L","FLAT 12","STANLEY COHEN HOUSE","GOLDEN LANE ESTATE","","LONDON","CITY OF LONDON","GREATER LONDON","A","http://landregistry.data.gov.uk/data/ppi/transaction/68FEB20B-C10F-38DA-E053-6C04A8C051AE/current"
"D22473F5-B9C8-7B40-E053-6C04A8C0A630","513500","2021-06-22","EC1Y 0RL","F","N","L","FLAT 15","STANLEY COHEN HOUSE","GOLDEN LANE ESTATE","","LONDON","CITY OF LONDON","GREATER LONDON","A","http://landregistry.data.gov.uk/data/ppi/transaction/D22473F5-B9C8-7B40-E053-6C04A8C0A630/current"
"8355F009-3F69-55C5-E053-6B04A8C0D090","478000","2019-02-08","EC1Y 0RL","F","N","L","FLAT 27","STANLEY COHEN HOUSE","GOLDEN LANE ESTATE","","LONDON","CITY OF LONDON","GREATER LONDON","A","http://landregistry.data.gov.uk/data/ppi/transaction/8355F009-3F69-55C5-E053-6B04A8C0D090/current"
"919FEC05-8789-9A90-E053-6C04A8C0A300","507500","2019-08-14","EC1Y 0RL","F","N","L","FLAT 32","STANLEY COHEN HOUSE","GOLDEN LANE ESTATE","","LONDON","CITY OF LONDON","GREATER LONDON","A","http://landregistry.data.gov.uk/data/ppi/transaction/919FEC05-8789-9A90-E053-6C04A8C0A300/current"
"1A0C5C63-81B9-7CBE-E063-4804A8C06C96","750000","2024-03-01","EC1Y 0RN","F","N","L","FLAT 22","BAYER HOUSE","GOLDEN LANE ESTATE","","LONDON","CITY OF LONDON","GREATER LONDON","A","http://landregistry.data.gov.uk/data/ppi/transaction/1A0C5C63-81B9-7CBE-E063-4804A8C06C96/current"
"2FD36065-D146-4BF8-E050-A8C0620562B1","745000","2016-03-01","EC1Y 0RN","F","N","L","FLAT 22","BAYER HOUSE","GOLDEN LANE ESTATE","","LONDON","CITY OF LONDON","GREATER LONDON","A","http://landregistry.data.gov.uk/data/ppi/transaction/2FD36065-D146-4BF8-E050-A8C0620562B1/current"
"C8A3A576-6D80-0425-E053-6C04A8C0947B","750000","2021-03-30","EC1Y 0RN","F","N","L","FLAT 25","BAYER HOUSE","GOLDEN LANE ESTATE","","LONDON","CITY OF LONDON","GREATER LONDON","A","http://landregistry.data.gov.uk/data/ppi/transaction/C8A3A576-6D80-0425-E053-6C04A8C0947B/current"
"49B7852A-49D9-7921-E050-A8C063056E8D","695000","2017-02-23","EC1Y 0RN","F","N","L","FLAT 25","BAYER HOUSE","GOLDEN LANE ESTATE","","LONDON","CITY OF LONDON","GREATER LONDON","A","http://landregistry.data.gov.uk/data/ppi/transaction/49B7852A-49D9-7921-E050-A8C063056E8D/current"
"E073986B-82C9-2134-E053-6C04A8C0233B","660000","2022-04-08","EC1Y 0RN","F","N","L","FLAT 27","BAYER HOUSE","GOLDEN LANE ESTATE","","LONDON","CITY OF LONDON","GREATER LONDON","A","http://landregistry.data.gov.uk/data/ppi/transaction/E073986B-82C9-2134-E053-6C04A8C0233B/current"
"1C3E72FE-6B9C-F410-E063-4804A8C0DFA6","745000","2024-05-28","EC1Y 0RN","F","N","L","FLAT 3","BAYER HOUSE","GOLDEN LANE ESTATE","","LONDON","CITY OF LONDON","GREATER LONDON","A","http://landregistry.data.gov.uk/data/ppi/transaction/1C3E72FE-6B9C-F410-E063-4804A8C0DFA6/current"
"4C1B673E-CEBE-D8EA-E063-4704A8C0BF7D","720000","2025-09-16","EC1Y 0RN","F","N","L","FLAT 44","BAYER HOUSE","GOLDEN LANE ESTATE","","LONDON","CITY OF LONDON","GREATER LONDON","A","http://landregistry.data.gov.uk/data/ppi/transaction/4C1B673E-CEBE-D8EA-E063-4704A8C0BF7D/current"
"50F18103-5282-9FD5-E050-A8C063054923","490000","2017-03-28","EC1Y 0RQ","F","N","L","FLAT 73","GREAT ARTHUR HOUSE","GOLDEN LANE ESTATE","","LONDON","CITY OF LONDON","GREATER LONDON","A","http://landregistry.data.gov.uk/data/ppi/transaction/50F18103-5282-9FD5-E050-A8C063054923/current"
"4C1B673F-6B80-D8EA-E063-4704A8C0BF7D","390000","2026-01-30","EC1Y 0RQ","F","N","L","FLAT 81","GREAT ARTHUR HOUSE","GOLDEN LANE ESTATE","","LONDON","CITY OF LONDON","GREATER LONDON","A","http://landregistry.data.gov.uk/data/ppi/transaction/4C1B673F-6B80-D8EA-E063-4704A8C0BF7D/current"
"2FD36066-4ED1-4BF8-E050-A8C0620562B1","30400000","2016-01-04","EC1Y 0RS","O","N","L","SECTION HOUSE","BERNARD MORGAN HOUSE, 43","GOLDEN LANE","","LONDON","CITY OF LONDON","GREATER LONDON","B","http://landregistry.data.gov.uk/data/ppi/transaction/2FD36066-4ED1-4BF8-E050-A8C0620562B1/current"
"2D4D7608-90A2-BDF9-E063-4804A8C0672F","340000","2024-09-02","EC1Y 0SH","F","N","L","FLAT 41","CULLUM WELCH HOUSE","GOLDEN LANE ESTATE","","LONDON","CITY OF LONDON","GREATER LONDON","A","http://landregistry.data.gov.uk/data/ppi/transaction/2D4D7608-90A2-BDF9-E063-4804A8C0672F/current"
"EC7AD099-FAAF-9200-E053-6C04A8C0E306","325000","2022-02-24","EC1Y 0SH","F","N","L","FLAT 53","CULLUM WELCH HOUSE","GOLDEN LANE ESTATE","","LONDON","CITY OF LONDON","GREATER LONDON","A","http://landregistry.data.gov.uk/data/ppi/transaction/EC7AD099-FAAF-9200-E053-6C04A8C0E306/current"
"965B6D91-AC55-95E4-E053-6C04A8C07729","360000","2018-01-08","EC1Y 0SJ","F","N","L","FLAT 127","CRESCENT HOUSE","GOLDEN LANE ESTATE","","LONDON","CITY OF LONDON","GREATER LONDON","A","http://landregistry.data.gov.uk/data/ppi/transaction/965B6D91-AC55-95E4-E053-6C04A8C07729/current"
"DBA933F9-BCEC-669D-E053-6B04A8C0AD56","335000","2021-06-11","EC1Y 0SJ","F","N","L","FLAT 138","CRESCENT HOUSE","GOLDEN LANE ESTATE","","LONDON","CITY OF LONDON","GREATER LONDON","A","http://landregistry.data.gov.uk/data/ppi/transaction/DBA933F9-BCEC-669D-E053-6B04A8C0AD56/current"
"965B6D91-ABB8-95E4-E053-6C04A8C07729","360000","2018-06-01","EC1Y 0SJ","F","N","L","FLAT 139","CRESCENT HOUSE","GOLDEN LANE ESTATE","","LONDON","CITY OF LONDON","GREATER LONDON","A","http://landregistry.data.gov.uk/data/ppi/transaction/965B6D91-ABB8-95E4-E053-6C04A8C07729/current"
"C6209F5E-D2AB-295E-E053-6C04A8C0DDCC","616000","2021-03-26","EC1Y 0SL","F","N","L","FLAT 204","CRESCENT HOUSE","GOLDEN LANE ESTATE","","LONDON","CITY OF LONDON","GREATER LONDON","A","http://landregistry.data.gov.uk/data/ppi/transaction/C6209F5E-D2AB-295E-E053-6C04A8C0DDCC/current"
"98C75472-1DDF-72E9-E053-6B04A8C042F0","320000","2019-02-15","EC1Y 0SL","F","N","L","FLAT 219","CRESCENT HOUSE","GOLDEN LANE ESTATE","","LONDON","CITY OF LONDON","GREATER LONDON","A","http://landregistry.data.gov.uk/data/ppi/transaction/98C75472-1DDF-72E9-E053-6B04A8C042F0/current"
"F87E72F9-389E-176C-E053-6B04A8C0D2BE","400000","2023-02-27","EC1Y 0SL","F","N","L","FLAT 248","CRESCENT HOUSE","GOLDEN LANE ESTATE","","LONDON","CITY OF LONDON","GREATER LONDON","A","http://landregistry.data.gov.uk/data/ppi/transaction/F87E72F9-389E-176C-E053-6B04A8C0D2BE/current"
"75050A85-6CD2-9A88-E053-6B04A8C02390","456545","2018-07-16","EC1Y 0SN","F","N","L","FLAT 310","CRESCENT HOUSE","GOLDEN LANE ESTATE","","LONDON","CITY OF LONDON","GREATER LONDON","A","http://landregistry.data.gov.uk/data/ppi/transaction/75050A85-6CD2-9A88-E053-6B04A8C02390/current"
"582D0637-4A53-8F22-E053-6C04A8C01BAC","418500","2017-08-01","EC1Y 0SN","F","N","L","FLAT 315","CRESCENT HOUSE","GOLDEN LANE ESTATE","","LONDON","CITY OF LONDON","GREATER LONDON","A","http://landregistry.data.gov.uk/data/ppi/transaction/582D0637-4A53-8F22-E053-6C04A8C01BAC/current"
"369DFB15-FEE1-3A19-E050-A8C0620518C6","525000","2016-06-14","EC1Y 0SN","F","N","L","FLAT 329","CRESCENT HOUSE","GOLDEN LANE ESTATE","","LONDON","CITY OF LONDON","GREATER LONDON","A","http://landregistry.data.gov.uk/data/ppi/transaction/369DFB15-FEE1-3A19-E050-A8C0620518C6/current"
"0B853950-3524-69A5-E063-4704A8C07DAC","442000","2023-09-22","EC1Y 0SN","F","N","L","FLAT 334","CRESCENT HOUSE","GOLDEN LANE ESTATE","","LONDON","CITY OF LONDON","GREATER LONDON","A","http://landregistry.data.gov.uk/data/ppi/transaction/0B853950-3524-69A5-E063-4704A8C07DAC/current"
"01EB45F0-0052-40F3-E063-4704A8C05FDE","425000","2023-07-07","EC1Y 0SN","F","N","L","FLAT 335","CRESCENT HOUSE","GOLDEN LANE ESTATE","","LONDON","CITY OF LONDON","GREATER LONDON","A","http://landregistry.data.gov.uk/data/ppi/transaction/01EB45F0-0052-40F3-E063-4704A8C05FDE/current"
"E53EDD2E-047E-83EC-E053-6B04A8C03A59","400000","2022-01-20","EC1Y 0SN","F","N","L","FLAT 338","CRESCENT HOUSE","GOLDEN LANE ESTATE","","LONDON","CITY OF LONDON","GREATER LONDON","A","http://landregistry.data.gov.uk/data/ppi/transaction/E53EDD2E-047E-83EC-E053-6B04A8C03A59/current"
"68FEB20B-BFB4-38DA-E053-6C04A8C051AE","417000","2018-03-20","EC1Y 0SN","F","N","L","FLAT 339","CRESCENT HOUSE","GOLDEN LANE ESTATE","","LONDON","CITY OF LONDON","GREATER LONDON","A","http://landregistry.data.gov.uk/data/ppi/transaction/68FEB20B-BFB4-38DA-E053-6C04A8C051AE/current"
"9DBAD222-02FD-6EB3-E053-6B04A8C0F257","425000","2020-01-21","EC1Y 0SN","F","N","L","FLAT 342","CRESCENT HOUSE","GOLDEN LANE ESTATE","","LONDON","CITY OF LONDON","GREATER LONDON","A","http://landregistry.data.gov.uk/data/ppi/transaction/9DBAD222-02FD-6EB3-E053-6B04A8C0F257/current"
"BA558B32-D9A9-76EF-E053-6B04A8C0B4B7","300000","2020-11-20","EC1Y 0SQ","F","N","L","FLAT 8","CULLUM WELCH HOUSE","GOLDEN LANE ESTATE","","LONDON","CITY OF LONDON","GREATER LONDON","A","http://landregistry.data.gov.uk/data/ppi/transaction/BA558B32-D9A9-76EF-E053-6B04A8C0B4B7/current"
"045A1899-43FC-9A24-E063-4804A8C048EA","700000","2023-07-21","EC1Y 0ST","F","N","L","FLAT 22","HATFIELD HOUSE","GOLDEN LANE ESTATE","","LONDON","CITY OF LONDON","GREATER LONDON","B","http://landregistry.data.gov.uk/data/ppi/transaction/045A1899-43FC-9A24-E063-4804A8C048EA/current"
"55BDCAE6-40A0-521D-E053-6B04A8C0DD7A","695000","2017-06-30","EC1Y 0SU","F","N","L","FLAT 41","HATFIELD HOUSE","GOLDEN LANE ESTATE","","LONDON","CITY OF LONDON","GREATER LONDON","A","http://landregistry.data.gov.uk/data/ppi/transaction/55BDCAE6-40A0-521D-E053-6B04A8C0DD7A/current"
"4C4EE000-4FC7-1854-E050-A8C063054F34","695000","2017-02-24","EC1Y 0SU","F","N","L","FLAT 41","HATFIELD HOUSE","GOLDEN LANE ESTATE","","LONDON","CITY OF LONDON","GREATER LONDON","B","http://landregistry.data.gov.uk/data/ppi/transaction/4C4EE000-4FC7-1854-E050-A8C063054F34/current"
"369DFB15-FEA3-3A19-E050-A8C0620518C6","695000","2016-06-02","EC1Y 0SU","F","N","L","FLAT 42","HATFIELD HOUSE","GOLDEN LANE ESTATE","","LONDON","CITY OF LONDON","GREATER LONDON","A","http://landregistry.data.gov.uk/data/ppi/transaction/369DFB15-FEA3-3A19-E050-A8C0620518C6/current"
"152AB734-01EA-E651-E063-4704A8C061D9","800000","2023-12-13","EC1Y 0SU","F","N","L","FLAT 43","HATFIELD HOUSE","GOLDEN LANE ESTATE","","LONDON","CITY OF LONDON","GREATER LONDON","A","http://landregistry.data.gov.uk/data/ppi/transaction/152AB734-01EA-E651-E063-4704A8C061D9/current"
"EA3278A9-7535-2676-E053-6B04A8C015F8","735000","2022-05-31","EC1Y 0SU","F","N","L","FLAT 47","HATFIELD HOUSE","GOLDEN LANE ESTATE","","LONDON","CITY OF LONDON","GREATER LONDON","A","http://landregistry.data.gov.uk/data/ppi/transaction/EA3278A9-7535-2676-E053-6B04A8C015F8/current"
"726BF13B-0F47-0A46-E053-6C04A8C01D0D","700000","2018-04-12","EC1Y 0SU","F","N","L","FLAT 62","HATFIELD HOUSE","GOLDEN LANE ESTATE","","LONDON","CITY OF LONDON","GREATER LONDON","A","http://landregistry.data.gov.uk/data/ppi/transaction/726BF13B-0F47-0A46-E053-6C04A8C01D0D/current"
"36A61A94-3ED7-DEF2-E063-4704A8C046AE","830000","2024-11-05","EC1Y 0TN","F","N","L","FLAT 18","BASTERFIELD HOUSE","GOLDEN LANE ESTATE","","LONDON","CITY OF LONDON","GREATER LONDON","A","http://landregistry.data.gov.uk/data/ppi/transaction/36A61A94-3ED7-DEF2-E063-4704A8C046AE/current"
"D4D42646-10AA-27F6-E053-6C04A8C0A572","700000","2021-11-22","EC1Y 0TN","F","N","L","FLAT 18","BASTERFIELD HOUSE","GOLDEN LANE ESTATE","","LONDON","CITY OF LONDON","GREATER LONDON","A","http://landregistry.data.gov.uk/data/ppi/transaction/D4D42646-10AA-27F6-E053-6C04A8C0A572/current"
"2859C1AC-3CFA-52B4-E063-4804A8C05948","655000","2024-09-20","EC1Y 0TP","F","N","L","FLAT 24","BASTERFIELD HOUSE","GOLDEN LANE ESTATE","","LONDON","CITY OF LONDON","GREATER LONDON","A","http://landregistry.data.gov.uk/data/ppi/transaction/2859C1AC-3CFA-52B4-E063-4804A8C05948/current"
"773788C2-ED91-2CE4-E053-6C04A8C05E57","810000","2018-08-29","EC1Y 0TP","F","N","L","FLAT 29","BASTERFIELD HOUSE","GOLDEN LANE ESTATE","","LONDON","CITY OF LONDON","GREATER LONDON","B","http://landregistry.data.gov.uk/data/ppi/transaction/773788C2-ED91-2CE4-E053-6C04A8C05E57/current"
"E53EDD2E-03B1-83EC-E053-6B04A8C03A59","715000","2022-02-16","EC1Y 0TP","F","N","L","FLAT 30","BASTERFIELD HOUSE","GOLDEN LANE ESTATE","","LONDON","CITY OF LONDON","GREATER LONDON","A","http://landregistry.data.gov.uk/data/ppi/transaction/E53EDD2E-03B1-83EC-E053-6B04A8C03A59/current"
"FAC30767-5430-5E20-E053-4704A8C004EE","650000","2023-04-21","EC1Y 0TR","F","N","L","FLAT 41","BASTERFIELD HOUSE","GOLDEN LANE ESTATE","","LONDON","CITY OF LONDON","GREATER LONDON","A","http://landregistry.data.gov.uk/data/ppi/transaction/FAC30767-5430-5E20-E053-4704A8C004EE/current"
"EA3278AA-D5EF-2676-E053-6B04A8C015F8","17021","2022-02-04","EC1Y 8AA","O","N","L","","57","WHITECROSS STREET","","LONDON","CITY OF LONDON","GREATER LONDON","B","http://landregistry.data.gov.uk/data/ppi/transaction/EA3278AA-D5EF-2676-E053-6B04A8C015F8/current"
"A96E4ACC-C979-9205-E053-6C04A8C0DA09","1224107","2019-07-05","EC2M 1GT","O","N","L","","THE LORD ABERCONWAY PUBLIC HOUSE, 73","OLD BROAD STREET","","LONDON","CITY OF LONDON","GREATER LONDON","B","http://landregistry.data.gov.uk/data/ppi/transaction/A96E4ACC-C979-9205-E053-6C04A8C0DA09/current"
"93E6821F-1B7D-40FD-E053-6B04A8C0C1DF","350000","2018-07-13","EC2M 1QP","O","N","L","RESTAURANT UNIT","DASHWOOD HOUSE","OLD BROAD STREET","","LONDON","CITY OF LONDON","GREATER LONDON","B","http://landregistry.data.gov.uk/data/ppi/transaction/93E6821F-1B7D-40FD-E053-6B04A8C0C1DF/current"
"31C68072-FDD1-FEE3-E063-4804A8C04F37","6380000","2024-11-20","EC2M 1QP","O","N","F","","78","OLD BROAD STREET","","LONDON","CITY OF LONDON","GREATER LONDON","B","http://landregistry.data.gov.uk/data/ppi/transaction/31C68072-FDD1-FEE3-E063-4804A8C04F37/current"
"A2479555-C46E-74C7-E053-6B04A8C0887D","576355","2019-03-28","EC2M 1QS","O","N","L","FLOOR 8","DASHWOOD HOUSE, 69","OLD BROAD STREET","","LONDON","CITY OF LONDON","GREATER LONDON","B","http://landregistry.data.gov.uk/data/ppi/transaction/A2479555-C46E-74C7-E053-6B04A8C0887D/current"
"A96E4ACC-C97B-9205-E053-6C04A8C0DA09","1224107","2019-07-05","EC2M 1QT","O","N","L","","74","OLD BROAD STREET","","LONDON","CITY OF LONDON","GREATER LONDON","B","http://landregistry.data.gov.uk/data/ppi/transaction/A96E4ACC-C97B-9205-E053-6C04A8C0DA09/current"
"404A5AF4-4EE2-CD2B-E050-A8C063055C7B","80000","2016-06-10","EC2M 1RP","O","N","L","GROUND FLOOR AND BASEMENT","25","WORMWOOD STREET","","LONDON","CITY OF LONDON","GREATER LONDON","B","http://landregistry.data.gov.uk/data/ppi/transaction/404A5AF4-4EE2-CD2B-E050-A8C063055C7B/current"
"09266DDB-F179-AF90-E063-4704A8C02087","720000","2023-08-16","EC2M 1RQ","F","N","L","FLAT 1","CITY WALL HOUSE, 10","WORMWOOD STREET","","LONDON","CITY OF LONDON","GREATER LONDON","A","http://landregistry.data.gov.uk/data/ppi/transaction/09266DDB-F179-AF90-E063-4704A8C02087/current"
"5F54B81D-75E0-2B45-E053-6B04A8C01FB0","605000","2017-10-20","EC2M 1RQ","F","N","L","FLAT 7","CITY WALL HOUSE, 10","WORMWOOD STREET","","LONDON","CITY OF LONDON","GREATER LONDON","A","http://landregistry.data.gov.uk/data/ppi/transaction/5F54B81D-75E0-2B45-E053-6B04A8C01FB0/current"
"61D8894E-A36D-3DE6-E053-6C04A8C01207","43000000","2017-09-06","EC2M 2AQ","O","N","F","","16","SOUTH PLACE","","LONDON","CITY OF LONDON","GREATER LONDON","B","http://landregistry.data.gov.uk/data/ppi/transaction/61D8894E-A36D-3DE6-E053-6C04A8C01207/current"
"152AB734-68F2-E651-E063-4704A8C061D9","1060000","2020-09-17","EC2M 2AU","O","N","L","","UNIT G16","OCTAGON MALL","","LONDON","CITY OF LONDON","GREATER LONDON","B","http://landregistry.data.gov.uk/data/ppi/transaction/152AB734-68F2-E651-E063-4704A8C061D9/current"
"1061746E-B949-3C34-E063-4804A8C0F9E7","149717670","2023-01-26","EC2M 2PF","O","N","L","","2","FINSBURY AVENUE","","LONDON","CITY OF LONDON","GREATER LONDON","B","http://landregistry.data.gov.uk/data/ppi/transaction/1061746E-B949-3C34-E063-4804A8C0F9E7/current"
"0E082197-6AD5-5C09-E063-4704A8C0A10E","50000","2023-01-26","EC2M 2PF","O","N","F","","2","FINSBURY AVENUE","","LONDON","CITY OF LONDON","GREATER LONDON","B","http://landregistry.data.gov.uk/data/ppi/transaction/0E082197-6AD5-5C09-E063-4704A8C0A10E/current"
"E7B085FD-2DCF-7E31-E053-6C04A8C0E67F","403407","2022-02-10","EC2M 2PJ","O","N","L","","5","FINSBURY AVENUE","","LONDON","CITY OF LONDON","GREATER LONDON","B","http://landregistry.data.gov.uk/data/ppi/transaction/E7B085FD-2DCF-7E31-E053-6C04A8C0E67F/current"
"C3C3F9B6-997E-362B-E053-6B04A8C03ACC","242118","2019-10-01","EC2M 2PP","O","N","L","UNIT 4","1","FINSBURY AVENUE","","LONDON","CITY OF LONDON","GREATER LONDON","B","http://landregistry.data.gov.uk/data/ppi/transaction/C3C3F9B6-997E-362B-E053-6B04A8C03ACC/current"
"6B32222C-E664-01F1-E053-6C04A8C0D2C8","225000","2018-03-16","EC2M 2QS","O","N","L","","UNIT T7","BROADGATE CIRCLE","","LONDON","CITY OF LONDON","GREATER LONDON","B","http://landregistry.data.gov.uk/data/ppi/transaction/6B32222C-E664-01F1-E053-6C04A8C0D2C8/current"
"2ACACE8D-7B3D-295E-E063-4804A8C0B0EB","1445512","2024-03-01","EC2M 3AB","O","N","L","LEVEL 5","201","BISHOPSGATE","","LONDON","CITY OF LONDON","GREATER LONDON","B","http://landregistry.data.gov.uk/data/ppi/transaction/2ACACE8D-7B3D-295E-E063-4804A8C0B0EB/current"
"582D0637-D98B-8F22-E053-6C04A8C01BAC","1000000","2017-06-01","EC2M 3TL","O","N","L","","117 - 119","BISHOPSGATE","","LONDON","CITY OF LONDON","GREATER LONDON","B","http://landregistry.data.gov.uk/data/ppi/transaction/582D0637-D98B-8F22-E053-6C04A8C01BAC/current"
"36A61A95-389A-DEF2-E063-4704A8C046AE","28839349","2024-10-01","EC2M 3TL","O","N","L","","117 - 121","BISHOPSGATE","","LONDON","CITY OF LONDON","GREATER LONDON","B","http://landregistry.data.gov.uk/data/ppi/transaction/36A61A95-389A-DEF2-E063-4704A8C046AE/current"
"773788C3-9575-2CE4-E053-6C04A8C05E57","43033750","2018-06-01","EC2M 3TL","O","N","F","","117 - 121","BISHOPSGATE","","LONDON","CITY OF LONDON","GREATER LONDON","B","http://landregistry.data.gov.uk/data/ppi/transaction/773788C3-9575-2CE4-E053-6C04A8C05E57/current"
"1C3E72FE-E98C-F410-E063-4804A8C0DFA6","90000","2024-02-13","EC2M 3TQ","O","N","L","UNIT B","155","BISHOPSGATE","","LONDON","CITY OF LONDON","GREATER LONDON","B","http://landregistry.data.gov.uk/data/ppi/transaction/1C3E72FE-E98C-F410-E063-4804A8C0DFA6/current"
"453D27A3-CE86-EF91-E050-A8C0630574D7","425000","2016-12-01","EC2M 3TY","O","N","L","","LEVEL EIGHT, 199","BISHOPSGATE","","LONDON","CITY OF LONDON","GREATER LONDON","B","http://landregistry.data.gov.uk/data/ppi/transaction/453D27A3-CE86-EF91-E050-A8C0630574D7/current"
"87E1551E-CEF6-6405-E053-6C04A8C0B2EE","170403","2019-04-01","EC2M 3UG","O","N","L","","RETAIL UNITS 6 & 7, 201","BISHOPSGATE","","LONDON","CITY OF LONDON","GREATER LONDON","B","http://landregistry.data.gov.uk/data/ppi/transaction/87E1551E-CEF6-6405-E053-6C04A8C0B2EE/current"
"50D10B84-A511-B8D0-E063-4704A8C08D98","168735","2025-05-01","EC2M 4AJ","O","N","L","UNITED OVERSEAS BANK","DEVONSHIRE HOUSE, 3","BISHOPSGATE PLAZA","","LONDON","CITY OF LONDON","GREATER LONDON","B","http://landregistry.data.gov.uk/data/ppi/transaction/50D10B84-A511-B8D0-E063-4704A8C08D98/current"
"8F1B26BE-9B86-53DB-E053-6C04A8C03649","36488562","2019-01-16","EC2M 4LX","O","N","L","","158","BISHOPSGATE","","LONDON","CITY OF LONDON","GREATER LONDON","B","http://landregistry.data.gov.uk/data/ppi/transaction/8F1B26BE-9B86-53DB-E053-6C04A8C03649/current"
"49E87C32-E544-591C-E063-4704A8C00C31","26050623","2024-12-23","EC2M 4LX","O","N","L","","158 - 162","BISHOPSGATE","","LONDON","CITY OF LONDON","GREATER LONDON","B","http://landregistry.data.gov.uk/data/ppi/transaction/49E87C32-E544-591C-E063-4704A8C00C31/current"
"B5755FFE-AF61-7D01-E053-6C04A8C036B6","504000","2020-09-10","EC2M 4LX","F","N","L","FLAT 6","160","BISHOPSGATE","","LONDON","CITY OF LONDON","GREATER LONDON","B","http://landregistry.data.gov.uk/data/ppi/transaction/B5755FFE-AF61-7D01-E053-6C04A8C036B6/current"
"A96E4ACC-E446-9205-E053-6C04A8C0DA09","25770","2020-04-16","EC2M 4LX","O","N","F","","NEW CHAPTER HOUSE 166 - 170","BISHOPSGATE","","LONDON","CITY OF LONDON","GREATER LONDON","B","http://landregistry.data.gov.uk/data/ppi/transaction/A96E4ACC-E446-9205-E053-6C04A8C0DA09/current"
"47844C80-BBB4-8986-E050-A8C063056488","25000","2017-01-11","EC2M 4LX","O","N","F","","NEW CHAPTER HOUSE 166 - 170","BISHOPSGATE","","LONDON","CITY OF LONDON","GREATER LONDON","B","http://landregistry.data.gov.uk/data/ppi/transaction/47844C80-BBB4-8986-E050-A8C063056488/current"
"9DBAD222-02E9-6EB3-E053-6B04A8C0F257","575000","2020-01-15","EC2M 4NR","F","N","L","FLAT 18","186 - 190","BISHOPSGATE","","LONDON","CITY OF LONDON","GREATER LONDON","A","http://landregistry.data.gov.uk/data/ppi/transaction/9DBAD222-02E9-6EB3-E053-6B04A8C0F257/current"
"965B6D91-AC4A-95E4-E053-6C04A8C07729","615000","2019-10-15","EC2M 4NR","F","N","L","FLAT 4","186 - 190","BISHOPSGATE","","LONDON","CITY OF LONDON","GREATER LONDON","A","http://landregistry.data.gov.uk/data/ppi/transaction/965B6D91-AC4A-95E4-E053-6C04A8C07729/current"
"5376B385-B82F-34C1-E053-6B04A8C09FF6","500000","2017-06-05","EC2M 4NR","F","N","L","FLAT 4","186 - 190","BISHOPSGATE","","LONDON","CITY OF LONDON","GREATER LONDON","A","http://landregistry.data.gov.uk/data/ppi/transaction/5376B385-B82F-34C1-E053-6B04A8C09FF6/current"
"49E87C32-E555-591C-E063-4704A8C00C31","11800000","2024-10-08","EC2M 4NR","O","N","F","","192","BISHOPSGATE","","LONDON","CITY OF LONDON","GREATER LONDON","B","http://landregistry.data.gov.uk/data/ppi/transaction/49E87C32-E555-591C-E063-4704A8C00C31/current"
"3B7E0B90-2E7D-EA99-E050-A8C062057E77","631750","2016-08-05","EC2M 4NR","F","N","L","FLAT 7","202","BISHOPSGATE","","LONDON","CITY OF LONDON","GREATER LONDON","B","http://landregistry.data.gov.uk/data/ppi/transaction/3B7E0B90-2E7D-EA99-E050-A8C062057E77/current"
"D22473F6-6C13-7B40-E053-6C04A8C0A630","75000","2021-03-15","EC2M 4NR","O","N","L","GROUND FLOOR AND BASEMENT","206 - 210","BISHOPSGATE","","LONDON","CITY OF LONDON","GREATER LONDON","B","http://landregistry.data.gov.uk/data/ppi/transaction/D22473F6-6C13-7B40-E053-6C04A8C0A630/current"
"045A1899-432A-9A24-E063-4804A8C048EA","1751000","2022-11-02","EC2M 4NR","O","N","F","","206 - 210","BISHOPSGATE","","LONDON","CITY OF LONDON","GREATER LONDON","B","http://landregistry.data.gov.uk/data/ppi/transaction/045A1899-432A-9A24-E063-4804A8C048EA/current"
"3914047A-7755-3206-E050-A8C063057647","1980000","2016-05-10","EC2M 4NR","O","N","F","","206 - 210","BISHOPSGATE","","LONDON","CITY OF LONDON","GREATER LONDON","B","http://landregistry.data.gov.uk/data/ppi/transaction/3914047A-7755-3206-E050-A8C063057647/current"
"8A78B2B0-6990-5CB0-E053-6B04A8C0F504","21000000","2019-04-10","EC2M 4QD","O","N","F","","218","BISHOPSGATE","","LONDON","CITY OF LONDON","GREATER LONDON","B","http://landregistry.data.gov.uk/data/ppi/transaction/8A78B2B0-6990-5CB0-E053-6B04A8C0F504/current"
"1EAE3DF7-6B30-9EB1-E063-4704A8C09D02","4555001","2024-07-12","EC2M 4QD","O","N","F","","232 - 238","BISHOPSGATE","","LONDON","CITY OF LONDON","GREATER LONDON","B","http://landregistry.data.gov.uk/data/ppi/transaction/1EAE3DF7-6B30-9EB1-E063-4704A8C09D02/current"
"8CAC1318-F390-0253-E053-6B04A8C08E51","13000","2019-05-29","EC2M 4RH","O","N","L","","12","DEVONSHIRE ROW","","LONDON","CITY OF LONDON","GREATER LONDON","B","http://landregistry.data.gov.uk/data/ppi/transaction/8CAC1318-F390-0253-E053-6B04A8C08E51/current"
"68FEB20C-5D1E-38DA-E053-6C04A8C051AE","25838302","2018-02-14","EC2M 4SQ","O","N","F","","DEVONSHIRE BUILDINGS, 16 - 17","DEVONSHIRE SQUARE","","LONDON","CITY OF LONDON","GREATER LONDON","B","http://landregistry.data.gov.uk/data/ppi/transaction/68FEB20C-5D1E-38DA-E053-6C04A8C051AE/current"
"EED73E76-7CF4-6AF3-E053-6C04A8C08ABA","4100000","2022-06-24","EC2M 4TE","O","N","F","","12","DEVONSHIRE SQUARE","","LONDON","CITY OF LONDON","GREATER LONDON","B","http://landregistry.data.gov.uk/data/ppi/transaction/EED73E76-7CF4-6AF3-E053-6C04A8C08ABA/current"
"8F1B26BE-7C90-53DB-E053-6C04A8C03649","169328","2019-07-15","EC2M 4TP","O","N","L","","1A","NEW STREET","","LONDON","CITY OF LONDON","GREATER LONDON","B","http://landregistry.data.gov.uk/data/ppi/transaction/8F1B26BE-7C90-53DB-E053-6C04A8C03649/current"
"1A0C5C63-E24B-7CBE-E063-4804A8C06C96","3850000","2022-11-21","EC2M 4TP","O","N","F","","3 - 4","NEW STREET","","LONDON","CITY OF LONDON","GREATER LONDON","B","http://landregistry.data.gov.uk/data/ppi/transaction/1A0C5C63-E24B-7CBE-E063-4804A8C06C96/current"
"47844C80-9DE5-8986-E050-A8C063056488","41500000","2017-01-10","EC2M 4TP","O","N","F","","21","NEW STREET","","LONDON","CITY OF LONDON","GREATER LONDON","B","http://landregistry.data.gov.uk/data/ppi/transaction/47844C80-9DE5-8986-E050-A8C063056488/current"
"1061746E-B800-3C34-E063-4804A8C0F9E7","1370000","2023-08-02","EC2M 4TR","O","N","L","APARTMENT 11","SHIELD HOUSE, 16","NEW STREET","","LONDON","CITY OF LONDON","GREATER LONDON","B","http://landregistry.data.gov.uk/data/ppi/transaction/1061746E-B800-3C34-E063-4804A8C0F9E7/current"
"EC7AD099-376C-9200-E053-6C04A8C0E306","1230000","2022-09-16","EC2M 4TR","F","N","L","APARTMENT 6","SHIELD HOUSE, 16","NEW STREET","","LONDON","CITY OF LONDON","GREATER LONDON","A","http://landregistry.data.gov.uk/data/ppi/transaction/EC7AD099-376C-9200-E053-6C04A8C0E306/current"
"3B5CE841-6010-EE3A-E063-4804A8C0D6F1","2084000","2025-03-11","EC2M 4TR","F","N","L","APARTMENT 1","TAPESTRY BUILDING, 16","NEW STREET","","LONDON","CITY OF LONDON","GREATER LONDON","A","http://landregistry.data.gov.uk/data/ppi/transaction/3B5CE841-6010-EE3A-E063-4804A8C0D6F1/current"
"1C3E72FE-E958-F410-E063-4804A8C0DFA6","1400000","2024-02-21","EC2M 4TR","O","N","L","APARTMENT 4","TAPESTRY BUILDING, 16","NEW STREET","","LONDON","CITY OF LONDON","GREATER LONDON","B","http://landregistry.data.gov.uk/data/ppi/transaction/1C3E72FE-E958-F410-E063-4804A8C0DFA6/current"
"1A0C5C63-0235-7CBE-E063-4804A8C06C96","2200000","2024-04-29","EC2M 4TR","F","N","L","APARTMENT 7","TAPESTRY BUILDING, 16","NEW STREET","","LONDON","CITY OF LONDON","GREATER LONDON","A","http://landregistry.data.gov.uk/data/ppi/transaction/1A0C5C63-0235-7CBE-E063-4804A8C06C96/current"
"BEF7EBBE-8278-7A76-E053-6B04A8C092F7","1800000","2020-12-21","EC2M 4TR","F","N","L","APARTMENT 10 SHIELD HOUSE","16","NEW STREET","","LONDON","CITY OF LONDON","GREATER LONDON","A","http://landregistry.data.gov.uk/data/ppi/transaction/BEF7EBBE-8278-7A76-E053-6B04A8C092F7/current"
"49B7852A-CC17-7921-E050-A8C063056E8D","13500","2017-01-06","EC2M 4YT","O","N","L","FOURTH FLOOR","14","DEVONSHIRE SQUARE","","LONDON","CITY OF LONDON","GREATER LONDON","B","http://landregistry.data.gov.uk/data/ppi/transaction/49B7852A-CC17-7921-E050-A8C063056E8D/current"
"B32EBB14-1BAA-3C99-E053-6C04A8C09CA1","3600000","2020-02-12","EC2M 4YW","O","N","F","","15","DEVONSHIRE SQUARE","","LONDON","CITY OF LONDON","GREATER LONDON","B","http://landregistry.data.gov.uk/data/ppi/transaction/B32EBB14-1BAA-3C99-E053-6C04A8C09CA1/current"
"87E1551E-CF81-6405-E053-6C04A8C0B2EE","97500000","2018-12-10","EC2M 5NS","O","N","L","","5","LONDON WALL BUILDINGS","","LONDON","CITY OF LONDON","GREATER LONDON","B","http://landregistry.data.gov.uk/data/ppi/transaction/87E1551E-CF81-6405-E053-6C04A8C0B2EE/current"
"9DBAD222-88D2-6EB3-E053-6B04A8C0F257","25000","2019-11-11","EC2M 5QD","O","N","L","GROUND FLOOR","SALISBURY HOUSE, 164","LONDON WALL","","LONDON","CITY OF LONDON","GREATER LONDON","B","http://landregistry.data.gov.uk/data/ppi/transaction/9DBAD222-88D2-6EB3-E053-6B04A8C0F257/current"
"64342BFF-3885-422C-E053-6C04A8C0FB8A","62735","2017-09-22","EC2M 5SQ","O","N","L","","SALISBURY HOUSE, 31","FINSBURY CIRCUS","","LONDON","CITY OF LONDON","GREATER LONDON","B","http://landregistry.data.gov.uk/data/ppi/transaction/64342BFF-3885-422C-E053-6C04A8C0FB8A/current"
"666758D7-8FE8-3363-E053-6B04A8C0D74E","64400","2018-01-29","EC2M 5TE","O","N","L","","UNIT 1, 49","LONDON WALL","","LONDON","CITY OF LONDON","GREATER LONDON","B","http://landregistry.data.gov.uk/data/ppi/transaction/666758D7-8FE8-3363-E053-6B04A8C0D74E/current"
"9FF0D96A-67B0-11ED-E053-6C04A8C06383","9900000","2019-12-18","EC2M 5TN","O","N","L","","66","LONDON WALL","","LONDON","CITY OF LONDON","GREATER LONDON","B","http://landregistry.data.gov.uk/data/ppi/transaction/9FF0D96A-67B0-11ED-E053-6C04A8C06383/current"
"E53EDD2E-B1B5-83EC-E053-6B04A8C03A59","19450000","2022-02-11","EC2M 5TP","O","N","F","","64","LONDON WALL","","LONDON","CITY OF LONDON","GREATER LONDON","B","http://landregistry.data.gov.uk/data/ppi/transaction/E53EDD2E-B1B5-83EC-E053-6B04A8C03A59/current"
"38EDC0C3-9104-0F63-E063-4704A8C00424","1500000","2024-02-28","EC2M 5TQ","O","N","L","","60","LONDON WALL","","LONDON","CITY OF LONDON","GREATER LONDON","B","http://landregistry.data.gov.uk/data/ppi/transaction/38EDC0C3-9104-0F63-E063-4704A8C00424/current"
"5340B1C6-0562-8052-E063-4804A8C06EE4","1500000","2025-10-30","EC2M 6SA","O","N","F","","87","MOORGATE","","LONDON","CITY OF LONDON","GREATER LONDON","B","http://landregistry.data.gov.uk/data/ppi/transaction/5340B1C6-0562-8052-E063-4804A8C06EE4/current"
"AC07BBD0-A47A-0445-E053-6C04A8C01E31","100000","2018-09-11","EC2M 6SE","O","N","L","GROUND FLOOR AND BASEMENT PREMISES","88 - 92","MOORGATE","","LONDON","CITY OF LONDON","GREATER LONDON","B","http://landregistry.data.gov.uk/data/ppi/transaction/AC07BBD0-A47A-0445-E053-6C04A8C01E31/current"
"BA558B33-63BD-76EF-E053-6B04A8C0B4B7","279794","2020-03-31","EC2M 6TX","O","N","L","NORTHERN LINE KIOSK","MOORGATE STATION","MOORGATE","","LONDON","CITY OF LONDON","GREATER LONDON","B","http://landregistry.data.gov.uk/data/ppi/transaction/BA558B33-63BD-76EF-E053-6B04A8C0B4B7/current"
"E7B085FD-3FFF-7E31-E053-6C04A8C0E67F","7106635","2022-03-16","EC2M 6TX","O","N","L","","FIRST FLOOR, 141","MOORGATE","","LONDON","CITY OF LONDON","GREATER LONDON","B","http://landregistry.data.gov.uk/data/ppi/transaction/E7B085FD-3FFF-7E31-E053-6C04A8C0E67F/current"
"2131FCF6-DE8B-86E8-E063-4804A8C0372B","34700000","2022-10-14","EC2M 7AD","O","N","L","","85","LONDON WALL","","LONDON","CITY OF LONDON","GREATER LONDON","B","http://landregistry.data.gov.uk/data/ppi/transaction/2131FCF6-DE8B-86E8-E063-4804A8C0372B/current"
"2D4D7609-E550-BDF9-E063-4804A8C0672F","26086784","2022-03-17","EC2M 7AW","O","N","F","","4 - 10","BLOMFIELD STREET","","LONDON","CITY OF LONDON","GREATER LONDON","B","http://landregistry.data.gov.uk/data/ppi/transaction/2D4D7609-E550-BDF9-E063-4804A8C0672F/current"
"7C2D0700-FB43-4963-E053-6B04A8C07B97","395643","2018-06-22","EC2M 7EA","O","N","L","","THIRD FLOOR, 8","FINSBURY CIRCUS","","LONDON","CITY OF LONDON","GREATER LONDON","B","http://landregistry.data.gov.uk/data/ppi/transaction/7C2D0700-FB43-4963-E053-6B04A8C07B97/current"
"7C2D0700-FB42-4963-E053-6B04A8C07B97","1249000","2018-06-22","EC2M 7EA","O","N","L","SECOND FLOOR","8","FINSBURY CIRCUS","","LONDON","CITY OF LONDON","GREATER LONDON","B","http://landregistry.data.gov.uk/data/ppi/transaction/7C2D0700-FB42-4963-E053-6B04A8C07B97/current"
"31C68072-DEAD-FEE3-E063-4804A8C04F37","2000000","2024-08-01","EC2M 7EA","O","N","L","UNIT 1","8","FINSBURY CIRCUS","","LONDON","CITY OF LONDON","GREATER LONDON","B","http://landregistry.data.gov.uk/data/ppi/transaction/31C68072-DEAD-FEE3-E063-4804A8C04F37/current"
"A71375FE-07CB-7576-E053-6C04A8C0462F","260000000","2019-07-26","EC2M 7EA","O","N","F","","8","FINSBURY CIRCUS","","LONDON","CITY OF LONDON","GREATER LONDON","B","http://landregistry.data.gov.uk/data/ppi/transaction/A71375FE-07CB-7576-E053-6C04A8C0462F/current"
"9FF0D96A-67C3-11ED-E053-6C04A8C06383","99995","2020-01-29","EC2M 7EB","O","N","L","LOWER GROUND AND PART GROUND FLOOR","FINSBURY CIRCUS HOUSE, 15","FINSBURY CIRCUS","","LONDON","CITY OF LONDON","GREATER LONDON","B","http://landregistry.data.gov.uk/data/ppi/transaction/9FF0D96A-67C3-11ED-E053-6C04A8C06383/current"
"9B361206-F762-1904-E053-6B04A8C0EEB5","125000","2018-11-13","EC2M 7LA","O","N","L","","17","ELDON STREET","","LONDON","CITY OF LONDON","GREATER LONDON","B","http://landregistry.data.gov.uk/data/ppi/transaction/9B361206-F762-1904-E053-6B04A8C0EEB5/current"
"85866A65-A00B-143F-E053-6B04A8C06A15","5700000","2019-02-22","EC2M 7LS","O","N","F","","THE RED LION PUBLIC HOUSE","ELDON STREET","","LONDON","CITY OF LONDON","GREATER LONDON","B","http://landregistry.data.gov.uk/data/ppi/transaction/85866A65-A00B-143F-E053-6B04A8C06A15/current"
"DBA933FA-5BCD-669D-E053-6B04A8C0AD56","40000000","2020-06-23","EC2M 7LS","O","N","F","","ELDON HOUSE, 2 - 3","ELDON STREET","","LONDON","CITY OF LONDON","GREATER LONDON","B","http://landregistry.data.gov.uk/data/ppi/transaction/DBA933FA-5BCD-669D-E053-6B04A8C0AD56/current"
"80E1AA98-F268-7BF8-E053-6C04A8C00BF2","27293000","2019-01-03","EC2M 7LS","O","N","F","","6","ELDON STREET","","LONDON","CITY OF LONDON","GREATER LONDON","B","http://landregistry.data.gov.uk/data/ppi/transaction/80E1AA98-F268-7BF8-E053-6C04A8C00BF2/current"
"80E1AA98-F257-7BF8-E053-6C04A8C00BF2","27293000","2019-01-03","EC2M 7LS","O","N","F","","7","ELDON STREET","","LONDON","CITY OF LONDON","GREATER LONDON","B","http://landregistry.data.gov.uk/data/ppi/transaction/80E1AA98-F257-7BF8-E053-6C04A8C00BF2/current"
"55BDCAE6-E2BD-521D-E053-6B04A8C0DD7A","10521571","2017-05-01","EC2M 7NX","O","N","F","","RAILWAY TAVERN, 15","LIVERPOOL STREET","","LONDON","CITY OF LONDON","GREATER LONDON","B","http://landregistry.data.gov.uk/data/ppi/transaction/55BDCAE6-E2BD-521D-E053-6B04A8C0DD7A/current"
"A96E4ACC-C958-9205-E053-6C04A8C0DA09","4950000","2019-07-05","EC2M 7PD","O","N","L","","17","LIVERPOOL STREET","","LONDON","CITY OF LONDON","GREATER LONDON","B","http://landregistry.data.gov.uk/data/ppi/transaction/A96E4ACC-C958-9205-E053-6C04A8C0DA09/current"
"A96E4ACC-C97C-9205-E053-6C04A8C0DA09","1224107","2019-07-05","EC2M 7PD","O","N","L","","18","LIVERPOOL STREET","","LONDON","CITY OF LONDON","GREATER LONDON","B","http://landregistry.data.gov.uk/data/ppi/transaction/A96E4ACC-C97C-9205-E053-6C04A8C0DA09/current"
"34222873-0F38-4D2B-E063-4704A8C07853","90000","2020-02-06","EC2M 7PD","O","N","L","","28","LIVERPOOL STREET","","LONDON","CITY OF LONDON","GREATER LONDON","B","http://landregistry.data.gov.uk/data/ppi/transaction/34222873-0F38-4D2B-E063-4704A8C07853/current"
"4E75C29E-2F11-8922-E063-4804A8C094D0","13800000","2025-05-16","EC2M 7PD","O","N","F","","33","LIVERPOOL STREET","","LONDON","CITY OF LONDON","GREATER LONDON","B","http://landregistry.data.gov.uk/data/ppi/transaction/4E75C29E-2F11-8922-E063-4804A8C094D0/current"
"42C129E5-693A-60A9-E063-4804A8C0C25D","22569890","2024-09-26","EC2M 7PN","O","N","L","","METROPOLITAN ARCADE","LIVERPOOL STREET","","LONDON","CITY OF LONDON","GREATER LONDON","B","http://landregistry.data.gov.uk/data/ppi/transaction/42C129E5-693A-60A9-E063-4804A8C0C25D/current"
"A96E4ACC-C981-9205-E053-6C04A8C0DA09","1224107","2019-07-05","EC2M 7PN","O","N","L","","1","THE ARCADE","","LONDON","CITY OF LONDON","GREATER LONDON","B","http://landregistry.data.gov.uk/data/ppi/transaction/A96E4ACC-C981-9205-E053-6C04A8C0DA09/current"
"A96E4ACC-C97D-9205-E053-6C04A8C0DA09","1224107","2019-07-05","EC2M 7PN","O","N","L","","4 - 6","THE ARCADE","","LONDON","CITY OF LONDON","GREATER LONDON","B","http://landregistry.data.gov.uk/data/ppi/transaction/A96E4ACC-C97D-9205-E053-6C04A8C0DA09/current"
"A96E4ACC-C98B-9205-E053-6C04A8C0DA09","1224107","2019-07-05","EC2M 7PN","O","N","L","","7","THE ARCADE","","LONDON","CITY OF LONDON","GREATER LONDON","B","http://landregistry.data.gov.uk/data/ppi/transaction/A96E4ACC-C98B-9205-E053-6C04A8C0DA09/current"
"A96E4ACC-C97E-9205-E053-6C04A8C0DA09","1224107","2019-07-05","EC2M 7PN","O","N","L","","8","THE ARCADE","","LONDON","CITY OF LONDON","GREATER LONDON","B","http://landregistry.data.gov.uk/data/ppi/transaction/A96E4ACC-C97E-9205-E053-6C04A8C0DA09/current"
"A96E4ACC-C97A-9205-E053-6C04A8C0DA09","1224107","2019-07-05","EC2M 7PN","O","N","L","","9 - 10","THE ARCADE","","LONDON","CITY OF LONDON","GREATER LONDON","B","http://landregistry.data.gov.uk/data/ppi/transaction/A96E4ACC-C97A-9205-E053-6C04A8C0DA09/current"
"A96E4ACC-C989-9205-E053-6C04A8C0DA09","1224107","2019-07-05","EC2M 7PN","O","N","L","","11A","THE ARCADE","","LONDON","CITY OF LONDON","GREATER LONDON","B","http://landregistry.data.gov.uk/data/ppi/transaction/A96E4ACC-C989-9205-E053-6C04A8C0DA09/current"
"A96E4ACC-C97F-9205-E053-6C04A8C0DA09","1224107","2019-07-05","EC2M 7PN","O","N","L","","12","THE ARCADE","","LONDON","CITY OF LONDON","GREATER LONDON","B","http://landregistry.data.gov.uk/data/ppi/transaction/A96E4ACC-C97F-9205-E053-6C04A8C0DA09/current"
"A96E4ACC-C988-9205-E053-6C04A8C0DA09","1224107","2019-07-05","EC2M 7PN","O","N","L","","14","THE ARCADE","","LONDON","CITY OF LONDON","GREATER LONDON","B","http://landregistry.data.gov.uk/data/ppi/transaction/A96E4ACC-C988-9205-E053-6C04A8C0DA09/current"
"A96E4ACC-C985-9205-E053-6C04A8C0DA09","1224107","2019-07-05","EC2M 7PN","O","N","L","","15","THE ARCADE","","LONDON","CITY OF LONDON","GREATER LONDON","B","http://landregistry.data.gov.uk/data/ppi/transaction/A96E4ACC-C985-9205-E053-6C04A8C0DA09/current"
"A96E4ACC-C983-9205-E053-6C04A8C0DA09","1224107","2019-07-05","EC2M 7PN","O","N","L","","17","THE ARCADE","","LONDON","CITY OF LONDON","GREATER LONDON","B","http://landregistry.data.gov.uk/data/ppi/transaction/A96E4ACC-C983-9205-E053-6C04A8C0DA09/current"
"A96E4ACC-C98A-9205-E053-6C04A8C0DA09","1224107","2019-07-05","EC2M 7PN","O","N","L","","18","THE ARCADE","","LONDON","CITY OF LONDON","GREATER LONDON","B","http://landregistry.data.gov.uk/data/ppi/transaction/A96E4ACC-C98A-9205-E053-6C04A8C0DA09/current"
"A96E4ACC-C986-9205-E053-6C04A8C0DA09","1224107","2019-07-05","EC2M 7PN","O","N","L","","19","THE ARCADE","","LONDON","CITY OF LONDON","GREATER LONDON","B","http://landregistry.data.gov.uk/data/ppi/transaction/A96E4ACC-C986-9205-E053-6C04A8C0DA09/current"
"A96E4ACC-C982-9205-E053-6C04A8C0DA09","1224107","2019-07-05","EC2M 7PN","O","N","L","","20","THE ARCADE","","LONDON","CITY OF LONDON","GREATER LONDON","B","http://landregistry.data.gov.uk/data/ppi/transaction/A96E4ACC-C982-9205-E053-6C04A8C0DA09/current"
"A96E4ACC-C984-9205-E053-6C04A8C0DA09","1224107","2019-07-05","EC2M 7PN","O","N","L","","21 - 22","THE ARCADE","","LONDON","CITY OF LONDON","GREATER LONDON","B","http://landregistry.data.gov.uk/data/ppi/transaction/A96E4ACC-C984-9205-E053-6C04A8C0DA09/current"
"A96E4ACC-C987-9205-E053-6C04A8C0DA09","1224107","2019-07-05","EC2M 7PN","O","N","L","","21 - 22","THE ARCADE","","LONDON","CITY OF LONDON","GREATER LONDON","B","http://landregistry.data.gov.uk/data/ppi/transaction/A96E4ACC-C987-9205-E053-6C04A8C0DA09/current"
"A96E4ACC-C978-9205-E053-6C04A8C0DA09","1224107","2019-07-05","EC2M 7PN","O","N","L","","SHOP UNIT, 23 - 27","THE ARCADE","","LONDON","CITY OF LONDON","GREATER LONDON","B","http://landregistry.data.gov.uk/data/ppi/transaction/A96E4ACC-C978-9205-E053-6C04A8C0DA09/current"
"773788C3-9586-2CE4-E053-6C04A8C05E57","43033750","2018-06-01","EC2M 7PP","O","N","F","","THE CROSSPOINT, 34 - 37","LIVERPOOL STREET","","LONDON","CITY OF LONDON","GREATER LONDON","B","http://landregistry.data.gov.uk/data/ppi/transaction/773788C3-9586-2CE4-E053-6C04A8C05E57/current"
"BA558B33-63DE-76EF-E053-6B04A8C0B4B7","59175","2020-03-31","EC2M 7PY","O","N","L","ATM","LIVERPOOL STREET STATION","LIVERPOOL STREET","","LONDON","CITY OF LONDON","GREATER LONDON","B","http://landregistry.data.gov.uk/data/ppi/transaction/BA558B33-63DE-76EF-E053-6B04A8C0B4B7/current"
"2ACACE8D-7BA1-295E-E063-4804A8C0B0EB","300000","2023-05-19","EC2M 7PY","O","N","L","R1A WEST MALL","LIVERPOOL STREET STATION","LIVERPOOL STREET","","LONDON","CITY OF LONDON","GREATER LONDON","B","http://landregistry.data.gov.uk/data/ppi/transaction/2ACACE8D-7BA1-295E-E063-4804A8C0B0EB/current"
"E7B085FD-401B-7E31-E053-6C04A8C0E67F","54705043","2022-06-10","EC2N 1AR","O","N","F","","120","OLD BROAD STREET","","LONDON","CITY OF LONDON","GREATER LONDON","B","http://landregistry.data.gov.uk/data/ppi/transaction/E7B085FD-401B-7E31-E053-6C04A8C0E67F/current"
"8F1B26BE-89C5-53DB-E053-6C04A8C03649","424732","2019-06-23","EC2N 1AR","O","N","L","UNIT 3","125","OLD BROAD STREET","","LONDON","CITY OF LONDON","GREATER LONDON","B","http://landregistry.data.gov.uk/data/ppi/transaction/8F1B26BE-89C5-53DB-E053-6C04A8C03649/current"
"55BDCAE6-E299-521D-E053-6B04A8C0DD7A","99000000","2017-06-30","EC2N 1ER","O","N","F","","PINNERS HALL, 105 - 108","OLD BROAD STREET","","LONDON","CITY OF LONDON","GREATER LONDON","B","http://landregistry.data.gov.uk/data/ppi/transaction/55BDCAE6-E299-521D-E053-6B04A8C0DD7A/current"
"7C2D0700-FB20-4963-E053-6B04A8C07B97","5000","2018-10-19","EC2N 1HQ","O","N","L","PAVILION UNIT 3","TOWER 42, 25","OLD BROAD STREET","","LONDON","CITY OF LONDON","GREATER LONDON","B","http://landregistry.data.gov.uk/data/ppi/transaction/7C2D0700-FB20-4963-E053-6B04A8C07B97/current"
"666758D7-9029-3363-E053-6B04A8C0D74E","3076","2018-01-31","EC2N 1HQ","O","N","L","PAVILION UNIT 3","TOWER 42, 25","OLD BROAD STREET","","LONDON","CITY OF LONDON","GREATER LONDON","B","http://landregistry.data.gov.uk/data/ppi/transaction/666758D7-9029-3363-E053-6B04A8C0D74E/current"
"5F54B81E-0EEF-2B45-E053-6B04A8C01FB0","336970","2017-08-24","EC2N 1HQ","O","N","L","LEAF C 11TH FLOOR","TOWER 42","OLD BROAD STREET","","LONDON","CITY OF LONDON","GREATER LONDON","B","http://landregistry.data.gov.uk/data/ppi/transaction/5F54B81E-0EEF-2B45-E053-6B04A8C01FB0/current"
"7C2D0700-FAEE-4963-E053-6B04A8C07B97","432705","2018-10-22","EC2N 1HU","O","N","L","","45","OLD BROAD STREET","","LONDON","CITY OF LONDON","GREATER LONDON","B","http://landregistry.data.gov.uk/data/ppi/transaction/7C2D0700-FAEE-4963-E053-6B04A8C07B97/current"
"64342BFF-539A-422C-E053-6C04A8C0FB8A","260000000","2017-12-20","EC2N 1HZ","O","N","F","","33","OLD BROAD STREET","","LONDON","CITY OF LONDON","GREATER LONDON","B","http://landregistry.data.gov.uk/data/ppi/transaction/64342BFF-539A-422C-E053-6C04A8C0FB8A/current"
"A96E4ACC-E3DC-9205-E053-6C04A8C0DA09","3000000","2020-01-13","EC2N 2AN","O","N","L","BASEMENT LEVELS GROUND AND FOURTH FLOORS","27 - 28","THROGMORTON STREET","","LONDON","CITY OF LONDON","GREATER LONDON","B","http://landregistry.data.gov.uk/data/ppi/transaction/A96E4ACC-E3DC-9205-E053-6C04A8C0DA09/current"
"3DCCB7CA-A4E3-5B9D-E063-4704A8C0331E","339710","2022-02-24","EC2N 2AX","O","N","L","","1","BARTHOLOMEW LANE","","LONDON","CITY OF LONDON","GREATER LONDON","B","http://landregistry.data.gov.uk/data/ppi/transaction/3DCCB7CA-A4E3-5B9D-E063-4704A8C0331E/current"
"369DFB16-7C62-3A19-E050-A8C0620518C6","200000","2016-06-23","EC2N 2AX","O","N","L","","1","BARTHOLOMEW LANE","","LONDON","CITY OF LONDON","GREATER LONDON","B","http://landregistry.data.gov.uk/data/ppi/transaction/369DFB16-7C62-3A19-E050-A8C0620518C6/current"
"31C68072-FD4E-FEE3-E063-4804A8C04F37","215000","2024-02-20","EC2N 2BY","O","N","L","","19","THROGMORTON AVENUE","","LONDON","CITY OF LONDON","GREATER LONDON","B","http://landregistry.data.gov.uk/data/ppi/transaction/31C68072-FD4E-FEE3-E063-4804A8C04F37/current"
"55BDCAE6-E274-521D-E053-6B04A8C0DD7A","32365000","2017-06-27","EC2N 2BY","O","N","L","","19","THROGMORTON AVENUE","","LONDON","CITY OF LONDON","GREATER LONDON","B","http://landregistry.data.gov.uk/data/ppi/transaction/55BDCAE6-E274-521D-E053-6B04A8C0DD7A/current"
"726BF13B-977E-0A46-E053-6C04A8C01D0D","8750000","2018-06-26","EC2N 2DL","O","N","L","","4 - 6","THROGMORTON AVENUE","","LONDON","CITY OF LONDON","GREATER LONDON","B","http://landregistry.data.gov.uk/data/ppi/transaction/726BF13B-977E-0A46-E053-6C04A8C01D0D/current"
"49E87C32-B700-591C-E063-4704A8C00C31","16375000","2025-06-12","EC2N 2DL","O","N","L","","8 - 10","THROGMORTON AVENUE","","LONDON","CITY OF LONDON","GREATER LONDON","B","http://landregistry.data.gov.uk/data/ppi/transaction/49E87C32-B700-591C-E063-4704A8C00C31/current"
"09266DDC-4D9D-AF90-E063-4704A8C02087","3300000","2023-08-01","EC2N 2DL","O","N","L","","8 - 10","THROGMORTON AVENUE","","LONDON","CITY OF LONDON","GREATER LONDON","B","http://landregistry.data.gov.uk/data/ppi/transaction/09266DDC-4D9D-AF90-E063-4704A8C02087/current"
"A96E4ACC-E498-9205-E053-6C04A8C0DA09","14000000","2020-03-13","EC2N 2DL","O","N","L","","8 - 10","THROGMORTON AVENUE","","LONDON","CITY OF LONDON","GREATER LONDON","B","http://landregistry.data.gov.uk/data/ppi/transaction/A96E4ACC-E498-9205-E053-6C04A8C0DA09/current"
"FAC30767-DA30-5E20-E053-4704A8C004EE","100000","2023-03-31","EC2N 2DL","O","N","F","","11","THROGMORTON AVENUE","","LONDON","CITY OF LONDON","GREATER LONDON","B","http://landregistry.data.gov.uk/data/ppi/transaction/FAC30767-DA30-5E20-E053-4704A8C004EE/current"
"B0A9D11B-F97B-4C1F-E053-6C04A8C0D716","240000","2019-11-26","EC2N 2EN","O","N","L","","26","AUSTIN FRIARS","","LONDON","CITY OF LONDON","GREATER LONDON","B","http://landregistry.data.gov.uk/data/ppi/transaction/B0A9D11B-F97B-4C1F-E053-6C04A8C0D716/current"
"7E86B6FB-B585-458C-E053-6B04A8C0C84C","39050000","2018-11-28","EC2N 2EN","O","N","L","","26","AUSTIN FRIARS","","LONDON","CITY OF LONDON","GREATER LONDON","B","http://landregistry.data.gov.uk/data/ppi/transaction/7E86B6FB-B585-458C-E053-6B04A8C0C84C/current"
"A96E4ACC-E47F-9205-E053-6C04A8C0DA09","21200000","2020-03-06","EC2N 2HA","O","N","L","","AUGUSTINE HOUSE, 6A","AUSTIN FRIARS","","LONDON","CITY OF LONDON","GREATER LONDON","B","http://landregistry.data.gov.uk/data/ppi/transaction/A96E4ACC-E47F-9205-E053-6C04A8C0DA09/current"
"7C2D0701-18C7-4963-E053-6B04A8C07B97","7750000","2018-11-08","EC2N 2HE","O","N","F","","13","AUSTIN FRIARS","","LONDON","CITY OF LONDON","GREATER LONDON","B","http://landregistry.data.gov.uk/data/ppi/transaction/7C2D0701-18C7-4963-E053-6B04A8C07B97/current"
"919FEC06-2925-9A90-E053-6C04A8C0A300","627997","2019-07-31","EC2N 2HG","O","N","L","BASEMENT AND GROUND FLOOR PREMISES","10","AUSTIN FRIARS","","LONDON","CITY OF LONDON","GREATER LONDON","B","http://landregistry.data.gov.uk/data/ppi/transaction/919FEC06-2925-9A90-E053-6C04A8C0A300/current"
"8F1B26BE-9B92-53DB-E053-6C04A8C03649","12505000","2019-07-17","EC2N 2JA","O","N","F","","19","GREAT WINCHESTER STREET","","LONDON","CITY OF LONDON","GREATER LONDON","B","http://landregistry.data.gov.uk/data/ppi/transaction/8F1B26BE-9B92-53DB-E053-6C04A8C03649/current"
"8355F009-CFAC-55C5-E053-6B04A8C0D090","12505000","2019-01-17","EC2N 2JA","O","N","F","","19","GREAT WINCHESTER STREET","","LONDON","CITY OF LONDON","GREATER LONDON","B","http://landregistry.data.gov.uk/data/ppi/transaction/8355F009-CFAC-55C5-E053-6B04A8C0D090/current"
"582D0637-F350-8F22-E053-6C04A8C01BAC","7075000","2017-08-14","EC2N 2JA","O","N","F","","19","GREAT WINCHESTER STREET","","LONDON","CITY OF LONDON","GREATER LONDON","B","http://landregistry.data.gov.uk/data/ppi/transaction/582D0637-F350-8F22-E053-6C04A8C01BAC/current"
"C6209F60-2434-295E-E053-6C04A8C0DDCC","30100000","2021-05-20","EC2N 2JA","O","N","F","","21","GREAT WINCHESTER STREET","","LONDON","CITY OF LONDON","GREATER LONDON","B","http://landregistry.data.gov.uk/data/ppi/transaction/C6209F60-2434-295E-E053-6C04A8C0DDCC/current"
"5A9D8B56-025B-68EB-E053-6B04A8C0D293","28180000","2017-08-16","EC2N 2JA","O","N","F","","21","GREAT WINCHESTER STREET","","LONDON","CITY OF LONDON","GREATER LONDON","B","http://landregistry.data.gov.uk/data/ppi/transaction/5A9D8B56-025B-68EB-E053-6B04A8C0D293/current"
"B0A9D11B-F97A-4C1F-E053-6C04A8C0D716","720000","2019-11-26","EC2N 2QP","O","N","L","","23","AUSTIN FRIARS","","LONDON","CITY OF LONDON","GREATER LONDON","B","http://landregistry.data.gov.uk/data/ppi/transaction/B0A9D11B-F97A-4C1F-E053-6C04A8C0D716/current"
"7E86B6FB-B586-458C-E053-6B04A8C0C84C","39050000","2018-11-28","EC2N 2QP","O","N","L","","23","AUSTIN FRIARS","","LONDON","CITY OF LONDON","GREATER LONDON","B","http://landregistry.data.gov.uk/data/ppi/transaction/7E86B6FB-B586-458C-E053-6B04A8C0C84C/current"
"D4D42646-CF40-27F6-E053-6C04A8C0A572","4500000","2021-06-28","EC2N 2QQ","T","N","L","","28","AUSTIN FRIARS","","LONDON","CITY OF LONDON","GREATER LONDON","B","http://landregistry.data.gov.uk/data/ppi/transaction/D4D42646-CF40-27F6-E053-6C04A8C0A572/current"
"2F7F2B43-BF08-E08F-E063-4804A8C05A49","215544","2022-11-24","EC2N 3AQ","O","N","L","","FOURTH FLOOR, 1 - 3","BISHOPSGATE","","LONDON","CITY OF LONDON","GREATER LONDON","B","http://landregistry.data.gov.uk/data/ppi/transaction/2F7F2B43-BF08-E08F-E063-4804A8C05A49/current"
"A96E4ACC-C8E3-9205-E053-6C04A8C0DA09","19685","2020-05-29","EC2N 3AR","O","N","L","SIXTH FLOOR","7 - 11","BISHOPSGATE","","LONDON","CITY OF LONDON","GREATER LONDON","B","http://landregistry.data.gov.uk/data/ppi/transaction/A96E4ACC-C8E3-9205-E053-6C04A8C0DA09/current"
"045A1899-44E7-9A24-E063-4804A8C048EA","315000","2022-07-13","EC2N 4AG","O","N","L","RETAIL UNITS 5 AND 6","100","BISHOPSGATE","","LONDON","CITY OF LONDON","GREATER LONDON","B","http://landregistry.data.gov.uk/data/ppi/transaction/045A1899-44E7-9A24-E063-4804A8C048EA/current"
"5376B386-5613-34C1-E053-6B04A8C09FF6","27342500","2017-01-13","EC2N 4AW","O","N","L","","HASILWOOD HOUSE, 60 - 64","BISHOPSGATE","","LONDON","CITY OF LONDON","GREATER LONDON","B","http://landregistry.data.gov.uk/data/ppi/transaction/5376B386-5613-34C1-E053-6B04A8C09FF6/current"
"F5E8B082-1FD4-3A13-E053-6C04A8C060B7","1308000","2022-05-19","EC2N 4AY","O","N","L","VILLAGE 8, FLOOR 23","HERON TOWER 110","BISHOPSGATE","","LONDON","CITY OF LONDON","GREATER LONDON","B","http://landregistry.data.gov.uk/data/ppi/transaction/F5E8B082-1FD4-3A13-E053-6C04A8C060B7/current"
"CD5A9DCC-9C33-310A-E053-6C04A8C00A1F","686829","2020-10-12","EC2N 4BQ","O","N","F","","8","BISHOPSGATE","","LONDON","CITY OF LONDON","GREATER LONDON","B","http://landregistry.data.gov.uk/data/ppi/transaction/CD5A9DCC-9C33-310A-E053-6C04A8C00A1F/current"
"CD5A9DCC-9CD4-310A-E053-6C04A8C00A1F","600838","2020-10-12","EC2N 4BQ","O","N","F","","22","BISHOPSGATE","","LONDON","CITY OF LONDON","GREATER LONDON","B","http://landregistry.data.gov.uk/data/ppi/transaction/CD5A9DCC-9CD4-310A-E053-6C04A8C00A1F/current"
"98C75472-A0FD-72E9-E053-6B04A8C042F0","10496150","2019-08-20","EC2N 4BQ","O","N","F","","22","BISHOPSGATE","","LONDON","CITY OF LONDON","GREATER LONDON","B","http://landregistry.data.gov.uk/data/ppi/transaction/98C75472-A0FD-72E9-E053-6B04A8C042F0/current"
"3B7E0B90-B96F-EA99-E050-A8C062057E77","25000","2016-06-07","EC2P 2BP","O","N","L","SEVENTH FLOOR","41","LOTHBURY","","LONDON","CITY OF LONDON","GREATER LONDON","B","http://landregistry.data.gov.uk/data/ppi/transaction/3B7E0B90-B96F-EA99-E050-A8C062057E77/current"
"2F772747-295E-3534-E050-A8C0630513CD","140000","2016-03-03","EC2P 2BP","O","N","L","SEVENTH FLOOR","41","LOTHBURY","","LONDON","CITY OF LONDON","GREATER LONDON","B","http://landregistry.data.gov.uk/data/ppi/transaction/2F772747-295E-3534-E050-A8C0630513CD/current"
"B5755FFE-98E9-7D01-E053-6C04A8C036B6","40000000","2020-01-29","EC2P 2NQ","O","N","L","","37","WOOD STREET","","LONDON","CITY OF LONDON","GREATER LONDON","B","http://landregistry.data.gov.uk/data/ppi/transaction/B5755FFE-98E9-7D01-E053-6C04A8C036B6/current"
"FFA361DB-887E-8A03-E053-4804A8C01F61","17800000","2023-01-20","EC2R 5AN","O","N","F","","32","COLEMAN STREET","","LONDON","CITY OF LONDON","GREATER LONDON","B","http://landregistry.data.gov.uk/data/ppi/transaction/FFA361DB-887E-8A03-E053-4804A8C01F61/current"
"045A1899-4410-9A24-E063-4804A8C048EA","120000","2021-06-08","EC2R 5BJ","O","N","L","SIXTH FLOOR OFFICES","77","COLEMAN STREET","","LONDON","CITY OF LONDON","GREATER LONDON","B","http://landregistry.data.gov.uk/data/ppi/transaction/045A1899-4410-9A24-E063-4804A8C048EA/current"
"64342BFF-5AFC-422C-E053-6C04A8C0FB8A","5150000","2018-01-09","EC2R 5BN","O","N","F","","74","COLEMAN STREET","","LONDON","CITY OF LONDON","GREATER LONDON","B","http://landregistry.data.gov.uk/data/ppi/transaction/64342BFF-5AFC-422C-E053-6C04A8C0FB8A/current"
"2131FCF6-DE1A-86E8-E063-4804A8C0372B","16500000","2024-05-28","EC2R 5BT","O","N","F","","67","COLEMAN STREET","","LONDON","CITY OF LONDON","GREATER LONDON","B","http://landregistry.data.gov.uk/data/ppi/transaction/2131FCF6-DE1A-86E8-E063-4804A8C0372B/current"
"FFA361DB-6ADE-8A03-E053-4804A8C01F61","17800000","2023-01-20","EC2R 5EH","O","N","F","","40","COLEMAN STREET","","LONDON","CITY OF LONDON","GREATER LONDON","B","http://landregistry.data.gov.uk/data/ppi/transaction/FFA361DB-6ADE-8A03-E053-4804A8C01F61/current"
"F3B6C199-4436-6E40-E053-6C04A8C0B3B4","30884200","2021-09-28","EC2R 6AD","O","N","F","","13 - 15","MOORGATE","","LONDON","CITY OF LONDON","GREATER LONDON","B","http://landregistry.data.gov.uk/data/ppi/transaction/F3B6C199-4436-6E40-E053-6C04A8C0B3B4/current"
"4C1B673F-DD6A-D8EA-E063-4704A8C0BF7D","160000","2025-04-02","EC2R 6AF","O","N","L","LOWER GROUND PREMISES","BASILDON HOUSE, 7 - 11","MOORGATE","","LONDON","CITY OF LONDON","GREATER LONDON","B","http://landregistry.data.gov.uk/data/ppi/transaction/4C1B673F-DD6A-D8EA-E063-4704A8C0BF7D/current"
"47844C80-9EC3-8986-E050-A8C063056488","1000000","2016-08-25","EC2R 6BH","O","N","L","","73","MOORGATE","","LONDON","CITY OF LONDON","GREATER LONDON","B","http://landregistry.data.gov.uk/data/ppi/transaction/47844C80-9EC3-8986-E050-A8C063056488/current"
"5376B386-51B5-34C1-E053-6B04A8C09FF6","33300000","2016-11-17","EC2R 6DA","O","N","F","","2","MOORGATE","","LONDON","CITY OF LONDON","GREATER LONDON","B","http://landregistry.data.gov.uk/data/ppi/transaction/5376B386-51B5-34C1-E053-6B04A8C09FF6/current"
"8355F009-CF27-55C5-E053-6B04A8C0D090","19000000","2019-01-22","EC2R 6DA","O","N","L","","4","MOORGATE","","LONDON","CITY OF LONDON","GREATER LONDON","B","http://landregistry.data.gov.uk/data/ppi/transaction/8355F009-CF27-55C5-E053-6B04A8C0D090/current"
"404A5AF4-4DCD-CD2B-E050-A8C063055C7B","32500000","2016-10-06","EC2R 6DA","O","N","F","","12","MOORGATE","","LONDON","CITY OF LONDON","GREATER LONDON","B","http://landregistry.data.gov.uk/data/ppi/transaction/404A5AF4-4DCD-CD2B-E050-A8C063055C7B/current"
"D707E536-5E73-0AD9-E053-6B04A8C067CC","61750000","2019-12-19","EC2R 6LL","O","N","L","","51","MOORGATE","","LONDON","CITY OF LONDON","GREATER LONDON","B","http://landregistry.data.gov.uk/data/ppi/transaction/D707E536-5E73-0AD9-E053-6B04A8C067CC/current"
"AE4D86D4-997C-4619-E053-6C04A8C03CD0","5500000","2019-09-18","EC2R 6LL","O","N","L","","51","MOORGATE","","LONDON","CITY OF LONDON","GREATER LONDON","B","http://landregistry.data.gov.uk/data/ppi/transaction/AE4D86D4-997C-4619-E053-6C04A8C03CD0/current"
"CFC9085D-4C33-9A70-E053-6B04A8C09D6A","5500000","2019-09-18","EC2R 6LL","O","N","L","","51","MOORGATE","","LONDON","CITY OF LONDON","GREATER LONDON","B","http://landregistry.data.gov.uk/data/ppi/transaction/CFC9085D-4C33-9A70-E053-6B04A8C09D6A/current"
"31FB4C18-6203-57B9-E050-A8C063053436","21400000","2016-03-31","EC2R 6PL","O","N","F","","30 - 34","MOORGATE","","LONDON","CITY OF LONDON","GREATER LONDON","B","http://landregistry.data.gov.uk/data/ppi/transaction/31FB4C18-6203-57B9-E050-A8C063053436/current"
"5376B386-3C80-34C1-E053-6B04A8C09FF6","255000","2016-10-18","EC2R 6PP","O","N","L","FIRST FLOOR","41","MOORGATE","","LONDON","CITY OF LONDON","GREATER LONDON","B","http://landregistry.data.gov.uk/data/ppi/transaction/5376B386-3C80-34C1-E053-6B04A8C09FF6/current"
"2D4D7608-8F1F-BDF9-E063-4804A8C0672F","1850000","2024-12-19","EC2R 7AP","F","N","L","FLAT 1","7","LOTHBURY","","LONDON","CITY OF LONDON","GREATER LONDON","A","http://landregistry.data.gov.uk/data/ppi/transaction/2D4D7608-8F1F-BDF9-E063-4804A8C0672F/current"
"1A0C5C63-01F0-7CBE-E063-4804A8C06C96","1030000","2024-04-25","EC2R 7AP","F","N","L","FLAT 11","7","LOTHBURY","","LONDON","CITY OF LONDON","GREATER LONDON","A","http://landregistry.data.gov.uk/data/ppi/transaction/1A0C5C63-01F0-7CBE-E063-4804A8C06C96/current"
"D707E535-AB86-0AD9-E053-6B04A8C067CC","899000","2021-09-09","EC2R 7AP","F","N","L","FLAT 8","7","LOTHBURY","","LONDON","CITY OF LONDON","GREATER LONDON","A","http://landregistry.data.gov.uk/data/ppi/transaction/D707E535-AB86-0AD9-E053-6B04A8C067CC/current"
"EC7AD09A-AB98-9200-E053-6C04A8C0E306","1075000","2022-07-25","EC2R 7AR","O","N","L","","1A","TELEGRAPH STREET","","LONDON","CITY OF LONDON","GREATER LONDON","B","http://landregistry.data.gov.uk/data/ppi/transaction/EC7AD09A-AB98-9200-E053-6C04A8C0E306/current"
"3DCCB7CA-C5CC-5B9D-E063-4704A8C0331E","280000","2024-10-16","EC2R 7AS","O","N","F","","9 - 10","TOKENHOUSE YARD","","LONDON","CITY OF LONDON","GREATER LONDON","B","http://landregistry.data.gov.uk/data/ppi/transaction/3DCCB7CA-C5CC-5B9D-E063-4704A8C0331E/current"
"98C75472-A074-72E9-E053-6B04A8C042F0","7800000","2019-10-01","EC2R 7AS","O","N","L","","9 - 10","TOKENHOUSE YARD","","LONDON","CITY OF LONDON","GREATER LONDON","B","http://landregistry.data.gov.uk/data/ppi/transaction/98C75472-A074-72E9-E053-6B04A8C042F0/current"
"E2D14906-636A-4C2D-E053-6B04A8C0422B","263400","2019-08-14","EC2R 7BH","O","N","L","THIRD FLOOR","3","COPTHALL AVENUE","","LONDON","CITY OF LONDON","GREATER LONDON","B","http://landregistry.data.gov.uk/data/ppi/transaction/E2D14906-636A-4C2D-E053-6B04A8C0422B/current"
"726BF13B-B4C5-0A46-E053-6C04A8C01D0D","16500000","2018-06-26","EC2R 7BH","O","N","L","","3","COPTHALL AVENUE","","LONDON","CITY OF LONDON","GREATER LONDON","B","http://landregistry.data.gov.uk/data/ppi/transaction/726BF13B-B4C5-0A46-E053-6C04A8C01D0D/current"
"404A5AF4-4F2C-CD2B-E050-A8C063055C7B","6805620","2016-08-19","EC2R 7BN","O","N","F","","TOKEN HOUSE, 14 - 18","COPTHALL AVENUE","","LONDON","CITY OF LONDON","GREATER LONDON","B","http://landregistry.data.gov.uk/data/ppi/transaction/404A5AF4-4F2C-CD2B-E050-A8C063055C7B/current"
"404A5AF4-6863-CD2B-E050-A8C063055C7B","6805620","2016-08-19","EC2R 7BN","O","N","F","","TOKEN HOUSE, 14 - 18","COPTHALL AVENUE","","LONDON","CITY OF LONDON","GREATER LONDON","B","http://landregistry.data.gov.uk/data/ppi/transaction/404A5AF4-6863-CD2B-E050-A8C063055C7B/current"
"CB0035E6-737F-58AE-E053-6B04A8C091AF","3633073","2021-05-28","EC2R 7DN","O","N","L","FIFTH FLOOR PREMISES","25","COPTHALL AVENUE","","LONDON","CITY OF LONDON","GREATER LONDON","B","http://landregistry.data.gov.uk/data/ppi/transaction/CB0035E6-737F-58AE-E053-6B04A8C091AF/current"
"E073986C-11AA-2134-E053-6C04A8C0233B","8658480","2021-10-12","EC2R 7HB","O","N","F","","9 - 10","ANGEL COURT","","LONDON","CITY OF LONDON","GREATER LONDON","B","http://landregistry.data.gov.uk/data/ppi/transaction/E073986C-11AA-2134-E053-6C04A8C0233B/current"
"DE2D0CE0-8AE1-51EE-E053-6C04A8C00671","4121520","2021-10-12","EC2R 7HB","O","N","F","","11","ANGEL COURT","","LONDON","CITY OF LONDON","GREATER LONDON","B","http://landregistry.data.gov.uk/data/ppi/transaction/DE2D0CE0-8AE1-51EE-E053-6C04A8C00671/current"
"2131FCF6-D865-86E8-E063-4804A8C0372B","45012000","2023-08-11","EC2R 7HF","O","N","F","","41","LOTHBURY","","LONDON","CITY OF LONDON","GREATER LONDON","B","http://landregistry.data.gov.uk/data/ppi/transaction/2131FCF6-D865-86E8-E063-4804A8C0372B/current"
"7E86B6FB-9AB5-458C-E053-6B04A8C0C84C","104000","2018-11-16","EC2R 7HH","O","N","F","","7","LOTHBURY","","LONDON","CITY OF LONDON","GREATER LONDON","B","http://landregistry.data.gov.uk/data/ppi/transaction/7E86B6FB-9AB5-458C-E053-6B04A8C0C84C/current"
"F87E72F9-BB67-176C-E053-6B04A8C0D2BE","109762","2022-11-25","EC2R 7HJ","O","N","L","TWELFTH FLOOR","1","ANGEL COURT","","LONDON","CITY OF LONDON","GREATER LONDON","B","http://landregistry.data.gov.uk/data/ppi/transaction/F87E72F9-BB67-176C-E053-6B04A8C0D2BE/current"
"C18F412B-97B3-81A6-E053-6B04A8C0AD18","317042","2021-01-04","EC2R 7HJ","O","N","L","TWELFTH FLOOR","1","ANGEL COURT","","LONDON","CITY OF LONDON","GREATER LONDON","B","http://landregistry.data.gov.uk/data/ppi/transaction/C18F412B-97B3-81A6-E053-6B04A8C0AD18/current"
"0B853950-C4A0-69A5-E063-4704A8C07DAC","52935521","2023-07-03","EC2R 7NJ","O","N","L","","7 - 9","COPTHALL AVENUE","","LONDON","CITY OF LONDON","GREATER LONDON","B","http://landregistry.data.gov.uk/data/ppi/transaction/0B853950-C4A0-69A5-E063-4704A8C07DAC/current"
"8CAC1318-F412-0253-E053-6B04A8C08E51","37750000","2019-02-13","EC2R 8AQ","O","N","L","","PRINCES COURT, 7","PRINCES STREET","","LONDON","CITY OF LONDON","GREATER LONDON","B","http://landregistry.data.gov.uk/data/ppi/transaction/8CAC1318-F412-0253-E053-6B04A8C08E51/current"
"9B361207-1283-1904-E053-6B04A8C0EEB5","116557","2019-11-30","EC2R 8AR","O","N","L","","40","THREADNEEDLE STREET","","LONDON","CITY OF LONDON","GREATER LONDON","B","http://landregistry.data.gov.uk/data/ppi/transaction/9B361207-1283-1904-E053-6B04A8C0EEB5/current"
"FFA361DB-889E-8A03-E053-4804A8C01F61","32580000","2023-04-13","EC2R 8AY","O","N","F","","38","THREADNEEDLE STREET","","LONDON","CITY OF LONDON","GREATER LONDON","B","http://landregistry.data.gov.uk/data/ppi/transaction/FFA361DB-889E-8A03-E053-4804A8C01F61/current"
"42C129E5-90B4-60A9-E063-4804A8C0C25D","35000000","2024-12-20","EC2R 8BP","O","N","F","","1","PRINCES STREET","","LONDON","CITY OF LONDON","GREATER LONDON","B","http://landregistry.data.gov.uk/data/ppi/transaction/42C129E5-90B4-60A9-E063-4804A8C0C25D/current"
"12A8BAB7-02C4-2125-E063-4804A8C08CC1","40850000","2023-03-13","EC2R 8DN","O","N","L","","8 - 10","OLD JEWRY","","LONDON","CITY OF LONDON","GREATER LONDON","B","http://landregistry.data.gov.uk/data/ppi/transaction/12A8BAB7-02C4-2125-E063-4804A8C08CC1/current"
"6B32222D-00F4-01F1-E053-6C04A8C0D2C8","70624741","2018-02-28","EC2R 8DQ","O","N","L","THE COURTYARD BUILDING","26","OLD JEWRY","","LONDON","CITY OF LONDON","GREATER LONDON","B","http://landregistry.data.gov.uk/data/ppi/transaction/6B32222D-00F4-01F1-E053-6C04A8C0D2C8/current"
"3B7E0B90-B94C-EA99-E050-A8C062057E77","20600000","2016-08-01","EC2R 8DU","O","N","L","","11","OLD JEWRY","","LONDON","CITY OF LONDON","GREATER LONDON","B","http://landregistry.data.gov.uk/data/ppi/transaction/3B7E0B90-B94C-EA99-E050-A8C062057E77/current"
"2F7F2B43-DC25-E08F-E063-4804A8C05A49","109500000","2025-01-22","EC2R 8EJ","O","N","F","","1","POULTRY","","LONDON","CITY OF LONDON","GREATER LONDON","B","http://landregistry.data.gov.uk/data/ppi/transaction/2F7F2B43-DC25-E08F-E063-4804A8C05A49/current"
"726BF13B-9804-0A46-E053-6C04A8C01D0D","787116","2018-04-06","EC2V 0HR","O","N","L","LEVEL 17","CITY POINT","ROPEMAKER STREET","","LONDON","CITY OF LONDON","GREATER LONDON","B","http://landregistry.data.gov.uk/data/ppi/transaction/726BF13B-9804-0A46-E053-6C04A8C01D0D/current"
"FFA361DB-6B0B-8A03-E053-4804A8C01F61","3534502","2023-01-01","EC2V 0HR","O","N","L","LEVEL 33","CITY POINT","ROPEMAKER STREET","","LONDON","CITY OF LONDON","GREATER LONDON","B","http://landregistry.data.gov.uk/data/ppi/transaction/FFA361DB-6B0B-8A03-E053-4804A8C01F61/current"
"25E9DA81-C0D2-555E-E063-4704A8C066F2","138800","2023-07-19","EC2V 5AY","O","N","L","FIRST FLOOR","90","BASINGHALL STREET","","LONDON","CITY OF LONDON","GREATER LONDON","B","http://landregistry.data.gov.uk/data/ppi/transaction/25E9DA81-C0D2-555E-E063-4704A8C066F2/current"
"25E9DA81-E614-555E-E063-4704A8C066F2","9785000","2024-03-22","EC2V 5BR","O","N","F","","15 - 16","BASINGHALL STREET","","LONDON","CITY OF LONDON","GREATER LONDON","B","http://landregistry.data.gov.uk/data/ppi/transaction/25E9DA81-E614-555E-E063-4704A8C066F2/current"
"726BF13B-B48B-0A46-E053-6C04A8C01D0D","12150000","2018-06-25","EC2V 5BR","O","N","F","","15 - 16","BASINGHALL STREET","","LONDON","CITY OF LONDON","GREATER LONDON","B","http://landregistry.data.gov.uk/data/ppi/transaction/726BF13B-B48B-0A46-E053-6C04A8C01D0D/current"
"49B7852A-C14A-7921-E050-A8C063056E8D","425000","2017-01-31","EC2V 5BT","O","N","L","","12 - 14","MASONS AVENUE","","LONDON","CITY OF LONDON","GREATER LONDON","B","http://landregistry.data.gov.uk/data/ppi/transaction/49B7852A-C14A-7921-E050-A8C063056E8D/current"
"5F54B81E-0F5F-2B45-E053-6B04A8C01FB0","4200000","2017-08-31","EC2V 5DE","O","N","L","","40","BASINGHALL STREET","","LONDON","CITY OF LONDON","GREATER LONDON","B","http://landregistry.data.gov.uk/data/ppi/transaction/5F54B81E-0F5F-2B45-E053-6B04A8C01FB0/current"
"2131FCF6-BF0A-86E8-E063-4804A8C0372B","571788","2022-08-03","EC2V 5DX","O","N","L","","CITY PLACE HOUSE, 60","BASINGHALL STREET","","LONDON","CITY OF LONDON","GREATER LONDON","B","http://landregistry.data.gov.uk/data/ppi/transaction/2131FCF6-BF0A-86E8-E063-4804A8C0372B/current"
"5A9D8B56-02EE-68EB-E053-6B04A8C0D293","3096","2017-05-03","EC2V 6AF","O","N","L","BASEMENT STORAGE AREA B049E","ONE NEW CHANGE","CHEAPSIDE PASSAGE","","LONDON","CITY OF LONDON","GREATER LONDON","B","http://landregistry.data.gov.uk/data/ppi/transaction/5A9D8B56-02EE-68EB-E053-6B04A8C0D293/current"
"5F54B81E-0E5C-2B45-E053-6B04A8C01FB0","50000","2017-10-24","EC2V 6AG","O","N","L","","13","UPPER CHEAPSIDE PASSAGE","","LONDON","CITY OF LONDON","GREATER LONDON","B","http://landregistry.data.gov.uk/data/ppi/transaction/5F54B81E-0E5C-2B45-E053-6B04A8C01FB0/current"
"42A5A70A-1F99-56E8-E050-A8C06205331E","8900000","2016-10-31","EC2V 6AU","O","N","F","","56 - 57","CHEAPSIDE","","LONDON","CITY OF LONDON","GREATER LONDON","B","http://landregistry.data.gov.uk/data/ppi/transaction/42A5A70A-1F99-56E8-E050-A8C06205331E/current"
"4E95D758-1039-EDA1-E050-A8C0630539E2","196650","2017-01-12","EC2V 6BJ","O","N","L","UNIT 3","CHEAPSIDE HOUSE","CHEAPSIDE","","LONDON","CITY OF LONDON","GREATER LONDON","B","http://landregistry.data.gov.uk/data/ppi/transaction/4E95D758-1039-EDA1-E050-A8C0630539E2/current"
"A96E4ACC-E490-9205-E053-6C04A8C0DA09","11500000","2020-05-22","EC2V 6BJ","O","N","L","","130 - 131","CHEAPSIDE","","LONDON","CITY OF LONDON","GREATER LONDON","B","http://landregistry.data.gov.uk/data/ppi/transaction/A96E4ACC-E490-9205-E053-6C04A8C0DA09/current"
"404A5AF4-67F7-CD2B-E050-A8C063055C7B","83129681","2016-06-30","EC2V 6BJ","O","N","F","","139 - 140","CHEAPSIDE","","LONDON","CITY OF LONDON","GREATER LONDON","B","http://landregistry.data.gov.uk/data/ppi/transaction/404A5AF4-67F7-CD2B-E050-A8C063055C7B/current"
"919FEC06-0C36-9A90-E053-6C04A8C0A300","6250000","2019-08-05","EC2V 6BT","O","N","F","","127","CHEAPSIDE","","LONDON","CITY OF LONDON","GREATER LONDON","B","http://landregistry.data.gov.uk/data/ppi/transaction/919FEC06-0C36-9A90-E053-6C04A8C0A300/current"
"5A9D8B56-1C8B-68EB-E053-6B04A8C0D293","179000000","2017-09-08","EC2V 6DR","O","N","L","","MITRE HOUSE, 120","CHEAPSIDE","","LONDON","CITY OF LONDON","GREATER LONDON","B","http://landregistry.data.gov.uk/data/ppi/transaction/5A9D8B56-1C8B-68EB-E053-6B04A8C0D293/current"
"369DFB16-7C9C-3A19-E050-A8C0620518C6","735855","2016-02-18","EC2V 6DT","O","N","L","","CONCENTRA ANALYTICS LIMITED, 100","CHEAPSIDE","","LONDON","CITY OF LONDON","GREATER LONDON","B","http://landregistry.data.gov.uk/data/ppi/transaction/369DFB16-7C9C-3A19-E050-A8C0620518C6/current"
"49E87C32-B695-591C-E063-4704A8C00C31","650000","2025-03-25","EC2V 6DT","O","N","L","FLOOR 4","100","CHEAPSIDE","","LONDON","CITY OF LONDON","GREATER LONDON","B","http://landregistry.data.gov.uk/data/ppi/transaction/49E87C32-B695-591C-E063-4704A8C00C31/current"
"42C129E5-6935-60A9-E063-4804A8C0C25D","1225000","2024-09-27","EC2V 6DT","O","N","L","FLOOR 5","100","CHEAPSIDE","","LONDON","CITY OF LONDON","GREATER LONDON","B","http://landregistry.data.gov.uk/data/ppi/transaction/42C129E5-6935-60A9-E063-4804A8C0C25D/current"
"A2479555-C449-74C7-E053-6B04A8C0887D","140797752","2019-12-20","EC2V 6DT","O","N","L","","100","CHEAPSIDE","","LONDON","CITY OF LONDON","GREATER LONDON","B","http://landregistry.data.gov.uk/data/ppi/transaction/A2479555-C449-74C7-E053-6B04A8C0887D/current"
"6DA0844A-A3AC-30F2-E053-6B04A8C05F3B","140000000","2018-04-05","EC2V 6DT","O","N","L","","100","CHEAPSIDE","","LONDON","CITY OF LONDON","GREATER LONDON","B","http://landregistry.data.gov.uk/data/ppi/transaction/6DA0844A-A3AC-30F2-E053-6B04A8C05F3B/current"
"49B7852A-C1FB-7921-E050-A8C063056E8D","260000","2017-01-31","EC2V 6EB","O","N","L","","81 - 82","CHEAPSIDE","","LONDON","CITY OF LONDON","GREATER LONDON","B","http://landregistry.data.gov.uk/data/ppi/transaction/49B7852A-C1FB-7921-E050-A8C063056E8D/current"
"666758D7-90AE-3363-E053-6B04A8C0D74E","798005","2017-10-24","EC2V 6EE","O","N","L","FOURTH FLOOR PREMISES","80","CHEAPSIDE","","LONDON","CITY OF LONDON","GREATER LONDON","B","http://landregistry.data.gov.uk/data/ppi/transaction/666758D7-90AE-3363-E053-6B04A8C0D74E/current"
"773788C3-7AD5-2CE4-E053-6C04A8C05E57","76000000","2018-08-30","EC2V 6EN","O","N","L","","70 - 71","CHEAPSIDE","","LONDON","CITY OF LONDON","GREATER LONDON","B","http://landregistry.data.gov.uk/data/ppi/transaction/773788C3-7AD5-2CE4-E053-6C04A8C05E57/current"
"B0A9D11B-F94E-4C1F-E053-6C04A8C0D716","120000","2019-11-15","EC2V 6ET","O","N","L","UNIT 3","150","CHEAPSIDE","","LONDON","CITY OF LONDON","GREATER LONDON","B","http://landregistry.data.gov.uk/data/ppi/transaction/B0A9D11B-F94E-4C1F-E053-6C04A8C0D716/current"
"31FB4C17-B29C-57B9-E050-A8C063053436","300000","2016-03-31","EC2V 6HH","F","N","L","FLAT 1","5","FOSTER LANE","","LONDON","CITY OF LONDON","GREATER LONDON","A","http://landregistry.data.gov.uk/data/ppi/transaction/31FB4C17-B29C-57B9-E050-A8C063053436/current"
"34428D7E-C73B-B86C-E050-A8C06205059C","150000","2016-05-17","EC2V 7AY","O","N","L","BASEMENT GROUND & FIRST FLOOR PREMISES","48","GRESHAM STREET","","LONDON","CITY OF LONDON","GREATER LONDON","B","http://landregistry.data.gov.uk/data/ppi/transaction/34428D7E-C73B-B86C-E050-A8C06205059C/current"
"045A1899-6118-9A24-E063-4804A8C048EA","5000000","2023-03-24","EC2V 7AY","O","N","F","","50","GRESHAM STREET","","LONDON","CITY OF LONDON","GREATER LONDON","B","http://landregistry.data.gov.uk/data/ppi/transaction/045A1899-6118-9A24-E063-4804A8C048EA/current"
"B32EBB14-1C53-3C99-E053-6C04A8C09CA1","2500","2020-09-21","EC2V 7BX","O","N","L","","ST. MARTINS HOUSE, 1","GRESHAM STREET","","LONDON","CITY OF LONDON","GREATER LONDON","B","http://landregistry.data.gov.uk/data/ppi/transaction/B32EBB14-1C53-3C99-E053-6C04A8C09CA1/current"
"25E9DA81-C0A6-555E-E063-4704A8C066F2","888786","2023-06-06","EC2V 7EE","O","N","L","","3","NOBLE STREET","","LONDON","CITY OF LONDON","GREATER LONDON","B","http://landregistry.data.gov.uk/data/ppi/transaction/25E9DA81-C0A6-555E-E063-4704A8C066F2/current"
"12A8BAB6-E212-2125-E063-4804A8C08CC1","724320","2021-12-06","EC2V 7EE","O","N","L","","3","NOBLE STREET","","LONDON","CITY OF LONDON","GREATER LONDON","B","http://landregistry.data.gov.uk/data/ppi/transaction/12A8BAB6-E212-2125-E063-4804A8C08CC1/current"
"7C2D0701-18DD-4963-E053-6B04A8C07B97","21000000","2018-10-12","EC2V 7GF","O","N","F","","20","ALDERMANBURY","","LONDON","CITY OF LONDON","GREATER LONDON","B","http://landregistry.data.gov.uk/data/ppi/transaction/7C2D0701-18DD-4963-E053-6B04A8C07B97/current"
"68FEB20C-5D37-38DA-E053-6C04A8C051AE","160000000","2017-12-04","EC2V 7HN","O","N","L","","25","GRESHAM STREET","","LONDON","CITY OF LONDON","GREATER LONDON","B","http://landregistry.data.gov.uk/data/ppi/transaction/68FEB20C-5D37-38DA-E053-6C04A8C051AE/current"
"7C2D0701-18DC-4963-E053-6B04A8C07B97","21000000","2018-10-12","EC2V 7HP","O","N","F","","21","ALDERMANBURY","","LONDON","CITY OF LONDON","GREATER LONDON","B","http://landregistry.data.gov.uk/data/ppi/transaction/7C2D0701-18DC-4963-E053-6B04A8C07B97/current"
"5376B386-3C8C-34C1-E053-6B04A8C09FF6","5000000","2017-01-31","EC2V 7HQ","O","N","L","","51 - 55","GRESHAM STREET","","LONDON","CITY OF LONDON","GREATER LONDON","B","http://landregistry.data.gov.uk/data/ppi/transaction/5376B386-3C8C-34C1-E053-6B04A8C09FF6/current"
"2F7F2B43-BE7A-E08F-E063-4804A8C05A49","1300000","2024-06-07","EC2V 7JU","O","N","L","SIXTH FLOOR","ALDER CASTLE HOUSE, 10","NOBLE STREET","","LONDON","CITY OF LONDON","GREATER LONDON","B","http://landregistry.data.gov.uk/data/ppi/transaction/2F7F2B43-BE7A-E08F-E063-4804A8C05A49/current"
"4C1B673F-DD28-D8EA-E063-4704A8C0BF7D","570000","2025-03-14","EC2V 7JU","O","N","L","FIFTH FLOOR","ALDER CASTLE, 10","NOBLE STREET","","LONDON","CITY OF LONDON","GREATER LONDON","B","http://landregistry.data.gov.uk/data/ppi/transaction/4C1B673F-DD28-D8EA-E063-4704A8C0BF7D/current"
"8CAC1319-0FA1-0253-E053-6B04A8C08E51","103050000","2019-05-28","EC2V 7JU","O","N","F","","ALDER CASTLE, 10","NOBLE STREET","","LONDON","CITY OF LONDON","GREATER LONDON","B","http://landregistry.data.gov.uk/data/ppi/transaction/8CAC1319-0FA1-0253-E053-6B04A8C08E51/current"
"5CF9903C-EC80-7F13-E053-6C04A8C074B1","13750000","2017-09-29","EC2V 7NQ","O","N","L","","89 - 91","GRESHAM STREET","","LONDON","CITY OF LONDON","GREATER LONDON","B","http://landregistry.data.gov.uk/data/ppi/transaction/5CF9903C-EC80-7F13-E053-6C04A8C074B1/current"
"8CAC1318-F392-0253-E053-6B04A8C08E51","411500000","2019-04-04","EC2V 7PG","O","N","L","FIRST, SEVENTH AND EIGHTH FLOORS","30","GRESHAM STREET","","LONDON","CITY OF LONDON","GREATER LONDON","B","http://landregistry.data.gov.uk/data/ppi/transaction/8CAC1318-F392-0253-E053-6B04A8C08E51/current"
"87E1551E-CF08-6405-E053-6C04A8C0B2EE","360000","2019-03-29","EC2V 8AE","O","N","L","","1","CAREY LANE","","LONDON","CITY OF LONDON","GREATER LONDON","B","http://landregistry.data.gov.uk/data/ppi/transaction/87E1551E-CF08-6405-E053-6C04A8C0B2EE/current"
"4C4EE000-500D-1854-E050-A8C063054F34","23000000","2016-11-10","EC2V 8AE","O","N","L","","1","CAREY LANE","","LONDON","CITY OF LONDON","GREATER LONDON","B","http://landregistry.data.gov.uk/data/ppi/transaction/4C4EE000-500D-1854-E050-A8C063054F34/current"
"A96E4ACC-C93B-9205-E053-6C04A8C0DA09","530485","2019-08-14","EC2V 8AS","O","N","L","","THIRD FLOOR, 33","GUTTER LANE","","LONDON","CITY OF LONDON","GREATER LONDON","B","http://landregistry.data.gov.uk/data/ppi/transaction/A96E4ACC-C93B-9205-E053-6C04A8C0DA09/current"
"1061746E-DB32-3C34-E063-4804A8C0F9E7","34550000","2024-01-05","EC2V 8AU","O","N","F","","ATLAS HOUSE, 1 - 7","KING STREET","","LONDON","CITY OF LONDON","GREATER LONDON","B","http://landregistry.data.gov.uk/data/ppi/transaction/1061746E-DB32-3C34-E063-4804A8C0F9E7/current"
"79A74E22-7CCB-1289-E053-6B04A8C01627","25000","2018-10-02","EC2V 8BB","O","N","L","","35","KING STREET","","LONDON","CITY OF LONDON","GREATER LONDON","B","http://landregistry.data.gov.uk/data/ppi/transaction/79A74E22-7CCB-1289-E053-6B04A8C01627/current"
"68FEB20C-3F7E-38DA-E053-6C04A8C051AE","3076","2018-02-09","EC2V 8BB","O","N","L","","35","KING STREET","","LONDON","CITY OF LONDON","GREATER LONDON","B","http://landregistry.data.gov.uk/data/ppi/transaction/68FEB20C-3F7E-38DA-E053-6C04A8C051AE/current"
"8F1B26BE-9549-53DB-E053-6C04A8C03649","18500000","2019-05-17","EC2V 8EA","O","N","F","","ENERGY HOUSE, 9","KING STREET","","LONDON","CITY OF LONDON","GREATER LONDON","B","http://landregistry.data.gov.uk/data/ppi/transaction/8F1B26BE-9549-53DB-E053-6C04A8C03649/current"
"CFC9085D-61F0-9A70-E053-6B04A8C09D6A","2500000","2021-07-09","EC2V 8EA","O","N","F","","13 - 14","KING STREET","","LONDON","CITY OF LONDON","GREATER LONDON","B","http://landregistry.data.gov.uk/data/ppi/transaction/CFC9085D-61F0-9A70-E053-6B04A8C09D6A/current"
"79A74E22-9BC8-1289-E053-6B04A8C01627","20962381","2018-09-17","EC2V 8EA","O","N","F","","15","KING STREET","","LONDON","CITY OF LONDON","GREATER LONDON","B","http://landregistry.data.gov.uk/data/ppi/transaction/79A74E22-9BC8-1289-E053-6B04A8C01627/current"
"F16F63C6-7D04-0491-E053-6C04A8C032ED","45196950","2022-03-18","EC2V 8EE","O","N","L","","29","KING STREET","","LONDON","CITY OF LONDON","GREATER LONDON","B","http://landregistry.data.gov.uk/data/ppi/transaction/F16F63C6-7D04-0491-E053-6C04A8C032ED/current"
"2FD36066-4EB6-4BF8-E050-A8C0620562B1","38785","2016-03-15","EC2V 8EH","O","N","L","SIXTH FLOOR","30","KING STREET","","LONDON","CITY OF LONDON","GREATER LONDON","B","http://landregistry.data.gov.uk/data/ppi/transaction/2FD36066-4EB6-4BF8-E050-A8C0620562B1/current"
"EC7AD09A-8CDE-9200-E053-6C04A8C0E306","143450","2022-04-19","EC2V 8EH","O","N","L","4TH FLOOR","35","KING STREET","","LONDON","CITY OF LONDON","GREATER LONDON","B","http://landregistry.data.gov.uk/data/ppi/transaction/EC7AD09A-8CDE-9200-E053-6C04A8C0E306/current"
"EC7AD09A-8CDD-9200-E053-6C04A8C0E306","117725","2022-04-19","EC2V 8EH","O","N","L","6TH FLOOR","35","KING STREET","","LONDON","CITY OF LONDON","GREATER LONDON","B","http://landregistry.data.gov.uk/data/ppi/transaction/EC7AD09A-8CDD-9200-E053-6C04A8C0E306/current"
"5A9D8B56-1C9F-68EB-E053-6B04A8C0D293","11750000","2017-07-21","EC2V 8EP","O","N","F","","17 - 20","IRONMONGER LANE","","LONDON","CITY OF LONDON","GREATER LONDON","B","http://landregistry.data.gov.uk/data/ppi/transaction/5A9D8B56-1C9F-68EB-E053-6B04A8C0D293/current"
"8355F008-A3A6-55C5-E053-6B04A8C0D090","1900000","2018-10-05","EC2V 8EX","F","N","L","","1","ST OLAVES COURT","","LONDON","CITY OF LONDON","GREATER LONDON","A","http://landregistry.data.gov.uk/data/ppi/transaction/8355F008-A3A6-55C5-E053-6B04A8C0D090/current"
"5F54B81E-0F62-2B45-E053-6B04A8C01FB0","1307000","2017-08-24","EC2V 8EX","O","N","L","","1","ST OLAVES COURT","","LONDON","CITY OF LONDON","GREATER LONDON","B","http://landregistry.data.gov.uk/data/ppi/transaction/5F54B81E-0F62-2B45-E053-6B04A8C01FB0/current"
"F3B6C199-1D77-6E40-E053-6C04A8C0B3B4","10655000","2022-04-12","EC2V 8EY","O","N","F","","21 - 23","IRONMONGER LANE","","LONDON","CITY OF LONDON","GREATER LONDON","B","http://landregistry.data.gov.uk/data/ppi/transaction/F3B6C199-1D77-6E40-E053-6C04A8C0B3B4/current"
"F3B6C199-43D3-6E40-E053-6C04A8C0B3B4","10655000","2022-04-12","EC2V 8EY","O","N","F","","21 - 23","IRONMONGER LANE","","LONDON","CITY OF LONDON","GREATER LONDON","B","http://landregistry.data.gov.uk/data/ppi/transaction/F3B6C199-43D3-6E40-E053-6C04A8C0B3B4/current"
"F16F63C6-7D05-0491-E053-6C04A8C032ED","45196950","2022-03-18","EC2V 8LN","O","N","L","","33","KING STREET","","LONDON","CITY OF LONDON","GREATER LONDON","B","http://landregistry.data.gov.uk/data/ppi/transaction/F16F63C6-7D05-0491-E053-6C04A8C032ED/current"
"0B85394F-8B59-69A5-E063-4704A8C07DAC","980000","2023-10-02","EC2Y 5AG","F","N","L","APARTMENT 11","ROMAN HOUSE","WOOD STREET","","LONDON","CITY OF LONDON","GREATER LONDON","A","http://landregistry.data.gov.uk/data/ppi/transaction/0B85394F-8B59-69A5-E063-4704A8C07DAC/current"
"C8A3A575-CF13-0425-E053-6C04A8C0947B","750000","2021-03-30","EC2Y 5AG","F","N","L","APARTMENT 15","ROMAN HOUSE","WOOD STREET","","LONDON","CITY OF LONDON","GREATER LONDON","A","http://landregistry.data.gov.uk/data/ppi/transaction/C8A3A575-CF13-0425-E053-6C04A8C0947B/current"
"5CF9903B-7836-7F13-E053-6C04A8C074B1","650000","2017-08-23","EC2Y 5AG","F","N","L","APARTMENT 19","ROMAN HOUSE","WOOD STREET","","LONDON","CITY OF LONDON","GREATER LONDON","A","http://landregistry.data.gov.uk/data/ppi/transaction/5CF9903B-7836-7F13-E053-6C04A8C074B1/current"
"726BF13A-55B8-0A46-E053-6C04A8C01D0D","640000","2018-06-25","EC2Y 5AG","F","N","L","APARTMENT 2","ROMAN HOUSE","WOOD STREET","","LONDON","CITY OF LONDON","GREATER LONDON","A","http://landregistry.data.gov.uk/data/ppi/transaction/726BF13A-55B8-0A46-E053-6C04A8C01D0D/current"
"AC07BBCF-CCD2-0445-E053-6C04A8C01E31","732500","2020-05-29","EC2Y 5AG","F","N","L","APARTMENT 27","ROMAN HOUSE","WOOD STREET","","LONDON","CITY OF LONDON","GREATER LONDON","A","http://landregistry.data.gov.uk/data/ppi/transaction/AC07BBCF-CCD2-0445-E053-6C04A8C01E31/current"
"EC7AD099-3837-9200-E053-6C04A8C0E306","685000","2022-08-26","EC2Y 5AG","F","N","L","APARTMENT 34","ROMAN HOUSE","WOOD STREET","","LONDON","CITY OF LONDON","GREATER LONDON","A","http://landregistry.data.gov.uk/data/ppi/transaction/EC7AD099-3837-9200-E053-6C04A8C0E306/current"
"4777E0AE-4749-5D59-E063-4804A8C09F8E","820000","2025-09-12","EC2Y 5AG","F","N","L","APARTMENT 35","ROMAN HOUSE","WOOD STREET","","LONDON","CITY OF LONDON","GREATER LONDON","A","http://landregistry.data.gov.uk/data/ppi/transaction/4777E0AE-4749-5D59-E063-4804A8C09F8E/current"
"E7B085FB-BB86-7E31-E053-6C04A8C0E67F","928000","2022-07-22","EC2Y 5AG","F","N","L","APARTMENT 37","ROMAN HOUSE","WOOD STREET","","LONDON","CITY OF LONDON","GREATER LONDON","A","http://landregistry.data.gov.uk/data/ppi/transaction/E7B085FB-BB86-7E31-E053-6C04A8C0E67F/current"
"47844C7F-567C-8986-E050-A8C063056488","965000","2017-01-06","EC2Y 5AG","F","N","L","APARTMENT 37","ROMAN HOUSE","WOOD STREET","","LONDON","CITY OF LONDON","GREATER LONDON","A","http://landregistry.data.gov.uk/data/ppi/transaction/47844C7F-567C-8986-E050-A8C063056488/current"
"64342BFD-AE68-422C-E053-6C04A8C0FB8A","720000","2018-01-03","EC2Y 5AG","F","N","L","APARTMENT 43","ROMAN HOUSE","WOOD STREET","","LONDON","CITY OF LONDON","GREATER LONDON","A","http://landregistry.data.gov.uk/data/ppi/transaction/64342BFD-AE68-422C-E053-6C04A8C0FB8A/current"
"D4D42645-2D63-27F6-E053-6C04A8C0A572","725000","2021-10-08","EC2Y 5AG","F","N","L","APARTMENT 46","ROMAN HOUSE","WOOD STREET","","LONDON","CITY OF LONDON","GREATER LONDON","A","http://landregistry.data.gov.uk/data/ppi/transaction/D4D42645-2D63-27F6-E053-6C04A8C0A572/current"
"5376B386-3C4C-34C1-E053-6B04A8C09FF6","994000","2017-06-09","EC2Y 5AG","F","N","L","APARTMENT 47","ROMAN HOUSE","WOOD STREET","","LONDON","CITY OF LONDON","GREATER LONDON","B","http://landregistry.data.gov.uk/data/ppi/transaction/5376B386-3C4C-34C1-E053-6B04A8C09FF6/current"
"453D27A2-A17B-EF91-E050-A8C0630574D7","980000","2016-11-03","EC2Y 5AG","F","N","L","APARTMENT 49","ROMAN HOUSE","WOOD STREET","","LONDON","CITY OF LONDON","GREATER LONDON","A","http://landregistry.data.gov.uk/data/ppi/transaction/453D27A2-A17B-EF91-E050-A8C0630574D7/current"
"93E6821D-E5C2-40FD-E053-6B04A8C0C1DF","1200000","2019-08-16","EC2Y 5AG","F","N","L","APARTMENT 50","ROMAN HOUSE","WOOD STREET","","LONDON","CITY OF LONDON","GREATER LONDON","A","http://landregistry.data.gov.uk/data/ppi/transaction/93E6821D-E5C2-40FD-E053-6B04A8C0C1DF/current"
"3E0330EF-522E-8D89-E050-A8C062052140","705000","2016-08-12","EC2Y 5AG","F","N","L","APARTMENT 58","ROMAN HOUSE","WOOD STREET","","LONDON","CITY OF LONDON","GREATER LONDON","A","http://landregistry.data.gov.uk/data/ppi/transaction/3E0330EF-522E-8D89-E050-A8C062052140/current"
"C3C3F9B5-500F-362B-E053-6B04A8C03ACC","785000","2021-03-19","EC2Y 5AG","F","N","L","APARTMENT 68","ROMAN HOUSE","WOOD STREET","","LONDON","CITY OF LONDON","GREATER LONDON","A","http://landregistry.data.gov.uk/data/ppi/transaction/C3C3F9B5-500F-362B-E053-6B04A8C03ACC/current"
"3B5CE841-60B1-EE3A-E063-4804A8C0D6F1","650000","2025-03-07","EC2Y 5AG","F","N","L","APARTMENT 78","ROMAN HOUSE","WOOD STREET","","LONDON","CITY OF LONDON","GREATER LONDON","A","http://landregistry.data.gov.uk/data/ppi/transaction/3B5CE841-60B1-EE3A-E063-4804A8C0D6F1/current"
"34222871-E806-4D2B-E063-4704A8C07853","624999","2025-03-28","EC2Y 5AG","F","N","L","APARTMENT 79","ROMAN HOUSE","WOOD STREET","","LONDON","CITY OF LONDON","GREATER LONDON","A","http://landregistry.data.gov.uk/data/ppi/transaction/34222871-E806-4D2B-E063-4704A8C07853/current"
"09266DDB-78BD-AF90-E063-4704A8C02087","775000","2022-12-12","EC2Y 5AG","F","N","L","APARTMENT 81","ROMAN HOUSE","WOOD STREET","","LONDON","CITY OF LONDON","GREATER LONDON","A","http://landregistry.data.gov.uk/data/ppi/transaction/09266DDB-78BD-AF90-E063-4704A8C02087/current"
"4777E0AF-7654-5D59-E063-4804A8C09F8E","1225000","2025-01-13","EC2Y 5AG","F","N","L","APARTMENT 86","ROMAN HOUSE","WOOD STREET","","LONDON","CITY OF LONDON","GREATER LONDON","B","http://landregistry.data.gov.uk/data/ppi/transaction/4777E0AF-7654-5D59-E063-4804A8C09F8E/current"
"0B85394F-8B52-69A5-E063-4704A8C07DAC","1800000","2023-10-23","EC2Y 5AG","F","N","L","APARTMENT 87","ROMAN HOUSE","WOOD STREET","","LONDON","CITY OF LONDON","GREATER LONDON","A","http://landregistry.data.gov.uk/data/ppi/transaction/0B85394F-8B52-69A5-E063-4704A8C07DAC/current"
"49E87C31-84F7-591C-E063-4704A8C00C31","665000","2026-01-07","EC2Y 5AG","F","N","L","APARTMENT 9","ROMAN HOUSE","WOOD STREET","","LONDON","CITY OF LONDON","GREATER LONDON","A","http://landregistry.data.gov.uk/data/ppi/transaction/49E87C31-84F7-591C-E063-4704A8C00C31/current"
"582D0637-D98A-8F22-E053-6C04A8C01BAC","1691750","2017-05-23","EC2Y 5AG","O","N","L","","ROMAN HOUSE","WOOD STREET","","LONDON","CITY OF LONDON","GREATER LONDON","B","http://landregistry.data.gov.uk/data/ppi/transaction/582D0637-D98A-8F22-E053-6C04A8C01BAC/current"
"55BDCAE6-C6A7-521D-E053-6B04A8C0DD7A","1691750","2017-05-09","EC2Y 5AG","O","N","F","","ROMAN HOUSE","WOOD STREET","","LONDON","CITY OF LONDON","GREATER LONDON","B","http://landregistry.data.gov.uk/data/ppi/transaction/55BDCAE6-C6A7-521D-E053-6B04A8C0DD7A/current"
"64342BFF-38E3-422C-E053-6C04A8C0FB8A","681750","2017-11-10","EC2Y 5AL","O","N","L","LLOYDS BANK PLC","12TH FLOOR, 125","LONDON WALL","","LONDON","CITY OF LONDON","GREATER LONDON","B","http://landregistry.data.gov.uk/data/ppi/transaction/64342BFF-38E3-422C-E053-6C04A8C0FB8A/current"
"773788C3-7AFF-2CE4-E053-6C04A8C05E57","783933","2017-12-21","EC2Y 5AU","O","N","L","LEVEL 13","TWO LONDON WALL PLACE, 123","LONDON WALL","","LONDON","CITY OF LONDON","GREATER LONDON","B","http://landregistry.data.gov.uk/data/ppi/transaction/773788C3-7AFF-2CE4-E053-6C04A8C05E57/current"
"773788C3-7B00-2CE4-E053-6C04A8C05E57","776774","2017-12-21","EC2Y 5AU","O","N","L","LEVEL 14","TWO LONDON WALL, 123","LONDON WALL","","LONDON","CITY OF LONDON","GREATER LONDON","B","http://landregistry.data.gov.uk/data/ppi/transaction/773788C3-7B00-2CE4-E053-6C04A8C05E57/current"
"3B5CE842-7DCF-EE3A-E063-4804A8C0D6F1","841824","2024-10-02","EC2Y 5AU","O","N","L","LEVEL 10","2","LONDON WALL PLACE","","LONDON","CITY OF LONDON","GREATER LONDON","B","http://landregistry.data.gov.uk/data/ppi/transaction/3B5CE842-7DCF-EE3A-E063-4804A8C0D6F1/current"
"CB0035E5-7726-58AE-E053-6B04A8C091AF","675000","2021-06-29","EC2Y 5BN","F","N","L","","3","MONKWELL SQUARE","","LONDON","CITY OF LONDON","GREATER LONDON","A","http://landregistry.data.gov.uk/data/ppi/transaction/CB0035E5-7726-58AE-E053-6B04A8C091AF/current"
"DBA933F8-E344-669D-E053-6B04A8C0AD56","2250000","2021-10-14","EC2Y 5BN","F","N","L","","7","MONKWELL SQUARE","","LONDON","CITY OF LONDON","GREATER LONDON","A","http://landregistry.data.gov.uk/data/ppi/transaction/DBA933F8-E344-669D-E053-6B04A8C0AD56/current"
"2D4D7609-C527-BDF9-E063-4804A8C0672F","9000000","2024-08-15","EC2Y 5ET","O","N","L","12TH FLOOR","MOOR HOUSE, 120","LONDON WALL","","LONDON","CITY OF LONDON","GREATER LONDON","B","http://landregistry.data.gov.uk/data/ppi/transaction/2D4D7609-C527-BDF9-E063-4804A8C0672F/current"
"01EB45F0-8FE2-40F3-E063-4704A8C05FDE","28500000","2023-05-09","EC2Y 8AD","O","N","F","ROOFTOP INSTALLATION","MURRAY HOUSE","BEECH STREET","","LONDON","CITY OF LONDON","GREATER LONDON","B","http://landregistry.data.gov.uk/data/ppi/transaction/01EB45F0-8FE2-40F3-E063-4704A8C05FDE/current"
"68FEB20B-16F3-38DA-E053-6C04A8C051AE","755000","2018-02-20","EC2Y 8AF","F","Y","L","FLAT 01","BLAKE TOWER, 2","FANN STREET","","LONDON","CITY OF LONDON","GREATER LONDON","A","http://landregistry.data.gov.uk/data/ppi/transaction/68FEB20B-16F3-38DA-E053-6C04A8C051AE/current"
"5A9D8B54-B6D2-68EB-E053-6B04A8C0D293","1093000","2017-05-26","EC2Y 8AF","F","Y","L","FLAT 02","BLAKE TOWER, 2","FANN STREET","","LONDON","CITY OF LONDON","GREATER LONDON","A","http://landregistry.data.gov.uk/data/ppi/transaction/5A9D8B54-B6D2-68EB-E053-6B04A8C0D293/current"
"5A9D8B54-B671-68EB-E053-6B04A8C0D293","600000","2017-05-19","EC2Y 8AF","F","Y","L","FLAT 03","BLAKE TOWER, 2","FANN STREET","","LONDON","CITY OF LONDON","GREATER LONDON","A","http://landregistry.data.gov.uk/data/ppi/transaction/5A9D8B54-B671-68EB-E053-6B04A8C0D293/current"
"773788C2-3332-2CE4-E053-6C04A8C05E57","740000","2018-09-03","EC2Y 8AF","F","N","L","FLAT 101","BLAKE TOWER, 2","FANN STREET","","LONDON","CITY OF LONDON","GREATER LONDON","A","http://landregistry.data.gov.uk/data/ppi/transaction/773788C2-3332-2CE4-E053-6C04A8C05E57/current"
"6B32222B-E5EC-01F1-E053-6C04A8C0D2C8","625000","2018-03-23","EC2Y 8AF","F","Y","L","FLAT 101","BLAKE TOWER, 2","FANN STREET","","LONDON","CITY OF LONDON","GREATER LONDON","A","http://landregistry.data.gov.uk/data/ppi/transaction/6B32222B-E5EC-01F1-E053-6C04A8C0D2C8/current"
"7C2D06FF-A1FD-4963-E053-6B04A8C07B97","1150000","2018-10-19","EC2Y 8AF","F","Y","L","FLAT 102","BLAKE TOWER, 2","FANN STREET","","LONDON","CITY OF LONDON","GREATER LONDON","A","http://landregistry.data.gov.uk/data/ppi/transaction/7C2D06FF-A1FD-4963-E053-6B04A8C07B97/current"
"64342BFD-AFC9-422C-E053-6C04A8C0FB8A","1412500","2017-08-21","EC2Y 8AF","F","Y","L","FLAT 103","BLAKE TOWER, 2","FANN STREET","","LONDON","CITY OF LONDON","GREATER LONDON","A","http://landregistry.data.gov.uk/data/ppi/transaction/64342BFD-AFC9-422C-E053-6C04A8C0FB8A/current"
"5A9D8B54-B625-68EB-E053-6B04A8C0D293","780000","2017-05-04","EC2Y 8AF","F","Y","L","FLAT 104","BLAKE TOWER, 2","FANN STREET","","LONDON","CITY OF LONDON","GREATER LONDON","A","http://landregistry.data.gov.uk/data/ppi/transaction/5A9D8B54-B625-68EB-E053-6B04A8C0D293/current"
"5A9D8B54-B83C-68EB-E053-6B04A8C0D293","757000","2017-08-16","EC2Y 8AF","F","Y","L","FLAT 11","BLAKE TOWER, 2","FANN STREET","","LONDON","CITY OF LONDON","GREATER LONDON","A","http://landregistry.data.gov.uk/data/ppi/transaction/5A9D8B54-B83C-68EB-E053-6B04A8C0D293/current"
"5A9D8B54-B825-68EB-E053-6B04A8C0D293","727000","2017-08-11","EC2Y 8AF","F","Y","L","FLAT 111","BLAKE TOWER, 2","FANN STREET","","LONDON","CITY OF LONDON","GREATER LONDON","A","http://landregistry.data.gov.uk/data/ppi/transaction/5A9D8B54-B825-68EB-E053-6B04A8C0D293/current"
"68FEB20B-1503-38DA-E053-6C04A8C051AE","1400000","2017-12-21","EC2Y 8AF","F","Y","L","FLAT 112","BLAKE TOWER, 2","FANN STREET","","LONDON","CITY OF LONDON","GREATER LONDON","A","http://landregistry.data.gov.uk/data/ppi/transaction/68FEB20B-1503-38DA-E053-6C04A8C051AE/current"
"5A9D8B54-B624-68EB-E053-6B04A8C0D293","1600000","2017-03-24","EC2Y 8AF","F","Y","L","FLAT 113","BLAKE TOWER, 2","FANN STREET","","LONDON","CITY OF LONDON","GREATER LONDON","A","http://landregistry.data.gov.uk/data/ppi/transaction/5A9D8B54-B624-68EB-E053-6B04A8C0D293/current"
"5376B385-0491-34C1-E053-6B04A8C09FF6","860000","2017-03-17","EC2Y 8AF","F","Y","L","FLAT 114","BLAKE TOWER, 2","FANN STREET","","LONDON","CITY OF LONDON","GREATER LONDON","A","http://landregistry.data.gov.uk/data/ppi/transaction/5376B385-0491-34C1-E053-6B04A8C09FF6/current"
"4C4EE000-3375-1854-E050-A8C063054F34","29160447","2017-03-01","EC2Y 8AF","O","N","L","FLAT 114","BLAKE TOWER, 2","FANN STREET","","LONDON","CITY OF LONDON","GREATER LONDON","B","http://landregistry.data.gov.uk/data/ppi/transaction/4C4EE000-3375-1854-E050-A8C063054F34/current"
"B32EBB13-3BAF-3C99-E053-6C04A8C09CA1","750000","2020-10-16","EC2Y 8AF","F","N","L","FLAT 12","BLAKE TOWER, 2","FANN STREET","","LONDON","CITY OF LONDON","GREATER LONDON","A","http://landregistry.data.gov.uk/data/ppi/transaction/B32EBB13-3BAF-3C99-E053-6C04A8C09CA1/current"
"5A9D8B54-B752-68EB-E053-6B04A8C0D293","750000","2017-05-19","EC2Y 8AF","F","Y","L","FLAT 12","BLAKE TOWER, 2","FANN STREET","","LONDON","CITY OF LONDON","GREATER LONDON","A","http://landregistry.data.gov.uk/data/ppi/transaction/5A9D8B54-B752-68EB-E053-6B04A8C0D293/current"
"6DA08449-90AF-30F2-E053-6B04A8C05F3B","620000","2018-04-24","EC2Y 8AF","F","Y","L","FLAT 121","BLAKE TOWER, 2","FANN STREET","","LONDON","CITY OF LONDON","GREATER LONDON","A","http://landregistry.data.gov.uk/data/ppi/transaction/6DA08449-90AF-30F2-E053-6B04A8C05F3B/current"
"6DA08449-90B0-30F2-E053-6B04A8C05F3B","1195000","2018-05-10","EC2Y 8AF","F","Y","L","FLAT 122","BLAKE TOWER, 2","FANN STREET","","LONDON","CITY OF LONDON","GREATER LONDON","A","http://landregistry.data.gov.uk/data/ppi/transaction/6DA08449-90B0-30F2-E053-6B04A8C05F3B/current"
"5A9D8B54-B7E1-68EB-E053-6B04A8C0D293","1496000","2017-07-07","EC2Y 8AF","F","Y","L","FLAT 123","BLAKE TOWER, 2","FANN STREET","","LONDON","CITY OF LONDON","GREATER LONDON","A","http://landregistry.data.gov.uk/data/ppi/transaction/5A9D8B54-B7E1-68EB-E053-6B04A8C0D293/current"
"5376B385-04B1-34C1-E053-6B04A8C09FF6","760000","2017-03-23","EC2Y 8AF","F","Y","L","FLAT 124","BLAKE TOWER, 2","FANN STREET","","LONDON","CITY OF LONDON","GREATER LONDON","A","http://landregistry.data.gov.uk/data/ppi/transaction/5376B385-04B1-34C1-E053-6B04A8C09FF6/current"
"5F54B81C-A694-2B45-E053-6B04A8C01FB0","780000","2017-09-06","EC2Y 8AF","F","Y","L","FLAT 13","BLAKE TOWER, 2","FANN STREET","","LONDON","CITY OF LONDON","GREATER LONDON","A","http://landregistry.data.gov.uk/data/ppi/transaction/5F54B81C-A694-2B45-E053-6B04A8C01FB0/current"
"5A9D8B54-B7E4-68EB-E053-6B04A8C0D293","750000","2017-07-06","EC2Y 8AF","F","Y","L","FLAT 131","BLAKE TOWER, 2","FANN STREET","","LONDON","CITY OF LONDON","GREATER LONDON","A","http://landregistry.data.gov.uk/data/ppi/transaction/5A9D8B54-B7E4-68EB-E053-6B04A8C0D293/current"
"1C3E72FD-C5FF-F410-E063-4804A8C0DFA6","1300000","2024-04-12","EC2Y 8AF","F","N","L","FLAT 132","BLAKE TOWER, 2","FANN STREET","","LONDON","CITY OF LONDON","GREATER LONDON","A","http://landregistry.data.gov.uk/data/ppi/transaction/1C3E72FD-C5FF-F410-E063-4804A8C0DFA6/current"
"75050A85-FD15-9A88-E053-6B04A8C02390","1130000","2018-05-25","EC2Y 8AF","F","Y","L","FLAT 132","BLAKE TOWER, 2","FANN STREET","","LONDON","CITY OF LONDON","GREATER LONDON","B","http://landregistry.data.gov.uk/data/ppi/transaction/75050A85-FD15-9A88-E053-6B04A8C02390/current"
"666758D6-73AA-3363-E053-6B04A8C0D74E","1540000","2017-11-03","EC2Y 8AF","F","Y","L","FLAT 133","BLAKE TOWER, 2","FANN STREET","","LONDON","CITY OF LONDON","GREATER LONDON","A","http://landregistry.data.gov.uk/data/ppi/transaction/666758D6-73AA-3363-E053-6B04A8C0D74E/current"
"55BDCAE5-8B95-521D-E053-6B04A8C0DD7A","875000","2017-03-24","EC2Y 8AF","F","Y","L","FLAT 134","BLAKE TOWER, 2","FANN STREET","","LONDON","CITY OF LONDON","GREATER LONDON","A","http://landregistry.data.gov.uk/data/ppi/transaction/55BDCAE5-8B95-521D-E053-6B04A8C0DD7A/current"
"2F7F2B42-9FC9-E08F-E063-4804A8C05A49","695000","2025-02-14","EC2Y 8AF","F","N","L","FLAT 14","BLAKE TOWER, 2","FANN STREET","","LONDON","CITY OF LONDON","GREATER LONDON","A","http://landregistry.data.gov.uk/data/ppi/transaction/2F7F2B42-9FC9-E08F-E063-4804A8C05A49/current"
"6B32222B-E5D0-01F1-E053-6C04A8C0D2C8","755500","2018-03-16","EC2Y 8AF","F","Y","L","FLAT 14","BLAKE TOWER, 2","FANN STREET","","LONDON","CITY OF LONDON","GREATER LONDON","A","http://landregistry.data.gov.uk/data/ppi/transaction/6B32222B-E5D0-01F1-E053-6C04A8C0D2C8/current"
"A71375FD-A225-7576-E053-6C04A8C0462F","900000","2020-03-06","EC2Y 8AF","F","N","L","FLAT 141","BLAKE TOWER, 2","FANN STREET","","LONDON","CITY OF LONDON","GREATER LONDON","A","http://landregistry.data.gov.uk/data/ppi/transaction/A71375FD-A225-7576-E053-6C04A8C0462F/current"
"55BDCAE5-8B88-521D-E053-6B04A8C0DD7A","1100000","2017-03-24","EC2Y 8AF","F","Y","L","FLAT 141","BLAKE TOWER, 2","FANN STREET","","LONDON","CITY OF LONDON","GREATER LONDON","A","http://landregistry.data.gov.uk/data/ppi/transaction/55BDCAE5-8B88-521D-E053-6B04A8C0DD7A/current"
"7E86B6FA-7172-458C-E053-6B04A8C0C84C","1170000","2018-11-30","EC2Y 8AF","F","Y","L","FLAT 142","BLAKE TOWER, 2","FANN STREET","","LONDON","CITY OF LONDON","GREATER LONDON","A","http://landregistry.data.gov.uk/data/ppi/transaction/7E86B6FA-7172-458C-E053-6B04A8C0C84C/current"
"55BDCAE5-8BF5-521D-E053-6B04A8C0DD7A","1999999","2017-04-21","EC2Y 8AF","F","Y","L","FLAT 143","BLAKE TOWER, 2","FANN STREET","","LONDON","CITY OF LONDON","GREATER LONDON","A","http://landregistry.data.gov.uk/data/ppi/transaction/55BDCAE5-8BF5-521D-E053-6B04A8C0DD7A/current"
"55BDCAE5-8C06-521D-E053-6B04A8C0DD7A","1150000","2017-04-13","EC2Y 8AF","F","Y","L","FLAT 151","BLAKE TOWER, 2","FANN STREET","","LONDON","CITY OF LONDON","GREATER LONDON","A","http://landregistry.data.gov.uk/data/ppi/transaction/55BDCAE5-8C06-521D-E053-6B04A8C0DD7A/current"
"80E1AA97-AA65-7BF8-E053-6C04A8C00BF2","1265000","2018-12-14","EC2Y 8AF","F","Y","L","FLAT 152","BLAKE TOWER, 2","FANN STREET","","LONDON","CITY OF LONDON","GREATER LONDON","A","http://landregistry.data.gov.uk/data/ppi/transaction/80E1AA97-AA65-7BF8-E053-6C04A8C00BF2/current"
"5A9D8B54-B79B-68EB-E053-6B04A8C0D293","2000000","2017-06-23","EC2Y 8AF","F","Y","L","FLAT 153","BLAKE TOWER, 2","FANN STREET","","LONDON","CITY OF LONDON","GREATER LONDON","A","http://landregistry.data.gov.uk/data/ppi/transaction/5A9D8B54-B79B-68EB-E053-6B04A8C0D293/current"
"5A9D8B54-B648-68EB-E053-6B04A8C0D293","3700000","2017-04-20","EC2Y 8AF","F","Y","L","FLAT 161","BLAKE TOWER, 2","FANN STREET","","LONDON","CITY OF LONDON","GREATER LONDON","A","http://landregistry.data.gov.uk/data/ppi/transaction/5A9D8B54-B648-68EB-E053-6B04A8C0D293/current"
"6DA08449-9096-30F2-E053-6B04A8C05F3B","3015000","2018-04-27","EC2Y 8AF","F","Y","L","FLAT 162","BLAKE TOWER, 2","FANN STREET","","LONDON","CITY OF LONDON","GREATER LONDON","A","http://landregistry.data.gov.uk/data/ppi/transaction/6DA08449-9096-30F2-E053-6B04A8C05F3B/current"
"5A9D8B54-B84A-68EB-E053-6B04A8C0D293","665000","2017-09-01","EC2Y 8AF","F","Y","L","FLAT 21","BLAKE TOWER, 2","FANN STREET","","LONDON","CITY OF LONDON","GREATER LONDON","A","http://landregistry.data.gov.uk/data/ppi/transaction/5A9D8B54-B84A-68EB-E053-6B04A8C0D293/current"
"5A9D8B54-B6B9-68EB-E053-6B04A8C0D293","650000","2017-05-19","EC2Y 8AF","F","Y","L","FLAT 22","BLAKE TOWER, 2","FANN STREET","","LONDON","CITY OF LONDON","GREATER LONDON","A","http://landregistry.data.gov.uk/data/ppi/transaction/5A9D8B54-B6B9-68EB-E053-6B04A8C0D293/current"
"7C2D06FF-A28D-4963-E053-6B04A8C07B97","599000","2018-11-05","EC2Y 8AF","F","Y","L","FLAT 23","BLAKE TOWER, 2","FANN STREET","","LONDON","CITY OF LONDON","GREATER LONDON","A","http://landregistry.data.gov.uk/data/ppi/transaction/7C2D06FF-A28D-4963-E053-6B04A8C07B97/current"
"55BDCAE5-8C0F-521D-E053-6B04A8C0DD7A","875000","2017-05-09","EC2Y 8AF","F","Y","L","FLAT 24","BLAKE TOWER, 2","FANN STREET","","LONDON","CITY OF LONDON","GREATER LONDON","B","http://landregistry.data.gov.uk/data/ppi/transaction/55BDCAE5-8C0F-521D-E053-6B04A8C0DD7A/current"
"5A9D8B54-B77D-68EB-E053-6B04A8C0D293","750000","2017-05-26","EC2Y 8AF","F","Y","L","FLAT 25","BLAKE TOWER, 2","FANN STREET","","LONDON","CITY OF LONDON","GREATER LONDON","A","http://landregistry.data.gov.uk/data/ppi/transaction/5A9D8B54-B77D-68EB-E053-6B04A8C0D293/current"
"5A9D8B54-B7EE-68EB-E053-6B04A8C0D293","810000","2017-05-26","EC2Y 8AF","F","Y","L","FLAT 31","BLAKE TOWER, 2","FANN STREET","","LONDON","CITY OF LONDON","GREATER LONDON","B","http://landregistry.data.gov.uk/data/ppi/transaction/5A9D8B54-B7EE-68EB-E053-6B04A8C0D293/current"
"5A9D8B54-B7F2-68EB-E053-6B04A8C0D293","660000","2017-06-09","EC2Y 8AF","F","Y","L","FLAT 32","BLAKE TOWER, 2","FANN STREET","","LONDON","CITY OF LONDON","GREATER LONDON","A","http://landregistry.data.gov.uk/data/ppi/transaction/5A9D8B54-B7F2-68EB-E053-6B04A8C0D293/current"
"5A9D8B54-B64C-68EB-E053-6B04A8C0D293","751000","2017-05-17","EC2Y 8AF","F","Y","L","FLAT 33","BLAKE TOWER, 2","FANN STREET","","LONDON","CITY OF LONDON","GREATER LONDON","A","http://landregistry.data.gov.uk/data/ppi/transaction/5A9D8B54-B64C-68EB-E053-6B04A8C0D293/current"
"5A9D8B54-B826-68EB-E053-6B04A8C0D293","950000","2017-08-11","EC2Y 8AF","F","Y","L","FLAT 34","BLAKE TOWER, 2","FANN STREET","","LONDON","CITY OF LONDON","GREATER LONDON","A","http://landregistry.data.gov.uk/data/ppi/transaction/5A9D8B54-B826-68EB-E053-6B04A8C0D293/current"
"64342BFD-B12D-422C-E053-6C04A8C0FB8A","905500","2017-09-22","EC2Y 8AF","F","Y","L","FLAT 35","BLAKE TOWER, 2","FANN STREET","","LONDON","CITY OF LONDON","GREATER LONDON","A","http://landregistry.data.gov.uk/data/ppi/transaction/64342BFD-B12D-422C-E053-6C04A8C0FB8A/current"
"5A9D8B54-B6DB-68EB-E053-6B04A8C0D293","750000","2017-05-05","EC2Y 8AF","F","Y","L","FLAT 41","BLAKE TOWER, 2","FANN STREET","","LONDON","CITY OF LONDON","GREATER LONDON","A","http://landregistry.data.gov.uk/data/ppi/transaction/5A9D8B54-B6DB-68EB-E053-6B04A8C0D293/current"
"5A9D8B54-B75D-68EB-E053-6B04A8C0D293","670000","2017-05-26","EC2Y 8AF","F","Y","L","FLAT 42","BLAKE TOWER, 2","FANN STREET","","LONDON","CITY OF LONDON","GREATER LONDON","B","http://landregistry.data.gov.uk/data/ppi/transaction/5A9D8B54-B75D-68EB-E053-6B04A8C0D293/current"
"5F54B81C-A693-2B45-E053-6B04A8C01FB0","732500","2017-09-21","EC2Y 8AF","F","Y","L","FLAT 43","BLAKE TOWER, 2","FANN STREET","","LONDON","CITY OF LONDON","GREATER LONDON","A","http://landregistry.data.gov.uk/data/ppi/transaction/5F54B81C-A693-2B45-E053-6B04A8C01FB0/current"
"55BDCAE5-8BE3-521D-E053-6B04A8C0DD7A","1100000","2017-05-05","EC2Y 8AF","F","Y","L","FLAT 44","BLAKE TOWER, 2","FANN STREET","","LONDON","CITY OF LONDON","GREATER LONDON","A","http://landregistry.data.gov.uk/data/ppi/transaction/55BDCAE5-8BE3-521D-E053-6B04A8C0DD7A/current"
"5A9D8B54-B81C-68EB-E053-6B04A8C0D293","880000","2017-07-27","EC2Y 8AF","F","Y","L","FLAT 45","BLAKE TOWER, 2","FANN STREET","","LONDON","CITY OF LONDON","GREATER LONDON","A","http://landregistry.data.gov.uk/data/ppi/transaction/5A9D8B54-B81C-68EB-E053-6B04A8C0D293/current"
"55BDCAE5-8C29-521D-E053-6B04A8C0DD7A","730000","2017-04-26","EC2Y 8AF","F","Y","L","FLAT 51","BLAKE TOWER, 2","FANN STREET","","LONDON","CITY OF LONDON","GREATER LONDON","A","http://landregistry.data.gov.uk/data/ppi/transaction/55BDCAE5-8C29-521D-E053-6B04A8C0DD7A/current"
"402A3A66-AC02-A7DF-E063-4804A8C0B80D","630000","2025-08-29","EC2Y 8AF","F","N","L","FLAT 52","BLAKE TOWER, 2","FANN STREET","","LONDON","CITY OF LONDON","GREATER LONDON","B","http://landregistry.data.gov.uk/data/ppi/transaction/402A3A66-AC02-A7DF-E063-4804A8C0B80D/current"
"5A9D8B54-B741-68EB-E053-6B04A8C0D293","600000","2017-04-28","EC2Y 8AF","F","Y","L","FLAT 52","BLAKE TOWER, 2","FANN STREET","","LONDON","CITY OF LONDON","GREATER LONDON","A","http://landregistry.data.gov.uk/data/ppi/transaction/5A9D8B54-B741-68EB-E053-6B04A8C0D293/current"
"6B32222B-E61B-01F1-E053-6C04A8C0D2C8","710000","2018-03-26","EC2Y 8AF","F","Y","L","FLAT 53","BLAKE TOWER, 2","FANN STREET","","LONDON","CITY OF LONDON","GREATER LONDON","A","http://landregistry.data.gov.uk/data/ppi/transaction/6B32222B-E61B-01F1-E053-6C04A8C0D2C8/current"
"5A9D8B54-B751-68EB-E053-6B04A8C0D293","1000000","2017-05-19","EC2Y 8AF","F","Y","L","FLAT 54","BLAKE TOWER, 2","FANN STREET","","LONDON","CITY OF LONDON","GREATER LONDON","A","http://landregistry.data.gov.uk/data/ppi/transaction/5A9D8B54-B751-68EB-E053-6B04A8C0D293/current"
"5A9D8B54-B6FA-68EB-E053-6B04A8C0D293","900000","2017-05-10","EC2Y 8AF","F","Y","L","FLAT 55","BLAKE TOWER, 2","FANN STREET","","LONDON","CITY OF LONDON","GREATER LONDON","A","http://landregistry.data.gov.uk/data/ppi/transaction/5A9D8B54-B6FA-68EB-E053-6B04A8C0D293/current"
"55BDCAE5-8C28-521D-E053-6B04A8C0DD7A","740000","2017-04-26","EC2Y 8AF","F","Y","L","FLAT 61","BLAKE TOWER, 2","FANN STREET","","LONDON","CITY OF LONDON","GREATER LONDON","A","http://landregistry.data.gov.uk/data/ppi/transaction/55BDCAE5-8C28-521D-E053-6B04A8C0DD7A/current"
"5A9D8B54-B616-68EB-E053-6B04A8C0D293","600000","2017-03-31","EC2Y 8AF","F","Y","L","FLAT 62","BLAKE TOWER, 2","FANN STREET","","LONDON","CITY OF LONDON","GREATER LONDON","A","http://landregistry.data.gov.uk/data/ppi/transaction/5A9D8B54-B616-68EB-E053-6B04A8C0D293/current"
"5A9D8B54-B755-68EB-E053-6B04A8C0D293","771000","2017-05-11","EC2Y 8AF","F","Y","L","FLAT 63","BLAKE TOWER, 2","FANN STREET","","LONDON","CITY OF LONDON","GREATER LONDON","A","http://landregistry.data.gov.uk/data/ppi/transaction/5A9D8B54-B755-68EB-E053-6B04A8C0D293/current"
"5A9D8B54-B800-68EB-E053-6B04A8C0D293","1150000","2017-06-29","EC2Y 8AF","F","Y","L","FLAT 64","BLAKE TOWER, 2","FANN STREET","","LONDON","CITY OF LONDON","GREATER LONDON","A","http://landregistry.data.gov.uk/data/ppi/transaction/5A9D8B54-B800-68EB-E053-6B04A8C0D293/current"
"5A9D8B54-B6F8-68EB-E053-6B04A8C0D293","900000","2017-05-10","EC2Y 8AF","F","Y","L","FLAT 65","BLAKE TOWER, 2","FANN STREET","","LONDON","CITY OF LONDON","GREATER LONDON","A","http://landregistry.data.gov.uk/data/ppi/transaction/5A9D8B54-B6F8-68EB-E053-6B04A8C0D293/current"
"55BDCAE5-8B84-521D-E053-6B04A8C0DD7A","743750","2017-03-31","EC2Y 8AF","F","Y","L","FLAT 71","BLAKE TOWER, 2","FANN STREET","","LONDON","CITY OF LONDON","GREATER LONDON","A","http://landregistry.data.gov.uk/data/ppi/transaction/55BDCAE5-8B84-521D-E053-6B04A8C0DD7A/current"
"5A9D8B54-B808-68EB-E053-6B04A8C0D293","725000","2017-04-13","EC2Y 8AF","F","Y","L","FLAT 72","BLAKE TOWER, 2","FANN STREET","","LONDON","CITY OF LONDON","GREATER LONDON","A","http://landregistry.data.gov.uk/data/ppi/transaction/5A9D8B54-B808-68EB-E053-6B04A8C0D293/current"
"55BDCAE5-8BBD-521D-E053-6B04A8C0DD7A","775000","2017-04-12","EC2Y 8AF","F","Y","L","FLAT 73","BLAKE TOWER, 2","FANN STREET","","LONDON","CITY OF LONDON","GREATER LONDON","A","http://landregistry.data.gov.uk/data/ppi/transaction/55BDCAE5-8BBD-521D-E053-6B04A8C0DD7A/current"
"55BDCAE5-8BC4-521D-E053-6B04A8C0DD7A","1165000","2017-04-07","EC2Y 8AF","F","Y","L","FLAT 74","BLAKE TOWER, 2","FANN STREET","","LONDON","CITY OF LONDON","GREATER LONDON","A","http://landregistry.data.gov.uk/data/ppi/transaction/55BDCAE5-8BC4-521D-E053-6B04A8C0DD7A/current"
"5A9D8B54-B6FB-68EB-E053-6B04A8C0D293","919250","2017-05-05","EC2Y 8AF","F","Y","L","FLAT 75","BLAKE TOWER, 2","FANN STREET","","LONDON","CITY OF LONDON","GREATER LONDON","A","http://landregistry.data.gov.uk/data/ppi/transaction/5A9D8B54-B6FB-68EB-E053-6B04A8C0D293/current"
"6DA08449-90C5-30F2-E053-6B04A8C05F3B","600000","2018-05-22","EC2Y 8AF","F","Y","L","FLAT 81","BLAKE TOWER, 2","FANN STREET","","LONDON","CITY OF LONDON","GREATER LONDON","A","http://landregistry.data.gov.uk/data/ppi/transaction/6DA08449-90C5-30F2-E053-6B04A8C05F3B/current"
"5A9D8B54-B7A8-68EB-E053-6B04A8C0D293","1400000","2017-06-26","EC2Y 8AF","F","Y","L","FLAT 82","BLAKE TOWER, 2","FANN STREET","","LONDON","CITY OF LONDON","GREATER LONDON","A","http://landregistry.data.gov.uk/data/ppi/transaction/5A9D8B54-B7A8-68EB-E053-6B04A8C0D293/current"
"919FEC04-D348-9A90-E053-6C04A8C0A300","1100000","2019-04-18","EC2Y 8AF","F","Y","L","FLAT 83","BLAKE TOWER, 2","FANN STREET","","LONDON","CITY OF LONDON","GREATER LONDON","A","http://landregistry.data.gov.uk/data/ppi/transaction/919FEC04-D348-9A90-E053-6C04A8C0A300/current"
"965B6D90-F7C3-95E4-E053-6C04A8C07729","760000","2017-11-10","EC2Y 8AF","F","Y","L","FLAT 84","BLAKE TOWER, 2","FANN STREET","","LONDON","CITY OF LONDON","GREATER LONDON","A","http://landregistry.data.gov.uk/data/ppi/transaction/965B6D90-F7C3-95E4-E053-6C04A8C07729/current"
"666758D6-73DC-3363-E053-6B04A8C0D74E","700000","2017-10-23","EC2Y 8AF","F","Y","L","FLAT 91","BLAKE TOWER, 2","FANN STREET","","LONDON","CITY OF LONDON","GREATER LONDON","A","http://landregistry.data.gov.uk/data/ppi/transaction/666758D6-73DC-3363-E053-6B04A8C0D74E/current"
"5F54B81C-A695-2B45-E053-6B04A8C01FB0","1400000","2017-09-22","EC2Y 8AF","F","Y","L","FLAT 92","BLAKE TOWER, 2","FANN STREET","","LONDON","CITY OF LONDON","GREATER LONDON","A","http://landregistry.data.gov.uk/data/ppi/transaction/5F54B81C-A695-2B45-E053-6B04A8C01FB0/current"
"75050A84-AA74-9A88-E053-6B04A8C02390","1150000","2018-06-19","EC2Y 8AF","F","Y","L","FLAT 93","BLAKE TOWER, 2","FANN STREET","","LONDON","CITY OF LONDON","GREATER LONDON","A","http://landregistry.data.gov.uk/data/ppi/transaction/75050A84-AA74-9A88-E053-6B04A8C02390/current"
"7E86B6FA-7153-458C-E053-6B04A8C0C84C","651000","2018-11-22","EC2Y 8AF","F","Y","L","FLAT 94","BLAKE TOWER, 2","FANN STREET","","LONDON","CITY OF LONDON","GREATER LONDON","A","http://landregistry.data.gov.uk/data/ppi/transaction/7E86B6FA-7153-458C-E053-6B04A8C0C84C/current"
"B5755FFD-B366-7D01-E053-6C04A8C036B6","665000","2020-09-10","EC2Y 8AF","F","N","L","FLAT LG11","BLAKE TOWER, 2","FANN STREET","","LONDON","CITY OF LONDON","GREATER LONDON","A","http://landregistry.data.gov.uk/data/ppi/transaction/B5755FFD-B366-7D01-E053-6C04A8C036B6/current"
"582D0636-8801-8F22-E053-6C04A8C01BAC","620000","2017-06-02","EC2Y 8AF","F","Y","L","FLAT LG11","BLAKE TOWER, 2","FANN STREET","","LONDON","CITY OF LONDON","GREATER LONDON","A","http://landregistry.data.gov.uk/data/ppi/transaction/582D0636-8801-8F22-E053-6C04A8C01BAC/current"
"5A9D8B54-B759-68EB-E053-6B04A8C0D293","760000","2017-06-02","EC2Y 8AF","F","Y","L","FLAT LG12","BLAKE TOWER, 2","FANN STREET","","LONDON","CITY OF LONDON","GREATER LONDON","A","http://landregistry.data.gov.uk/data/ppi/transaction/5A9D8B54-B759-68EB-E053-6B04A8C0D293/current"
"5A9D8B54-B74B-68EB-E053-6B04A8C0D293","649500","2017-05-26","EC2Y 8AF","F","Y","L","FLAT LG13","BLAKE TOWER, 2","FANN STREET","","LONDON","CITY OF LONDON","GREATER LONDON","A","http://landregistry.data.gov.uk/data/ppi/transaction/5A9D8B54-B74B-68EB-E053-6B04A8C0D293/current"
"5A9D8B54-B75C-68EB-E053-6B04A8C0D293","735000","2017-06-16","EC2Y 8AF","F","Y","L","FLAT LG21","BLAKE TOWER, 2","FANN STREET","","LONDON","CITY OF LONDON","GREATER LONDON","A","http://landregistry.data.gov.uk/data/ppi/transaction/5A9D8B54-B75C-68EB-E053-6B04A8C0D293/current"
"5A9D8B54-B770-68EB-E053-6B04A8C0D293","645000","2017-06-09","EC2Y 8AF","F","Y","L","FLAT LG22","BLAKE TOWER, 2","FANN STREET","","LONDON","CITY OF LONDON","GREATER LONDON","A","http://landregistry.data.gov.uk/data/ppi/transaction/5A9D8B54-B770-68EB-E053-6B04A8C0D293/current"
"50D10B84-3D11-B8D0-E063-4704A8C08D98","639000","2026-01-20","EC2Y 8AG","F","N","L","FLAT 12","6 - 9","BRIDGEWATER SQUARE","","LONDON","CITY OF LONDON","GREATER LONDON","A","http://landregistry.data.gov.uk/data/ppi/transaction/50D10B84-3D11-B8D0-E063-4704A8C08D98/current"
"0E082197-784C-5C09-E063-4704A8C0A10E","800000","2023-01-17","EC2Y 8AG","F","N","L","FLAT 16","6 - 9","BRIDGEWATER SQUARE","","LONDON","CITY OF LONDON","GREATER LONDON","B","http://landregistry.data.gov.uk/data/ppi/transaction/0E082197-784C-5C09-E063-4704A8C0A10E/current"
"47844C80-16DA-8986-E050-A8C063056488","682500","2016-12-02","EC2Y 8AG","F","N","L","FLAT 17","6 - 9","BRIDGEWATER SQUARE","","LONDON","CITY OF LONDON","GREATER LONDON","B","http://landregistry.data.gov.uk/data/ppi/transaction/47844C80-16DA-8986-E050-A8C063056488/current"
"55BDCAE6-4166-521D-E053-6B04A8C0DD7A","500000","2017-07-18","EC2Y 8AH","F","N","L","FLAT 10","THE COBALT BUILDING, 10 - 15","BRIDGEWATER SQUARE","","LONDON","CITY OF LONDON","GREATER LONDON","A","http://landregistry.data.gov.uk/data/ppi/transaction/55BDCAE6-4166-521D-E053-6B04A8C0DD7A/current"
"4777E0AF-9B54-5D59-E063-4804A8C09F8E","565000","2025-12-10","EC2Y 8AH","F","N","L","FLAT 12","THE COBALT BUILDING, 10 - 15","BRIDGEWATER SQUARE","","LONDON","CITY OF LONDON","GREATER LONDON","B","http://landregistry.data.gov.uk/data/ppi/transaction/4777E0AF-9B54-5D59-E063-4804A8C09F8E/current"
"D22473F5-B9FD-7B40-E053-6C04A8C0A630","535000","2021-06-18","EC2Y 8AH","F","N","L","FLAT 12A","THE COBALT BUILDING, 10 - 15","BRIDGEWATER SQUARE","","LONDON","CITY OF LONDON","GREATER LONDON","A","http://landregistry.data.gov.uk/data/ppi/transaction/D22473F5-B9FD-7B40-E053-6C04A8C0A630/current"
"D22473F5-BA08-7B40-E053-6C04A8C0A630","660000","2021-06-25","EC2Y 8AH","F","N","L","FLAT 15","THE COBALT BUILDING, 10 - 15","BRIDGEWATER SQUARE","","LONDON","CITY OF LONDON","GREATER LONDON","A","http://landregistry.data.gov.uk/data/ppi/transaction/D22473F5-BA08-7B40-E053-6C04A8C0A630/current"
"31FB4C17-B0D9-57B9-E050-A8C063053436","725000","2016-03-23","EC2Y 8AH","F","N","L","FLAT 17","THE COBALT BUILDING, 10 - 15","BRIDGEWATER SQUARE","","LONDON","CITY OF LONDON","GREATER LONDON","A","http://landregistry.data.gov.uk/data/ppi/transaction/31FB4C17-B0D9-57B9-E050-A8C063053436/current"
"25E9DA81-26A1-555E-E063-4704A8C066F2","687000","2024-09-17","EC2Y 8AH","F","N","L","FLAT 18","THE COBALT BUILDING, 10 - 15","BRIDGEWATER SQUARE","","LONDON","CITY OF LONDON","GREATER LONDON","A","http://landregistry.data.gov.uk/data/ppi/transaction/25E9DA81-26A1-555E-E063-4704A8C066F2/current"
"453D27A3-50BB-EF91-E050-A8C0630574D7","690000","2016-11-21","EC2Y 8AH","F","N","L","FLAT 20","THE COBALT BUILDING, 10 - 15","BRIDGEWATER SQUARE","","LONDON","CITY OF LONDON","GREATER LONDON","A","http://landregistry.data.gov.uk/data/ppi/transaction/453D27A3-50BB-EF91-E050-A8C0630574D7/current"
"38EDC0C3-25E1-0F63-E063-4704A8C00424","725000","2025-05-28","EC2Y 8AH","F","N","L","FLAT 23","THE COBALT BUILDING, 10 - 15","BRIDGEWATER SQUARE","","LONDON","CITY OF LONDON","GREATER LONDON","A","http://landregistry.data.gov.uk/data/ppi/transaction/38EDC0C3-25E1-0F63-E063-4704A8C00424/current"
"2859C1AC-FDF7-52B4-E063-4804A8C05948","660000","2024-06-24","EC2Y 8AH","F","N","L","FLAT 25","THE COBALT BUILDING, 10 - 15","BRIDGEWATER SQUARE","","LONDON","CITY OF LONDON","GREATER LONDON","B","http://landregistry.data.gov.uk/data/ppi/transaction/2859C1AC-FDF7-52B4-E063-4804A8C05948/current"
"55BDCAE6-4169-521D-E053-6B04A8C0DD7A","880000","2017-07-13","EC2Y 8AH","F","N","L","FLAT 30","THE COBALT BUILDING, 10 - 15","BRIDGEWATER SQUARE","","LONDON","CITY OF LONDON","GREATER LONDON","A","http://landregistry.data.gov.uk/data/ppi/transaction/55BDCAE6-4169-521D-E053-6B04A8C0DD7A/current"
"38EDC0C3-25E2-0F63-E063-4704A8C00424","635000","2025-03-27","EC2Y 8AH","F","N","L","FLAT 32","THE COBALT BUILDING, 10 - 15","BRIDGEWATER SQUARE","","LONDON","CITY OF LONDON","GREATER LONDON","A","http://landregistry.data.gov.uk/data/ppi/transaction/38EDC0C3-25E2-0F63-E063-4704A8C00424/current"
"C3C3F9B6-102E-362B-E053-6B04A8C03ACC","613500","2021-03-31","EC2Y 8AH","F","N","L","FLAT 32","THE COBALT BUILDING, 10 - 15","BRIDGEWATER SQUARE","","LONDON","CITY OF LONDON","GREATER LONDON","A","http://landregistry.data.gov.uk/data/ppi/transaction/C3C3F9B6-102E-362B-E053-6B04A8C03ACC/current"
"01EB45F0-00B4-40F3-E063-4704A8C05FDE","688888","2023-06-28","EC2Y 8AH","F","N","L","FLAT 43","THE COBALT BUILDING, 10 - 15","BRIDGEWATER SQUARE","","LONDON","CITY OF LONDON","GREATER LONDON","A","http://landregistry.data.gov.uk/data/ppi/transaction/01EB45F0-00B4-40F3-E063-4704A8C05FDE/current"
"D4D42646-1192-27F6-E053-6C04A8C0A572","625000","2021-06-11","EC2Y 8AH","F","N","L","FLAT 50","THE COBALT BUILDING, 10 - 15","BRIDGEWATER SQUARE","","LONDON","CITY OF LONDON","GREATER LONDON","A","http://landregistry.data.gov.uk/data/ppi/transaction/D4D42646-1192-27F6-E053-6C04A8C0A572/current"
"2ACACE8D-12C4-295E-E063-4804A8C0B0EB","650000","2024-11-22","EC2Y 8AH","F","N","L","FLAT 51","THE COBALT BUILDING, 10 - 15","BRIDGEWATER SQUARE","","LONDON","CITY OF LONDON","GREATER LONDON","A","http://landregistry.data.gov.uk/data/ppi/transaction/2ACACE8D-12C4-295E-E063-4804A8C0B0EB/current"
"47844C80-9F14-8986-E050-A8C063056488","2050000","2016-10-21","EC2Y 8AL","O","Y","L","","7","SILK STREET","","LONDON","CITY OF LONDON","GREATER LONDON","B","http://landregistry.data.gov.uk/data/ppi/transaction/47844C80-9F14-8986-E050-A8C063056488/current"
"34428D7E-C1EB-B86C-E050-A8C06205059C","380000","2016-04-22","EC2Y 8AL","O","N","L","","7","SILK STREET","","LONDON","CITY OF LONDON","GREATER LONDON","B","http://landregistry.data.gov.uk/data/ppi/transaction/34428D7E-C1EB-B86C-E050-A8C06205059C/current"
"DBA933F9-BC2B-669D-E053-6B04A8C0AD56","1285000","2021-04-16","EC2Y 8AT","F","N","L","FLAT 1","SPEED HOUSE","BARBICAN","","LONDON","CITY OF LONDON","GREATER LONDON","A","http://landregistry.data.gov.uk/data/ppi/transaction/DBA933F9-BC2B-669D-E053-6B04A8C0AD56/current"
"5A9D8B55-73D3-68EB-E053-6B04A8C0D293","849950","2017-09-15","EC2Y 8AT","F","N","L","FLAT 14","SPEED HOUSE","BARBICAN","","LONDON","CITY OF LONDON","GREATER LONDON","A","http://landregistry.data.gov.uk/data/ppi/transaction/5A9D8B55-73D3-68EB-E053-6B04A8C0D293/current"
"49E87C31-873F-591C-E063-4704A8C00C31","975000","2025-09-10","EC2Y 8AT","F","N","L","FLAT 23","SPEED HOUSE","BARBICAN","","LONDON","CITY OF LONDON","GREATER LONDON","A","http://landregistry.data.gov.uk/data/ppi/transaction/49E87C31-873F-591C-E063-4704A8C00C31/current"
"85866A65-07E7-143F-E053-6B04A8C06A15","920000","2019-03-18","EC2Y 8AT","F","N","L","FLAT 23","SPEED HOUSE","BARBICAN","","LONDON","CITY OF LONDON","GREATER LONDON","A","http://landregistry.data.gov.uk/data/ppi/transaction/85866A65-07E7-143F-E053-6B04A8C06A15/current"
"C18F412A-72DA-81A6-E053-6B04A8C0AD18","910000","2021-01-29","EC2Y 8AT","F","N","L","FLAT 24","SPEED HOUSE","BARBICAN","","LONDON","CITY OF LONDON","GREATER LONDON","A","http://landregistry.data.gov.uk/data/ppi/transaction/C18F412A-72DA-81A6-E053-6B04A8C0AD18/current"
"61D8894D-91A6-3DE6-E053-6C04A8C01207","865000","2017-09-04","EC2Y 8AT","F","N","L","FLAT 24","SPEED HOUSE","BARBICAN","","LONDON","CITY OF LONDON","GREATER LONDON","A","http://landregistry.data.gov.uk/data/ppi/transaction/61D8894D-91A6-3DE6-E053-6C04A8C01207/current"
"8355F009-3EAC-55C5-E053-6B04A8C0D090","747500","2019-02-01","EC2Y 8AT","F","N","L","FLAT 29","SPEED HOUSE","BARBICAN","","LONDON","CITY OF LONDON","GREATER LONDON","A","http://landregistry.data.gov.uk/data/ppi/transaction/8355F009-3EAC-55C5-E053-6B04A8C0D090/current"
"8CAC1317-E522-0253-E053-6B04A8C08E51","900000","2018-09-07","EC2Y 8AT","F","N","L","FLAT 34","SPEED HOUSE","BARBICAN","","LONDON","CITY OF LONDON","GREATER LONDON","A","http://landregistry.data.gov.uk/data/ppi/transaction/8CAC1317-E522-0253-E053-6B04A8C08E51/current"
"1C3E72FD-C511-F410-E063-4804A8C0DFA6","974000","2024-02-07","EC2Y 8AT","F","N","L","FLAT 37","SPEED HOUSE","BARBICAN","","LONDON","CITY OF LONDON","GREATER LONDON","A","http://landregistry.data.gov.uk/data/ppi/transaction/1C3E72FD-C511-F410-E063-4804A8C0DFA6/current"
"0B853950-350F-69A5-E063-4704A8C07DAC","950000","2023-10-25","EC2Y 8AT","F","N","L","FLAT 43","SPEED HOUSE","BARBICAN","","LONDON","CITY OF LONDON","GREATER LONDON","A","http://landregistry.data.gov.uk/data/ppi/transaction/0B853950-350F-69A5-E063-4704A8C07DAC/current"
"3B7E0B8F-6F8E-EA99-E050-A8C062057E77","950000","2016-07-26","EC2Y 8AT","F","N","L","FLAT 44","SPEED HOUSE","BARBICAN","","LONDON","CITY OF LONDON","GREATER LONDON","A","http://landregistry.data.gov.uk/data/ppi/transaction/3B7E0B8F-6F8E-EA99-E050-A8C062057E77/current"
"49B7852A-4AC1-7921-E050-A8C063056E8D","830000","2017-02-07","EC2Y 8AT","F","N","L","FLAT 46","SPEED HOUSE","BARBICAN","","LONDON","CITY OF LONDON","GREATER LONDON","A","http://landregistry.data.gov.uk/data/ppi/transaction/49B7852A-4AC1-7921-E050-A8C063056E8D/current"
"34222871-E906-4D2B-E063-4704A8C07853","765000","2025-03-27","EC2Y 8AT","F","N","L","FLAT 47","SPEED HOUSE","BARBICAN","","LONDON","CITY OF LONDON","GREATER LONDON","A","http://landregistry.data.gov.uk/data/ppi/transaction/34222871-E906-4D2B-E063-4704A8C07853/current"
"75050A84-A8D6-9A88-E053-6B04A8C02390","835000","2018-08-06","EC2Y 8AT","F","N","L","FLAT 48","SPEED HOUSE","BARBICAN","","LONDON","CITY OF LONDON","GREATER LONDON","A","http://landregistry.data.gov.uk/data/ppi/transaction/75050A84-A8D6-9A88-E053-6B04A8C02390/current"
"49B7852A-4978-7921-E050-A8C063056E8D","925000","2017-02-13","EC2Y 8AT","F","N","L","FLAT 51","SPEED HOUSE","BARBICAN","","LONDON","CITY OF LONDON","GREATER LONDON","A","http://landregistry.data.gov.uk/data/ppi/transaction/49B7852A-4978-7921-E050-A8C063056E8D/current"
"9DBAD221-4D68-6EB3-E053-6B04A8C0F257","965000","2019-12-20","EC2Y 8AT","F","N","L","FLAT 52","SPEED HOUSE","BARBICAN","","LONDON","CITY OF LONDON","GREATER LONDON","A","http://landregistry.data.gov.uk/data/ppi/transaction/9DBAD221-4D68-6EB3-E053-6B04A8C0F257/current"
"5CF9903B-796A-7F13-E053-6C04A8C074B1","875000","2017-06-23","EC2Y 8AT","F","N","L","FLAT 52","SPEED HOUSE","BARBICAN","","LONDON","CITY OF LONDON","GREATER LONDON","A","http://landregistry.data.gov.uk/data/ppi/transaction/5CF9903B-796A-7F13-E053-6C04A8C074B1/current"
"726BF13B-0E20-0A46-E053-6C04A8C01D0D","925000","2018-05-25","EC2Y 8AT","F","N","L","FLAT 53","SPEED HOUSE","BARBICAN","","LONDON","CITY OF LONDON","GREATER LONDON","A","http://landregistry.data.gov.uk/data/ppi/transaction/726BF13B-0E20-0A46-E053-6C04A8C01D0D/current"
"3E0330F0-16BD-8D89-E050-A8C062052140","800000","2016-09-19","EC2Y 8AT","F","N","L","FLAT 54","SPEED HOUSE","BARBICAN","","LONDON","CITY OF LONDON","GREATER LONDON","A","http://landregistry.data.gov.uk/data/ppi/transaction/3E0330F0-16BD-8D89-E050-A8C062052140/current"
"402A3A65-77EB-A7DF-E063-4804A8C0B80D","910000","2025-09-08","EC2Y 8AT","F","N","L","FLAT 56","SPEED HOUSE","BARBICAN","","LONDON","CITY OF LONDON","GREATER LONDON","A","http://landregistry.data.gov.uk/data/ppi/transaction/402A3A65-77EB-A7DF-E063-4804A8C0B80D/current"
"68FEB20B-BFA8-38DA-E053-6C04A8C051AE","885000","2018-01-26","EC2Y 8AT","F","N","L","FLAT 56","SPEED HOUSE","BARBICAN","","LONDON","CITY OF LONDON","GREATER LONDON","A","http://landregistry.data.gov.uk/data/ppi/transaction/68FEB20B-BFA8-38DA-E053-6C04A8C051AE/current"
"3E0330F0-184F-8D89-E050-A8C062052140","790000","2016-09-05","EC2Y 8AT","F","N","L","FLAT 61","SPEED HOUSE","BARBICAN","","LONDON","CITY OF LONDON","GREATER LONDON","A","http://landregistry.data.gov.uk/data/ppi/transaction/3E0330F0-184F-8D89-E050-A8C062052140/current"
"C3C3F9B6-10A1-362B-E053-6B04A8C03ACC","830000","2021-03-08","EC2Y 8AU","F","N","L","FLAT 101","SPEED HOUSE","BARBICAN","","LONDON","CITY OF LONDON","GREATER LONDON","A","http://landregistry.data.gov.uk/data/ppi/transaction/C3C3F9B6-10A1-362B-E053-6B04A8C03ACC/current"
"8A78B2AF-D3B0-5CB0-E053-6B04A8C0F504","950000","2019-04-15","EC2Y 8AU","F","N","L","FLAT 103","SPEED HOUSE","BARBICAN","","LONDON","CITY OF LONDON","GREATER LONDON","A","http://landregistry.data.gov.uk/data/ppi/transaction/8A78B2AF-D3B0-5CB0-E053-6B04A8C0F504/current"
"42A5A709-7E86-56E8-E050-A8C06205331E","835000","2016-11-03","EC2Y 8AU","F","N","L","FLAT 104","SPEED HOUSE","BARBICAN","","LONDON","CITY OF LONDON","GREATER LONDON","A","http://landregistry.data.gov.uk/data/ppi/transaction/42A5A709-7E86-56E8-E050-A8C06205331E/current"
"402A3A65-7817-A7DF-E063-4804A8C0B80D","740000","2025-06-26","EC2Y 8AU","F","N","L","FLAT 107","SPEED HOUSE","BARBICAN","","LONDON","CITY OF LONDON","GREATER LONDON","A","http://landregistry.data.gov.uk/data/ppi/transaction/402A3A65-7817-A7DF-E063-4804A8C0B80D/current"
"EED73E75-E741-6AF3-E053-6C04A8C08ABA","995000","2022-10-19","EC2Y 8AU","F","N","L","FLAT 109","SPEED HOUSE","BARBICAN","","LONDON","CITY OF LONDON","GREATER LONDON","A","http://landregistry.data.gov.uk/data/ppi/transaction/EED73E75-E741-6AF3-E053-6C04A8C08ABA/current"
"045A1898-D557-9A24-E063-4804A8C048EA","890000","2023-07-28","EC2Y 8AU","F","N","L","FLAT 65","SPEED HOUSE","BARBICAN","","LONDON","CITY OF LONDON","GREATER LONDON","A","http://landregistry.data.gov.uk/data/ppi/transaction/045A1898-D557-9A24-E063-4804A8C048EA/current"
"2FD36065-D094-4BF8-E050-A8C0620562B1","925000","2016-02-12","EC2Y 8AU","F","N","L","FLAT 65","SPEED HOUSE","BARBICAN","","LONDON","CITY OF LONDON","GREATER LONDON","A","http://landregistry.data.gov.uk/data/ppi/transaction/2FD36065-D094-4BF8-E050-A8C0620562B1/current"
"A71375FD-D684-7576-E053-6C04A8C0462F","845000","2020-02-27","EC2Y 8AU","F","N","L","FLAT 68","SPEED HOUSE","BARBICAN","","LONDON","CITY OF LONDON","GREATER LONDON","A","http://landregistry.data.gov.uk/data/ppi/transaction/A71375FD-D684-7576-E053-6C04A8C0462F/current"
"D707E535-A8E4-0AD9-E053-6B04A8C067CC","820000","2021-12-15","EC2Y 8AU","F","N","L","FLAT 74","SPEED HOUSE","BARBICAN","","LONDON","CITY OF LONDON","GREATER LONDON","A","http://landregistry.data.gov.uk/data/ppi/transaction/D707E535-A8E4-0AD9-E053-6B04A8C067CC/current"
"61D8894E-2590-3DE6-E053-6C04A8C01207","830000","2017-12-01","EC2Y 8AU","F","N","L","FLAT 77","SPEED HOUSE","BARBICAN","","LONDON","CITY OF LONDON","GREATER LONDON","A","http://landregistry.data.gov.uk/data/ppi/transaction/61D8894E-2590-3DE6-E053-6C04A8C01207/current"
"2131FCF6-463D-86E8-E063-4804A8C0372B","788000","2024-08-05","EC2Y 8AU","F","N","L","FLAT 78","SPEED HOUSE","BARBICAN","","LONDON","CITY OF LONDON","GREATER LONDON","A","http://landregistry.data.gov.uk/data/ppi/transaction/2131FCF6-463D-86E8-E063-4804A8C0372B/current"
"D707E535-A8CB-0AD9-E053-6B04A8C067CC","790000","2021-08-06","EC2Y 8AU","F","N","L","FLAT 83","SPEED HOUSE","BARBICAN","","LONDON","CITY OF LONDON","GREATER LONDON","A","http://landregistry.data.gov.uk/data/ppi/transaction/D707E535-A8CB-0AD9-E053-6B04A8C067CC/current"
"49E87C32-3445-591C-E063-4704A8C00C31","820000","2025-12-17","EC2Y 8AU","F","N","L","FLAT 91","SPEED HOUSE","BARBICAN","","LONDON","CITY OF LONDON","GREATER LONDON","A","http://landregistry.data.gov.uk/data/ppi/transaction/49E87C32-3445-591C-E063-4704A8C00C31/current"
"42A5A709-7E92-56E8-E050-A8C06205331E","810000","2016-10-31","EC2Y 8AU","F","N","L","FLAT 93","SPEED HOUSE","BARBICAN","","LONDON","CITY OF LONDON","GREATER LONDON","A","http://landregistry.data.gov.uk/data/ppi/transaction/42A5A709-7E92-56E8-E050-A8C06205331E/current"
"D93B27B0-35D0-3100-E053-6C04A8C08887","800000","2020-12-08","EC2Y 8AU","F","N","L","FLAT 94","SPEED HOUSE","BARBICAN","","LONDON","CITY OF LONDON","GREATER LONDON","A","http://landregistry.data.gov.uk/data/ppi/transaction/D93B27B0-35D0-3100-E053-6C04A8C08887/current"
"2D4D7608-9137-BDF9-E063-4804A8C0672F","895000","2024-09-06","EC2Y 8AU","F","N","L","FLAT 96","SPEED HOUSE","BARBICAN","","LONDON","CITY OF LONDON","GREATER LONDON","A","http://landregistry.data.gov.uk/data/ppi/transaction/2D4D7608-9137-BDF9-E063-4804A8C0672F/current"
"06C9F487-184D-9388-E063-4804A8C0BD98","895000","2023-07-04","EC2Y 8AU","F","N","L","FLAT 99","SPEED HOUSE","BARBICAN","","LONDON","CITY OF LONDON","GREATER LONDON","A","http://landregistry.data.gov.uk/data/ppi/transaction/06C9F487-184D-9388-E063-4804A8C0BD98/current"
"4C4EDFFE-EEC2-1854-E050-A8C063054F34","895000","2016-11-25","EC2Y 8AU","F","N","L","FLAT 99","SPEED HOUSE","BARBICAN","","LONDON","CITY OF LONDON","GREATER LONDON","A","http://landregistry.data.gov.uk/data/ppi/transaction/4C4EDFFE-EEC2-1854-E050-A8C063054F34/current"
"5CF9903C-3C6C-7F13-E053-6C04A8C074B1","850000","2017-09-15","EC2Y 8AX","F","N","L","FLAT 10","ANDREWES HOUSE","BARBICAN","","LONDON","CITY OF LONDON","GREATER LONDON","A","http://landregistry.data.gov.uk/data/ppi/transaction/5CF9903C-3C6C-7F13-E053-6C04A8C074B1/current"
"87E1551D-DC2B-6405-E053-6C04A8C0B2EE","935000","2019-04-15","EC2Y 8AX","F","N","L","FLAT 12","ANDREWES HOUSE","BARBICAN","","LONDON","CITY OF LONDON","GREATER LONDON","A","http://landregistry.data.gov.uk/data/ppi/transaction/87E1551D-DC2B-6405-E053-6C04A8C0B2EE/current"
"EC7AD099-3C61-9200-E053-6C04A8C0E306","850000","2022-07-07","EC2Y 8AX","F","N","L","FLAT 17","ANDREWES HOUSE","BARBICAN","","LONDON","CITY OF LONDON","GREATER LONDON","A","http://landregistry.data.gov.uk/data/ppi/transaction/EC7AD099-3C61-9200-E053-6C04A8C0E306/current"
"8355F009-3EA1-55C5-E053-6B04A8C0D090","845000","2019-01-09","EC2Y 8AX","F","N","L","FLAT 19","ANDREWES HOUSE","BARBICAN","","LONDON","CITY OF LONDON","GREATER LONDON","A","http://landregistry.data.gov.uk/data/ppi/transaction/8355F009-3EA1-55C5-E053-6B04A8C0D090/current"
"42C129E4-29DB-60A9-E063-4804A8C0C25D","910000","2024-09-19","EC2Y 8AX","F","N","L","FLAT 20","ANDREWES HOUSE","BARBICAN","","LONDON","CITY OF LONDON","GREATER LONDON","A","http://landregistry.data.gov.uk/data/ppi/transaction/42C129E4-29DB-60A9-E063-4804A8C0C25D/current"
"402A3A66-26CB-A7DF-E063-4804A8C0B80D","700000","2025-08-26","EC2Y 8AX","F","N","L","FLAT 23","ANDREWES HOUSE","BARBICAN","","LONDON","CITY OF LONDON","GREATER LONDON","A","http://landregistry.data.gov.uk/data/ppi/transaction/402A3A66-26CB-A7DF-E063-4804A8C0B80D/current"
"7C2D0700-66CB-4963-E053-6B04A8C07B97","530000","2018-10-26","EC2Y 8AX","F","N","L","FLAT 24","ANDREWES HOUSE","BARBICAN","","LONDON","CITY OF LONDON","GREATER LONDON","A","http://landregistry.data.gov.uk/data/ppi/transaction/7C2D0700-66CB-4963-E053-6B04A8C07B97/current"
"38EDC0C2-9578-0F63-E063-4704A8C00424","470000","2025-01-08","EC2Y 8AX","F","N","L","FLAT 26","ANDREWES HOUSE","BARBICAN","","LONDON","CITY OF LONDON","GREATER LONDON","A","http://landregistry.data.gov.uk/data/ppi/transaction/38EDC0C2-9578-0F63-E063-4704A8C00424/current"
"FD226036-0CFF-4CB7-E053-4804A8C00430","865000","2023-04-05","EC2Y 8AX","F","N","L","FLAT 29","ANDREWES HOUSE","BARBICAN","","LONDON","CITY OF LONDON","GREATER LONDON","A","http://landregistry.data.gov.uk/data/ppi/transaction/FD226036-0CFF-4CB7-E053-4804A8C00430/current"
"7C2D06FF-F618-4963-E053-6B04A8C07B97","995000","2018-10-18","EC2Y 8AX","F","N","L","FLAT 3","ANDREWES HOUSE","BARBICAN","","LONDON","CITY OF LONDON","GREATER LONDON","A","http://landregistry.data.gov.uk/data/ppi/transaction/7C2D06FF-F618-4963-E053-6B04A8C07B97/current"
"5A9D8B55-734C-68EB-E053-6B04A8C0D293","855000","2017-08-22","EC2Y 8AX","F","N","L","FLAT 30","ANDREWES HOUSE","BARBICAN","","LONDON","CITY OF LONDON","GREATER LONDON","A","http://landregistry.data.gov.uk/data/ppi/transaction/5A9D8B55-734C-68EB-E053-6B04A8C0D293/current"
"3E0330F0-18D8-8D89-E050-A8C062052140","855000","2016-08-31","EC2Y 8AX","F","N","L","FLAT 34","ANDREWES HOUSE","BARBICAN","","LONDON","CITY OF LONDON","GREATER LONDON","A","http://landregistry.data.gov.uk/data/ppi/transaction/3E0330F0-18D8-8D89-E050-A8C062052140/current"
"CFC9085C-41E8-9A70-E053-6B04A8C09D6A","790000","2021-06-18","EC2Y 8AX","F","N","L","FLAT 37","ANDREWES HOUSE","BARBICAN","","LONDON","CITY OF LONDON","GREATER LONDON","A","http://landregistry.data.gov.uk/data/ppi/transaction/CFC9085C-41E8-9A70-E053-6B04A8C09D6A/current"
"3E0330EF-52A2-8D89-E050-A8C062052140","840000","2016-04-13","EC2Y 8AX","F","N","L","FLAT 37","ANDREWES HOUSE","BARBICAN","","LONDON","CITY OF LONDON","GREATER LONDON","A","http://landregistry.data.gov.uk/data/ppi/transaction/3E0330EF-52A2-8D89-E050-A8C062052140/current"
"50F18103-525C-9FD5-E050-A8C063054923","755000","2017-04-20","EC2Y 8AX","F","N","L","FLAT 44","ANDREWES HOUSE","BARBICAN","","LONDON","CITY OF LONDON","GREATER LONDON","A","http://landregistry.data.gov.uk/data/ppi/transaction/50F18103-525C-9FD5-E050-A8C063054923/current"
"E2D14905-CA86-4C2D-E053-6B04A8C0422B","670000","2022-06-01","EC2Y 8AX","F","N","L","FLAT 45","ANDREWES HOUSE","BARBICAN","","LONDON","CITY OF LONDON","GREATER LONDON","A","http://landregistry.data.gov.uk/data/ppi/transaction/E2D14905-CA86-4C2D-E053-6B04A8C0422B/current"
"38EDC0C3-AEE1-0F63-E063-4704A8C00424","850000","2025-06-05","EC2Y 8AX","O","N","L","FLAT 49","ANDREWES HOUSE","BARBICAN","","LONDON","CITY OF LONDON","GREATER LONDON","B","http://landregistry.data.gov.uk/data/ppi/transaction/38EDC0C3-AEE1-0F63-E063-4704A8C00424/current"
"C8A3A576-6D11-0425-E053-6C04A8C0947B","699000","2021-06-04","EC2Y 8AX","F","N","L","FLAT 51","ANDREWES HOUSE","BARBICAN","","LONDON","CITY OF LONDON","GREATER LONDON","A","http://landregistry.data.gov.uk/data/ppi/transaction/C8A3A576-6D11-0425-E053-6C04A8C0947B/current"
"C8A3A576-6D4E-0425-E053-6C04A8C0947B","835000","2021-06-14","EC2Y 8AX","F","N","L","FLAT 52","ANDREWES HOUSE","BARBICAN","","LONDON","CITY OF LONDON","GREATER LONDON","A","http://landregistry.data.gov.uk/data/ppi/transaction/C8A3A576-6D4E-0425-E053-6C04A8C0947B/current"
"8355F009-3E80-55C5-E053-6B04A8C0D090","835000","2019-01-31","EC2Y 8AX","F","N","L","FLAT 53","ANDREWES HOUSE","BARBICAN","","LONDON","CITY OF LONDON","GREATER LONDON","A","http://landregistry.data.gov.uk/data/ppi/transaction/8355F009-3E80-55C5-E053-6B04A8C0D090/current"
"FAC30766-CF58-5E20-E053-4704A8C004EE","850000","2023-02-24","EC2Y 8AX","F","N","L","FLAT 57","ANDREWES HOUSE","BARBICAN","","LONDON","CITY OF LONDON","GREATER LONDON","A","http://landregistry.data.gov.uk/data/ppi/transaction/FAC30766-CF58-5E20-E053-4704A8C004EE/current"
"1775CCF6-DAEB-38BA-E063-4704A8C05A7C","585000","2022-11-04","EC2Y 8AX","F","N","L","FLAT A","ANDREWES HOUSE","BARBICAN","","LONDON","CITY OF LONDON","GREATER LONDON","A","http://landregistry.data.gov.uk/data/ppi/transaction/1775CCF6-DAEB-38BA-E063-4704A8C05A7C/current"
"EED73E75-1E4E-6AF3-E053-6C04A8C08ABA","775000","2021-08-27","EC2Y 8AY","F","N","L","FLAT 103","ANDREWES HOUSE","BARBICAN","","LONDON","CITY OF LONDON","GREATER LONDON","A","http://landregistry.data.gov.uk/data/ppi/transaction/EED73E75-1E4E-6AF3-E053-6C04A8C08ABA/current"
"E53EDD2D-48F0-83EC-E053-6B04A8C03A59","810000","2022-07-08","EC2Y 8AY","F","N","L","FLAT 107","ANDREWES HOUSE","BARBICAN","","LONDON","CITY OF LONDON","GREATER LONDON","A","http://landregistry.data.gov.uk/data/ppi/transaction/E53EDD2D-48F0-83EC-E053-6B04A8C03A59/current"
"79A74E21-E2A5-1289-E053-6B04A8C01627","800000","2018-10-18","EC2Y 8AY","F","N","L","FLAT 107","ANDREWES HOUSE","BARBICAN","","LONDON","CITY OF LONDON","GREATER LONDON","A","http://landregistry.data.gov.uk/data/ppi/transaction/79A74E21-E2A5-1289-E053-6B04A8C01627/current"
"A96E4ACC-5FA9-9205-E053-6C04A8C0DA09","780000","2020-05-06","EC2Y 8AY","F","N","L","FLAT 112","ANDREWES HOUSE","BARBICAN","","LONDON","CITY OF LONDON","GREATER LONDON","A","http://landregistry.data.gov.uk/data/ppi/transaction/A96E4ACC-5FA9-9205-E053-6C04A8C0DA09/current"
"34222871-E928-4D2B-E063-4704A8C07853","995000","2025-03-17","EC2Y 8AY","F","N","L","FLAT 121","ANDREWES HOUSE","BARBICAN","","LONDON","CITY OF LONDON","GREATER LONDON","A","http://landregistry.data.gov.uk/data/ppi/transaction/34222871-E928-4D2B-E063-4704A8C07853/current"
"2AC10E4F-CCEA-1AF6-E050-A8C063052BA1","830000","2016-01-15","EC2Y 8AY","F","N","L","FLAT 121","ANDREWES HOUSE","BARBICAN","","LONDON","CITY OF LONDON","GREATER LONDON","A","http://landregistry.data.gov.uk/data/ppi/transaction/2AC10E4F-CCEA-1AF6-E050-A8C063052BA1/current"
"402A3A66-BB26-A7DF-E063-4804A8C0B80D","920000","2024-09-06","EC2Y 8AY","F","N","L","FLAT 123","ANDREWES HOUSE","BARBICAN","","LONDON","CITY OF LONDON","GREATER LONDON","B","http://landregistry.data.gov.uk/data/ppi/transaction/402A3A66-BB26-A7DF-E063-4804A8C0B80D/current"
"31FB4C17-B2C5-57B9-E050-A8C063053436","949950","2016-03-30","EC2Y 8AY","F","N","L","FLAT 125","ANDREWES HOUSE","BARBICAN","","LONDON","CITY OF LONDON","GREATER LONDON","A","http://landregistry.data.gov.uk/data/ppi/transaction/31FB4C17-B2C5-57B9-E050-A8C063053436/current"
"FAC30767-5531-5E20-E053-4704A8C004EE","925000","2022-10-26","EC2Y 8AY","F","N","L","FLAT 126","ANDREWES HOUSE","BARBICAN","","LONDON","CITY OF LONDON","GREATER LONDON","A","http://landregistry.data.gov.uk/data/ppi/transaction/FAC30767-5531-5E20-E053-4704A8C004EE/current"
"6DA0844A-2D3C-30F2-E053-6B04A8C05F3B","825000","2018-04-12","EC2Y 8AY","F","N","L","FLAT 127","ANDREWES HOUSE","BARBICAN","","LONDON","CITY OF LONDON","GREATER LONDON","A","http://landregistry.data.gov.uk/data/ppi/transaction/6DA0844A-2D3C-30F2-E053-6B04A8C05F3B/current"
"C8A3A576-E9C1-0425-E053-6C04A8C0947B","800000","2021-03-31","EC2Y 8AY","F","N","L","FLAT 61","ANDREWES HOUSE","BARBICAN","","LONDON","CITY OF LONDON","GREATER LONDON","B","http://landregistry.data.gov.uk/data/ppi/transaction/C8A3A576-E9C1-0425-E053-6C04A8C0947B/current"
"2D1E4B26-95FB-FCD1-E050-A8C0630544EC","845000","2016-02-02","EC2Y 8AY","F","N","L","FLAT 65","ANDREWES HOUSE","BARBICAN","","LONDON","CITY OF LONDON","GREATER LONDON","A","http://landregistry.data.gov.uk/data/ppi/transaction/2D1E4B26-95FB-FCD1-E050-A8C0630544EC/current"
"DE2D0CDF-F7AB-51EE-E053-6C04A8C00671","805000","2021-11-09","EC2Y 8AY","F","N","L","FLAT 69","ANDREWES HOUSE","BARBICAN","","LONDON","CITY OF LONDON","GREATER LONDON","A","http://landregistry.data.gov.uk/data/ppi/transaction/DE2D0CDF-F7AB-51EE-E053-6C04A8C00671/current"
"B32EBB13-BBF0-3C99-E053-6C04A8C09CA1","817000","2020-08-11","EC2Y 8AY","F","N","L","FLAT 72","ANDREWES HOUSE","BARBICAN","","LONDON","CITY OF LONDON","GREATER LONDON","A","http://landregistry.data.gov.uk/data/ppi/transaction/B32EBB13-BBF0-3C99-E053-6C04A8C09CA1/current"
"31FB4C17-AD4F-57B9-E050-A8C063053436","880000","2016-03-31","EC2Y 8AY","F","N","L","FLAT 78","ANDREWES HOUSE","BARBICAN","","LONDON","CITY OF LONDON","GREATER LONDON","A","http://landregistry.data.gov.uk/data/ppi/transaction/31FB4C17-AD4F-57B9-E050-A8C063053436/current"
"34222871-E8BE-4D2B-E063-4704A8C07853","800000","2024-10-30","EC2Y 8AY","F","N","L","FLAT 81","ANDREWES HOUSE","BARBICAN","","LONDON","CITY OF LONDON","GREATER LONDON","A","http://landregistry.data.gov.uk/data/ppi/transaction/34222871-E8BE-4D2B-E063-4704A8C07853/current"
"369DFB15-FE82-3A19-E050-A8C0620518C6","785000","2016-06-03","EC2Y 8AY","F","N","L","FLAT 81","ANDREWES HOUSE","BARBICAN","","LONDON","CITY OF LONDON","GREATER LONDON","B","http://landregistry.data.gov.uk/data/ppi/transaction/369DFB15-FE82-3A19-E050-A8C0620518C6/current"
"582D0637-48A1-8F22-E053-6C04A8C01BAC","835000","2017-07-26","EC2Y 8AY","F","N","L","FLAT 84","ANDREWES HOUSE","BARBICAN","","LONDON","CITY OF LONDON","GREATER LONDON","A","http://landregistry.data.gov.uk/data/ppi/transaction/582D0637-48A1-8F22-E053-6C04A8C01BAC/current"
"34222872-9197-4D2B-E063-4704A8C07853","830000","2025-03-31","EC2Y 8AY","F","N","L","FLAT 85","ANDREWES HOUSE","BARBICAN","","LONDON","CITY OF LONDON","GREATER LONDON","A","http://landregistry.data.gov.uk/data/ppi/transaction/34222872-9197-4D2B-E063-4704A8C07853/current"
"34222871-E77B-4D2B-E063-4704A8C07853","925000","2025-03-31","EC2Y 8AY","F","N","L","FLAT 90","ANDREWES HOUSE","BARBICAN","","LONDON","CITY OF LONDON","GREATER LONDON","A","http://landregistry.data.gov.uk/data/ppi/transaction/34222871-E77B-4D2B-E063-4704A8C07853/current"
"F16F63C5-5824-0491-E053-6C04A8C032ED","850000","2022-03-10","EC2Y 8AY","F","N","L","FLAT 94","ANDREWES HOUSE","BARBICAN","","LONDON","CITY OF LONDON","GREATER LONDON","A","http://landregistry.data.gov.uk/data/ppi/transaction/F16F63C5-5824-0491-E053-6C04A8C032ED/current"
"4777E0AE-4784-5D59-E063-4804A8C09F8E","725000","2025-10-31","EC2Y 8AY","F","N","L","FLAT 98","ANDREWES HOUSE","BARBICAN","","LONDON","CITY OF LONDON","GREATER LONDON","A","http://landregistry.data.gov.uk/data/ppi/transaction/4777E0AE-4784-5D59-E063-4804A8C09F8E/current"
"919FEC04-D20A-9A90-E053-6C04A8C0A300","895000","2019-08-20","EC2Y 8BA","F","N","L","FLAT 132","ANDREWES HOUSE","BARBICAN","","LONDON","CITY OF LONDON","GREATER LONDON","A","http://landregistry.data.gov.uk/data/ppi/transaction/919FEC04-D20A-9A90-E053-6C04A8C0A300/current"
"C3C3F9B6-1001-362B-E053-6B04A8C03ACC","800000","2021-02-26","EC2Y 8BA","F","N","L","FLAT 139","ANDREWES HOUSE","BARBICAN","","LONDON","CITY OF LONDON","GREATER LONDON","A","http://landregistry.data.gov.uk/data/ppi/transaction/C3C3F9B6-1001-362B-E053-6B04A8C03ACC/current"
"DBA933F9-BBE4-669D-E053-6B04A8C0AD56","810000","2022-02-25","EC2Y 8BA","F","N","L","FLAT 141","ANDREWES HOUSE","BARBICAN","","LONDON","CITY OF LONDON","GREATER LONDON","A","http://landregistry.data.gov.uk/data/ppi/transaction/DBA933F9-BBE4-669D-E053-6B04A8C0AD56/current"
"1061746E-3CEC-3C34-E063-4804A8C0F9E7","890000","2024-01-05","EC2Y 8BA","F","N","L","FLAT 143","ANDREWES HOUSE","BARBICAN","","LONDON","CITY OF LONDON","GREATER LONDON","A","http://landregistry.data.gov.uk/data/ppi/transaction/1061746E-3CEC-3C34-E063-4804A8C0F9E7/current"
"2AC10E4F-CD03-1AF6-E050-A8C063052BA1","825000","2016-01-15","EC2Y 8BA","F","N","L","FLAT 143","ANDREWES HOUSE","BARBICAN","","LONDON","CITY OF LONDON","GREATER LONDON","A","http://landregistry.data.gov.uk/data/ppi/transaction/2AC10E4F-CD03-1AF6-E050-A8C063052BA1/current"
"CB0035E6-7DAB-58AE-E053-6B04A8C091AF","807500","2021-04-30","EC2Y 8BA","O","N","L","FLAT 144","ANDREWES HOUSE","BARBICAN","","LONDON","CITY OF LONDON","GREATER LONDON","B","http://landregistry.data.gov.uk/data/ppi/transaction/CB0035E6-7DAB-58AE-E053-6B04A8C091AF/current"
"93E6821E-98B0-40FD-E053-6B04A8C0C1DF","880000","2019-09-19","EC2Y 8BA","F","N","L","FLAT 145","ANDREWES HOUSE","BARBICAN","","LONDON","CITY OF LONDON","GREATER LONDON","A","http://landregistry.data.gov.uk/data/ppi/transaction/93E6821E-98B0-40FD-E053-6B04A8C0C1DF/current"
"31FB4C17-AEE8-57B9-E050-A8C063053436","840000","2016-03-29","EC2Y 8BA","F","N","L","FLAT 145","ANDREWES HOUSE","BARBICAN","","LONDON","CITY OF LONDON","GREATER LONDON","A","http://landregistry.data.gov.uk/data/ppi/transaction/31FB4C17-AEE8-57B9-E050-A8C063053436/current"
"0B85394F-8AD3-69A5-E063-4704A8C07DAC","915000","2023-08-30","EC2Y 8BA","F","N","L","FLAT 146","ANDREWES HOUSE","BARBICAN","","LONDON","CITY OF LONDON","GREATER LONDON","A","http://landregistry.data.gov.uk/data/ppi/transaction/0B85394F-8AD3-69A5-E063-4704A8C07DAC/current"
"D4D42646-11CF-27F6-E053-6C04A8C0A572","805000","2021-09-13","EC2Y 8BA","F","N","L","FLAT 147","ANDREWES HOUSE","BARBICAN","","LONDON","CITY OF LONDON","GREATER LONDON","A","http://landregistry.data.gov.uk/data/ppi/transaction/D4D42646-11CF-27F6-E053-6C04A8C0A572/current"
"31FB4C17-ADFC-57B9-E050-A8C063053436","868000","2016-03-30","EC2Y 8BA","F","N","L","FLAT 154","ANDREWES HOUSE","BARBICAN","","LONDON","CITY OF LONDON","GREATER LONDON","A","http://landregistry.data.gov.uk/data/ppi/transaction/31FB4C17-ADFC-57B9-E050-A8C063053436/current"
"DE2D0CDF-4648-51EE-E053-6C04A8C00671","815000","2021-06-28","EC2Y 8BA","F","N","L","FLAT 156","ANDREWES HOUSE","BARBICAN","","LONDON","CITY OF LONDON","GREATER LONDON","A","http://landregistry.data.gov.uk/data/ppi/transaction/DE2D0CDF-4648-51EE-E053-6C04A8C00671/current"
"42A5A709-7E65-56E8-E050-A8C06205331E","915000","2016-01-25","EC2Y 8BA","F","N","L","FLAT 162","ANDREWES HOUSE","BARBICAN","","LONDON","CITY OF LONDON","GREATER LONDON","A","http://landregistry.data.gov.uk/data/ppi/transaction/42A5A709-7E65-56E8-E050-A8C06205331E/current"
"75050A85-6D65-9A88-E053-6B04A8C02390","870000","2018-07-16","EC2Y 8BA","F","N","L","FLAT 163","ANDREWES HOUSE","BARBICAN","","LONDON","CITY OF LONDON","GREATER LONDON","A","http://landregistry.data.gov.uk/data/ppi/transaction/75050A85-6D65-9A88-E053-6B04A8C02390/current"
"55BDCAE6-407C-521D-E053-6B04A8C0DD7A","775000","2017-07-10","EC2Y 8BA","F","N","L","FLAT 169","ANDREWES HOUSE","BARBICAN","","LONDON","CITY OF LONDON","GREATER LONDON","A","http://landregistry.data.gov.uk/data/ppi/transaction/55BDCAE6-407C-521D-E053-6B04A8C0DD7A/current"
"87E1551E-6885-6405-E053-6C04A8C0B2EE","705000","2018-12-07","EC2Y 8BA","F","N","L","FLAT 170","ANDREWES HOUSE","BARBICAN","","LONDON","CITY OF LONDON","GREATER LONDON","A","http://landregistry.data.gov.uk/data/ppi/transaction/87E1551E-6885-6405-E053-6C04A8C0B2EE/current"
"1A0C5C63-80F3-7CBE-E063-4804A8C06C96","900000","2024-05-17","EC2Y 8BA","F","N","L","FLAT 174","ANDREWES HOUSE","BARBICAN","","LONDON","CITY OF LONDON","GREATER LONDON","A","http://landregistry.data.gov.uk/data/ppi/transaction/1A0C5C63-80F3-7CBE-E063-4804A8C06C96/current"
"3E0330F0-16D7-8D89-E050-A8C062052140","850000","2016-07-22","EC2Y 8BA","F","N","L","FLAT 174","ANDREWES HOUSE","BARBICAN","","LONDON","CITY OF LONDON","GREATER LONDON","A","http://landregistry.data.gov.uk/data/ppi/transaction/3E0330F0-16D7-8D89-E050-A8C062052140/current"
"C8A3A576-6D33-0425-E053-6C04A8C0947B","780000","2021-06-28","EC2Y 8BA","F","N","L","FLAT 176","ANDREWES HOUSE","BARBICAN","","LONDON","CITY OF LONDON","GREATER LONDON","A","http://landregistry.data.gov.uk/data/ppi/transaction/C8A3A576-6D33-0425-E053-6C04A8C0947B/current"
"0B85394F-8FA2-69A5-E063-4704A8C07DAC","885000","2023-08-08","EC2Y 8BA","F","N","L","FLAT 179","ANDREWES HOUSE","BARBICAN","","LONDON","CITY OF LONDON","GREATER LONDON","A","http://landregistry.data.gov.uk/data/ppi/transaction/0B85394F-8FA2-69A5-E063-4704A8C07DAC/current"
"1EAE3DF6-C8D5-9EB1-E063-4704A8C09D02","865000","2024-06-28","EC2Y 8BA","F","N","L","FLAT 181","ANDREWES HOUSE","BARBICAN","","LONDON","CITY OF LONDON","GREATER LONDON","A","http://landregistry.data.gov.uk/data/ppi/transaction/1EAE3DF6-C8D5-9EB1-E063-4704A8C09D02/current"
"7C2D0700-680F-4963-E053-6B04A8C07B97","925000","2018-11-09","EC2Y 8BA","F","N","L","FLAT 182","ANDREWES HOUSE","BARBICAN","","LONDON","CITY OF LONDON","GREATER LONDON","A","http://landregistry.data.gov.uk/data/ppi/transaction/7C2D0700-680F-4963-E053-6B04A8C07B97/current"
"8A78B2AF-D3B8-5CB0-E053-6B04A8C0F504","772000","2019-04-26","EC2Y 8BA","F","N","L","FLAT 183","ANDREWES HOUSE","BARBICAN","","LONDON","CITY OF LONDON","GREATER LONDON","A","http://landregistry.data.gov.uk/data/ppi/transaction/8A78B2AF-D3B8-5CB0-E053-6B04A8C0F504/current"
"1A0C5C63-0377-7CBE-E063-4804A8C06C96","850000","2024-04-25","EC2Y 8BA","F","N","L","FLAT 186","ANDREWES HOUSE","BARBICAN","","LONDON","CITY OF LONDON","GREATER LONDON","A","http://landregistry.data.gov.uk/data/ppi/transaction/1A0C5C63-0377-7CBE-E063-4804A8C06C96/current"
"31C68071-B199-FEE3-E063-4804A8C04F37","950000","2024-11-01","EC2Y 8BD","F","N","L","FLAT 101","GILBERT HOUSE","BARBICAN","","LONDON","CITY OF LONDON","GREATER LONDON","A","http://landregistry.data.gov.uk/data/ppi/transaction/31C68071-B199-FEE3-E063-4804A8C04F37/current"
"CD5A9DCB-7B33-310A-E053-6C04A8C00A1F","632000","2021-04-23","EC2Y 8BD","F","N","L","FLAT 101","GILBERT HOUSE","BARBICAN","","LONDON","CITY OF LONDON","GREATER LONDON","A","http://landregistry.data.gov.uk/data/ppi/transaction/CD5A9DCB-7B33-310A-E053-6C04A8C00A1F/current"
"2D4D7608-917E-BDF9-E063-4804A8C0672F","1077500","2025-01-08","EC2Y 8BD","F","N","L","FLAT 106","GILBERT HOUSE","BARBICAN","","LONDON","CITY OF LONDON","GREATER LONDON","A","http://landregistry.data.gov.uk/data/ppi/transaction/2D4D7608-917E-BDF9-E063-4804A8C0672F/current"
"E073986B-834B-2134-E053-6C04A8C0233B","945000","2022-02-28","EC2Y 8BD","F","N","L","FLAT 108","GILBERT HOUSE","BARBICAN","","LONDON","CITY OF LONDON","GREATER LONDON","A","http://landregistry.data.gov.uk/data/ppi/transaction/E073986B-834B-2134-E053-6C04A8C0233B/current"
"2D4D7608-9339-BDF9-E063-4804A8C0672F","1100000","2024-09-23","EC2Y 8BD","F","N","L","FLAT 109","GILBERT HOUSE","BARBICAN","","LONDON","CITY OF LONDON","GREATER LONDON","A","http://landregistry.data.gov.uk/data/ppi/transaction/2D4D7608-9339-BDF9-E063-4804A8C0672F/current"
"79A74E21-E2C6-1289-E053-6B04A8C01627","1300000","2018-10-03","EC2Y 8BD","F","N","L","FLAT 202","GILBERT HOUSE","BARBICAN","","LONDON","CITY OF LONDON","GREATER LONDON","A","http://landregistry.data.gov.uk/data/ppi/transaction/79A74E21-E2C6-1289-E053-6B04A8C01627/current"
"2D1E4B26-94D5-FCD1-E050-A8C0630544EC","1005000","2016-02-05","EC2Y 8BD","F","N","L","FLAT 204","GILBERT HOUSE","BARBICAN","","LONDON","CITY OF LONDON","GREATER LONDON","A","http://landregistry.data.gov.uk/data/ppi/transaction/2D1E4B26-94D5-FCD1-E050-A8C0630544EC/current"
"CB0035E6-091C-58AE-E053-6B04A8C091AF","1050000","2021-08-09","EC2Y 8BD","F","N","L","FLAT 206","GILBERT HOUSE","BARBICAN","","LONDON","CITY OF LONDON","GREATER LONDON","A","http://landregistry.data.gov.uk/data/ppi/transaction/CB0035E6-091C-58AE-E053-6B04A8C091AF/current"
"045A1898-D4C5-9A24-E063-4804A8C048EA","950000","2023-08-10","EC2Y 8BD","F","N","L","FLAT 207","GILBERT HOUSE","BARBICAN","","LONDON","CITY OF LONDON","GREATER LONDON","A","http://landregistry.data.gov.uk/data/ppi/transaction/045A1898-D4C5-9A24-E063-4804A8C048EA/current"
"44F406B6-12D4-1095-E063-4704A8C048D4","925000","2025-07-01","EC2Y 8BD","F","N","L","FLAT 211","GILBERT HOUSE","BARBICAN","","LONDON","CITY OF LONDON","GREATER LONDON","A","http://landregistry.data.gov.uk/data/ppi/transaction/44F406B6-12D4-1095-E063-4704A8C048D4/current"
"3B5CE841-61F0-EE3A-E063-4804A8C0D6F1","928800","2025-02-07","EC2Y 8BD","F","N","L","FLAT 212","GILBERT HOUSE","BARBICAN","","LONDON","CITY OF LONDON","GREATER LONDON","A","http://landregistry.data.gov.uk/data/ppi/transaction/3B5CE841-61F0-EE3A-E063-4804A8C0D6F1/current"
"42C129E4-29A6-60A9-E063-4804A8C0C25D","975000","2025-09-23","EC2Y 8BD","F","N","L","FLAT 214","GILBERT HOUSE","BARBICAN","","LONDON","CITY OF LONDON","GREATER LONDON","A","http://landregistry.data.gov.uk/data/ppi/transaction/42C129E4-29A6-60A9-E063-4804A8C0C25D/current"
"1775CCF6-DD17-38BA-E063-4704A8C05A7C","980000","2024-04-12","EC2Y 8BD","F","N","L","FLAT 214","GILBERT HOUSE","BARBICAN","","LONDON","CITY OF LONDON","GREATER LONDON","A","http://landregistry.data.gov.uk/data/ppi/transaction/1775CCF6-DD17-38BA-E063-4704A8C05A7C/current"
"4777E0AE-47EA-5D59-E063-4804A8C09F8E","865000","2025-11-28","EC2Y 8BD","F","N","L","FLAT 301","GILBERT HOUSE","BARBICAN","","LONDON","CITY OF LONDON","GREATER LONDON","A","http://landregistry.data.gov.uk/data/ppi/transaction/4777E0AE-47EA-5D59-E063-4804A8C09F8E/current"
"A2479555-129F-74C7-E053-6B04A8C0887D","478000","2020-02-13","EC2Y 8BD","F","N","L","FLAT 301","GILBERT HOUSE","BARBICAN","","LONDON","CITY OF LONDON","GREATER LONDON","A","http://landregistry.data.gov.uk/data/ppi/transaction/A2479555-129F-74C7-E053-6B04A8C0887D/current"
"C18F412A-B990-81A6-E053-6B04A8C0AD18","945000","2021-02-11","EC2Y 8BD","F","N","L","FLAT 304","GILBERT HOUSE","BARBICAN","","LONDON","CITY OF LONDON","GREATER LONDON","A","http://landregistry.data.gov.uk/data/ppi/transaction/C18F412A-B990-81A6-E053-6B04A8C0AD18/current"
"39140479-F37C-3206-E050-A8C063057647","1010000","2016-05-31","EC2Y 8BD","F","N","L","FLAT 308","GILBERT HOUSE","BARBICAN","","LONDON","CITY OF LONDON","GREATER LONDON","A","http://landregistry.data.gov.uk/data/ppi/transaction/39140479-F37C-3206-E050-A8C063057647/current"
"A71375FD-D62F-7576-E053-6C04A8C0462F","795000","2020-03-20","EC2Y 8BD","F","N","L","FLAT 311","GILBERT HOUSE","BARBICAN","","LONDON","CITY OF LONDON","GREATER LONDON","A","http://landregistry.data.gov.uk/data/ppi/transaction/A71375FD-D62F-7576-E053-6C04A8C0462F/current"
"E2D14904-FED8-4C2D-E053-6B04A8C0422B","965000","2022-05-06","EC2Y 8BD","F","N","L","FLAT 312","GILBERT HOUSE","BARBICAN","","LONDON","CITY OF LONDON","GREATER LONDON","A","http://landregistry.data.gov.uk/data/ppi/transaction/E2D14904-FED8-4C2D-E053-6B04A8C0422B/current"
"87E1551E-68F3-6405-E053-6C04A8C0B2EE","930750","2019-04-04","EC2Y 8BD","F","N","L","FLAT 314","GILBERT HOUSE","BARBICAN","","LONDON","CITY OF LONDON","GREATER LONDON","A","http://landregistry.data.gov.uk/data/ppi/transaction/87E1551E-68F3-6405-E053-6C04A8C0B2EE/current"
"B32EBB13-BC6B-3C99-E053-6C04A8C09CA1","635000","2020-09-03","EC2Y 8BD","F","N","L","FLAT 401","GILBERT HOUSE","BARBICAN","","LONDON","CITY OF LONDON","GREATER LONDON","A","http://landregistry.data.gov.uk/data/ppi/transaction/B32EBB13-BC6B-3C99-E053-6C04A8C09CA1/current"
"25E9DA80-5785-555E-E063-4704A8C066F2","1428000","2024-09-20","EC2Y 8BD","F","N","L","FLAT 402","GILBERT HOUSE","BARBICAN","","LONDON","CITY OF LONDON","GREATER LONDON","A","http://landregistry.data.gov.uk/data/ppi/transaction/25E9DA80-5785-555E-E063-4704A8C066F2/current"
"55BDCAE6-3FC6-521D-E053-6B04A8C0DD7A","1010000","2017-07-14","EC2Y 8BD","F","N","L","FLAT 404","GILBERT HOUSE","BARBICAN","","LONDON","CITY OF LONDON","GREATER LONDON","A","http://landregistry.data.gov.uk/data/ppi/transaction/55BDCAE6-3FC6-521D-E053-6B04A8C0DD7A/current"
"C8A3A576-6D75-0425-E053-6C04A8C0947B","895000","2021-06-21","EC2Y 8BD","F","N","L","FLAT 408","GILBERT HOUSE","BARBICAN","","LONDON","CITY OF LONDON","GREATER LONDON","A","http://landregistry.data.gov.uk/data/ppi/transaction/C8A3A576-6D75-0425-E053-6C04A8C0947B/current"
"CFC9085C-4034-9A70-E053-6B04A8C09D6A","882500","2021-06-01","EC2Y 8BD","F","N","L","FLAT 409","GILBERT HOUSE","BARBICAN","","LONDON","CITY OF LONDON","GREATER LONDON","A","http://landregistry.data.gov.uk/data/ppi/transaction/CFC9085C-4034-9A70-E053-6B04A8C09D6A/current"
"D4D42646-0FB6-27F6-E053-6C04A8C0A572","1275000","2021-06-25","EC2Y 8BD","F","N","L","FLAT 502","GILBERT HOUSE","BARBICAN","","LONDON","CITY OF LONDON","GREATER LONDON","A","http://landregistry.data.gov.uk/data/ppi/transaction/D4D42646-0FB6-27F6-E053-6C04A8C0A572/current"
"1061746D-E761-3C34-E063-4804A8C0F9E7","1080000","2023-10-16","EC2Y 8BD","F","N","L","FLAT 506","GILBERT HOUSE","BARBICAN","","LONDON","CITY OF LONDON","GREATER LONDON","A","http://landregistry.data.gov.uk/data/ppi/transaction/1061746D-E761-3C34-E063-4804A8C0F9E7/current"
"36A61A94-CD40-DEF2-E063-4704A8C046AE","950000","2025-03-31","EC2Y 8BD","F","N","L","FLAT 508","GILBERT HOUSE","BARBICAN","","LONDON","CITY OF LONDON","GREATER LONDON","A","http://landregistry.data.gov.uk/data/ppi/transaction/36A61A94-CD40-DEF2-E063-4704A8C046AE/current"
"4E75C29D-79FD-8922-E063-4804A8C094D0","2125000","2025-05-23","EC2Y 8BD","F","N","L","FLAT 605","GILBERT HOUSE","BARBICAN","","LONDON","CITY OF LONDON","GREATER LONDON","A","http://landregistry.data.gov.uk/data/ppi/transaction/4E75C29D-79FD-8922-E063-4804A8C094D0/current"
"1C3E72FE-6C7A-F410-E063-4804A8C0DFA6","2300000","2024-02-16","EC2Y 8BD","F","N","L","FLAT 610","GILBERT HOUSE","BARBICAN","","LONDON","CITY OF LONDON","GREATER LONDON","A","http://landregistry.data.gov.uk/data/ppi/transaction/1C3E72FE-6C7A-F410-E063-4804A8C0DFA6/current"
"1775CCF6-D9EC-38BA-E063-4704A8C05A7C","1365000","2023-12-14","EC2Y 8BD","F","N","L","FLAT 702","GILBERT HOUSE","BARBICAN","","LONDON","CITY OF LONDON","GREATER LONDON","A","http://landregistry.data.gov.uk/data/ppi/transaction/1775CCF6-D9EC-38BA-E063-4704A8C05A7C/current"
"AC07BBD0-4A2C-0445-E053-6C04A8C01E31","950000","2020-05-15","EC2Y 8BD","F","N","L","FLAT 702","GILBERT HOUSE","BARBICAN","","LONDON","CITY OF LONDON","GREATER LONDON","A","http://landregistry.data.gov.uk/data/ppi/transaction/AC07BBD0-4A2C-0445-E053-6C04A8C01E31/current"
"EED73E76-7E99-6AF3-E053-6C04A8C08ABA","45000","2021-02-23","EC2Y 8BE","O","N","L","CAR PARKING BAY 233BM","3 BRANDON MEWS","BARBICAN","","LONDON","CITY OF LONDON","GREATER LONDON","B","http://landregistry.data.gov.uk/data/ppi/transaction/EED73E76-7E99-6AF3-E053-6C04A8C08ABA/current"
"7E86B6FB-1C34-458C-E053-6B04A8C0C84C","997000","2018-11-27","EC2Y 8BE","F","N","L","12","BRANDON MEWS","BARBICAN","","LONDON","CITY OF LONDON","GREATER LONDON","A","http://landregistry.data.gov.uk/data/ppi/transaction/7E86B6FB-1C34-458C-E053-6B04A8C0C84C/current"
"152AB734-0109-E651-E063-4704A8C061D9","1331999","2023-11-24","EC2Y 8BE","F","N","L","2","BRANDON MEWS","BARBICAN","","LONDON","CITY OF LONDON","GREATER LONDON","A","http://landregistry.data.gov.uk/data/ppi/transaction/152AB734-0109-E651-E063-4704A8C061D9/current"
"EA3278AA-3DF9-2676-E053-6B04A8C015F8","1390000","2022-08-12","EC2Y 8BE","F","N","L","2","BRANDON MEWS","BARBICAN","","LONDON","CITY OF LONDON","GREATER LONDON","A","http://landregistry.data.gov.uk/data/ppi/transaction/EA3278AA-3DF9-2676-E053-6B04A8C015F8/current"
"85866A65-0755-143F-E053-6B04A8C06A15","1090000","2018-12-10","EC2Y 8BE","F","N","L","2","BRANDON MEWS","BARBICAN","","LONDON","CITY OF LONDON","GREATER LONDON","A","http://landregistry.data.gov.uk/data/ppi/transaction/85866A65-0755-143F-E053-6B04A8C06A15/current"
"5A9D8B55-747F-68EB-E053-6B04A8C0D293","950000","2017-08-30","EC2Y 8BE","T","N","L","20","BRANDON MEWS","BARBICAN","","LONDON","CITY OF LONDON","GREATER LONDON","A","http://landregistry.data.gov.uk/data/ppi/transaction/5A9D8B55-747F-68EB-E053-6B04A8C0D293/current"
"A71375FD-A1CC-7576-E053-6C04A8C0462F","937960","2020-03-23","EC2Y 8BE","T","N","L","23","BRANDON MEWS","BARBICAN","","LONDON","CITY OF LONDON","GREATER LONDON","A","http://landregistry.data.gov.uk/data/ppi/transaction/A71375FD-A1CC-7576-E053-6C04A8C0462F/current"
"5340B1C5-9F7B-8052-E063-4804A8C06EE4","980000","2026-05-06","EC2Y 8BE","T","N","L","4","BRANDON MEWS","BARBICAN","","LONDON","CITY OF LONDON","GREATER LONDON","A","http://landregistry.data.gov.uk/data/ppi/transaction/5340B1C5-9F7B-8052-E063-4804A8C06EE4/current"
"C8A3A576-6E23-0425-E053-6C04A8C0947B","837500","2021-03-31","EC2Y 8BE","F","N","L","5","BRANDON MEWS","BARBICAN","","LONDON","CITY OF LONDON","GREATER LONDON","A","http://landregistry.data.gov.uk/data/ppi/transaction/C8A3A576-6E23-0425-E053-6C04A8C0947B/current"
"36A61A94-CCE7-DEF2-E063-4704A8C046AE","1125000","2025-03-31","EC2Y 8BE","F","N","L","6","BRANDON MEWS","BARBICAN","","LONDON","CITY OF LONDON","GREATER LONDON","A","http://landregistry.data.gov.uk/data/ppi/transaction/36A61A94-CCE7-DEF2-E063-4704A8C046AE/current"
"D707E536-5EAD-0AD9-E053-6B04A8C067CC","45000","2020-07-28","EC2Y 8BE","O","N","L","7","BRANDON MEWS","BARBICAN","","LONDON","CITY OF LONDON","GREATER LONDON","B","http://landregistry.data.gov.uk/data/ppi/transaction/D707E536-5EAD-0AD9-E053-6B04A8C067CC/current"
"4C1B673F-6BE1-D8EA-E063-4704A8C0BF7D","3200000","2025-08-14","EC2Y 8BH","F","N","F","","6","WALLSIDE","","LONDON","CITY OF LONDON","GREATER LONDON","A","http://landregistry.data.gov.uk/data/ppi/transaction/4C1B673F-6BE1-D8EA-E063-4704A8C0BF7D/current"
"CD5A9DCC-2423-310A-E053-6C04A8C00A1F","2850000","2021-09-10","EC2Y 8BH","T","N","F","","8","WALLSIDE","","LONDON","CITY OF LONDON","GREATER LONDON","A","http://landregistry.data.gov.uk/data/ppi/transaction/CD5A9DCC-2423-310A-E053-6C04A8C00A1F/current"
"C8A3A576-6ECC-0425-E053-6C04A8C0947B","2950000","2021-06-23","EC2Y 8BH","F","N","F","","14","WALLSIDE","","LONDON","CITY OF LONDON","GREATER LONDON","A","http://landregistry.data.gov.uk/data/ppi/transaction/C8A3A576-6ECC-0425-E053-6C04A8C0947B/current"
"045A1898-4573-9A24-E063-4804A8C048EA","2425000","2023-02-13","EC2Y 8BJ","F","N","L","","8","THE POSTERN","","LONDON","CITY OF LONDON","GREATER LONDON","A","http://landregistry.data.gov.uk/data/ppi/transaction/045A1898-4573-9A24-E063-4804A8C048EA/current"
"A71375FD-D633-7576-E053-6C04A8C0462F","2100000","2020-02-13","EC2Y 8BJ","F","N","L","","8","THE POSTERN","","LONDON","CITY OF LONDON","GREATER LONDON","A","http://landregistry.data.gov.uk/data/ppi/transaction/A71375FD-D633-7576-E053-6C04A8C0462F/current"
"045A1898-422C-9A24-E063-4804A8C048EA","2500000","2023-07-10","EC2Y 8BJ","F","N","L","","9","THE POSTERN","","LONDON","CITY OF LONDON","GREATER LONDON","A","http://landregistry.data.gov.uk/data/ppi/transaction/045A1898-422C-9A24-E063-4804A8C048EA/current"
"EA3278A9-76CC-2676-E053-6B04A8C015F8","2335000","2022-09-05","EC2Y 8BJ","F","N","L","","10","THE POSTERN","","LONDON","CITY OF LONDON","GREATER LONDON","A","http://landregistry.data.gov.uk/data/ppi/transaction/EA3278A9-76CC-2676-E053-6B04A8C015F8/current"
"FD226036-0DBD-4CB7-E053-4804A8C00430","680000","2023-05-02","EC2Y 8BL","F","N","L","FLAT 102","WILLOUGHBY HOUSE","BARBICAN","","LONDON","CITY OF LONDON","GREATER LONDON","A","http://landregistry.data.gov.uk/data/ppi/transaction/FD226036-0DBD-4CB7-E053-4804A8C00430/current"
"EC7AD099-FA63-9200-E053-6C04A8C0E306","725000","2022-09-29","EC2Y 8BL","F","N","L","FLAT 107","WILLOUGHBY HOUSE","BARBICAN","","LONDON","CITY OF LONDON","GREATER LONDON","A","http://landregistry.data.gov.uk/data/ppi/transaction/EC7AD099-FA63-9200-E053-6C04A8C0E306/current"
"E53EDD2D-475B-83EC-E053-6B04A8C03A59","716000","2022-06-06","EC2Y 8BL","F","N","L","FLAT 114","WILLOUGHBY HOUSE","BARBICAN","","LONDON","CITY OF LONDON","GREATER LONDON","A","http://landregistry.data.gov.uk/data/ppi/transaction/E53EDD2D-475B-83EC-E053-6B04A8C03A59/current"
"D22473F6-8ABF-7B40-E053-6C04A8C0A630","690000","2021-11-10","EC2Y 8BL","F","N","L","FLAT 118","WILLOUGHBY HOUSE","BARBICAN","","LONDON","CITY OF LONDON","GREATER LONDON","B","http://landregistry.data.gov.uk/data/ppi/transaction/D22473F6-8ABF-7B40-E053-6C04A8C0A630/current"
"B32EBB13-BBEB-3C99-E053-6C04A8C09CA1","867500","2020-09-18","EC2Y 8BL","F","N","L","FLAT 119","WILLOUGHBY HOUSE","BARBICAN","","LONDON","CITY OF LONDON","GREATER LONDON","A","http://landregistry.data.gov.uk/data/ppi/transaction/B32EBB13-BBEB-3C99-E053-6C04A8C09CA1/current"
"2ACACE8D-7B4A-295E-E063-4804A8C0B0EB","742500","2024-08-30","EC2Y 8BL","F","N","L","FLAT 122","WILLOUGHBY HOUSE","BARBICAN","","LONDON","CITY OF LONDON","GREATER LONDON","B","http://landregistry.data.gov.uk/data/ppi/transaction/2ACACE8D-7B4A-295E-E063-4804A8C0B0EB/current"
"C18F412A-73F9-81A6-E053-6B04A8C0AD18","635000","2020-10-23","EC2Y 8BL","F","N","L","FLAT 122","WILLOUGHBY HOUSE","BARBICAN","","LONDON","CITY OF LONDON","GREATER LONDON","A","http://landregistry.data.gov.uk/data/ppi/transaction/C18F412A-73F9-81A6-E053-6B04A8C0AD18/current"
"4777E0AE-F655-5D59-E063-4804A8C09F8E","1040000","2025-11-26","EC2Y 8BL","F","N","L","FLAT 301","WILLOUGHBY HOUSE","BARBICAN","","LONDON","CITY OF LONDON","GREATER LONDON","A","http://landregistry.data.gov.uk/data/ppi/transaction/4777E0AE-F655-5D59-E063-4804A8C09F8E/current"
"4C1B673E-CEF3-D8EA-E063-4704A8C0BF7D","740000","2025-10-03","EC2Y 8BL","F","N","L","FLAT 302","WILLOUGHBY HOUSE","BARBICAN","","LONDON","CITY OF LONDON","GREATER LONDON","A","http://landregistry.data.gov.uk/data/ppi/transaction/4C1B673E-CEF3-D8EA-E063-4704A8C0BF7D/current"
"582D0636-85CE-8F22-E053-6C04A8C01BAC","765000","2017-07-28","EC2Y 8BL","F","N","L","FLAT 303","WILLOUGHBY HOUSE","BARBICAN","","LONDON","CITY OF LONDON","GREATER LONDON","A","http://landregistry.data.gov.uk/data/ppi/transaction/582D0636-85CE-8F22-E053-6C04A8C01BAC/current"
"045A1898-D5D0-9A24-E063-4804A8C048EA","665000","2023-08-16","EC2Y 8BL","F","N","L","FLAT 308","WILLOUGHBY HOUSE","BARBICAN","","LONDON","CITY OF LONDON","GREATER LONDON","A","http://landregistry.data.gov.uk/data/ppi/transaction/045A1898-D5D0-9A24-E063-4804A8C048EA/current"
"B82222ED-15FB-6691-E053-6B04A8C02FB2","700000","2020-10-26","EC2Y 8BL","F","N","L","FLAT 312","WILLOUGHBY HOUSE","BARBICAN","","LONDON","CITY OF LONDON","GREATER LONDON","A","http://landregistry.data.gov.uk/data/ppi/transaction/B82222ED-15FB-6691-E053-6B04A8C02FB2/current"
"2F7F2B42-A2BE-E08F-E063-4804A8C05A49","815000","2024-11-11","EC2Y 8BL","F","N","L","FLAT 319","WILLOUGHBY HOUSE","BARBICAN","","LONDON","CITY OF LONDON","GREATER LONDON","A","http://landregistry.data.gov.uk/data/ppi/transaction/2F7F2B42-A2BE-E08F-E063-4804A8C05A49/current"
"87E1551E-676C-6405-E053-6C04A8C0B2EE","675000","2019-04-05","EC2Y 8BL","F","N","L","FLAT 319","WILLOUGHBY HOUSE","BARBICAN","","LONDON","CITY OF LONDON","GREATER LONDON","A","http://landregistry.data.gov.uk/data/ppi/transaction/87E1551E-676C-6405-E053-6C04A8C0B2EE/current"
"E53EDD2E-0461-83EC-E053-6B04A8C03A59","730000","2022-06-24","EC2Y 8BL","F","N","L","FLAT 322","WILLOUGHBY HOUSE","BARBICAN","","LONDON","CITY OF LONDON","GREATER LONDON","A","http://landregistry.data.gov.uk/data/ppi/transaction/E53EDD2E-0461-83EC-E053-6B04A8C03A59/current"
"38EDC0C2-9616-0F63-E063-4704A8C00424","800000","2025-01-15","EC2Y 8BL","F","N","L","FLAT 330","WILLOUGHBY HOUSE","BARBICAN","","LONDON","CITY OF LONDON","GREATER LONDON","A","http://landregistry.data.gov.uk/data/ppi/transaction/38EDC0C2-9616-0F63-E063-4704A8C00424/current"
"D4D42645-2F3C-27F6-E053-6C04A8C0A572","1140000","2021-07-16","EC2Y 8BL","F","N","L","FLAT 331","WILLOUGHBY HOUSE","BARBICAN","","LONDON","CITY OF LONDON","GREATER LONDON","A","http://landregistry.data.gov.uk/data/ppi/transaction/D4D42645-2F3C-27F6-E053-6C04A8C0A572/current"
"5376B386-55D1-34C1-E053-6B04A8C09FF6","935000","2017-06-06","EC2Y 8BL","F","N","L","FLAT 331","WILLOUGHBY HOUSE","BARBICAN","","LONDON","CITY OF LONDON","GREATER LONDON","B","http://landregistry.data.gov.uk/data/ppi/transaction/5376B386-55D1-34C1-E053-6B04A8C09FF6/current"
"D4D42645-2EE2-27F6-E053-6C04A8C0A572","710000","2021-10-26","EC2Y 8BL","F","N","L","FLAT 333","WILLOUGHBY HOUSE","BARBICAN","","LONDON","CITY OF LONDON","GREATER LONDON","A","http://landregistry.data.gov.uk/data/ppi/transaction/D4D42645-2EE2-27F6-E053-6C04A8C0A572/current"
"BA558B32-D7C6-76EF-E053-6B04A8C0B4B7","705000","2020-11-10","EC2Y 8BL","F","N","L","FLAT 334","WILLOUGHBY HOUSE","BARBICAN","","LONDON","CITY OF LONDON","GREATER LONDON","A","http://landregistry.data.gov.uk/data/ppi/transaction/BA558B32-D7C6-76EF-E053-6B04A8C0B4B7/current"
"DE2D0CDF-F7D6-51EE-E053-6C04A8C00671","1075000","2022-04-01","EC2Y 8BL","F","N","L","FLAT 336","WILLOUGHBY HOUSE","BARBICAN","","LONDON","CITY OF LONDON","GREATER LONDON","A","http://landregistry.data.gov.uk/data/ppi/transaction/DE2D0CDF-F7D6-51EE-E053-6C04A8C00671/current"
"BA558B32-1ED8-76EF-E053-6B04A8C0B4B7","910000","2020-12-14","EC2Y 8BL","F","N","L","FLAT 340","WILLOUGHBY HOUSE","BARBICAN","","LONDON","CITY OF LONDON","GREATER LONDON","A","http://landregistry.data.gov.uk/data/ppi/transaction/BA558B32-1ED8-76EF-E053-6B04A8C0B4B7/current"
"3B7E0B90-2D4B-EA99-E050-A8C062057E77","1040000","2016-07-20","EC2Y 8BN","F","N","L","FLAT 401","WILLOUGHBY HOUSE","BARBICAN","","LONDON","CITY OF LONDON","GREATER LONDON","A","http://landregistry.data.gov.uk/data/ppi/transaction/3B7E0B90-2D4B-EA99-E050-A8C062057E77/current"
"369DFB15-FFB9-3A19-E050-A8C0620518C6","760000","2016-05-20","EC2Y 8BN","F","N","L","FLAT 402","WILLOUGHBY HOUSE","BARBICAN","","LONDON","CITY OF LONDON","GREATER LONDON","A","http://landregistry.data.gov.uk/data/ppi/transaction/369DFB15-FFB9-3A19-E050-A8C0620518C6/current"
"F3B6C197-A934-6E40-E053-6C04A8C0B3B4","775000","2022-11-14","EC2Y 8BN","F","N","L","FLAT 502","WILLOUGHBY HOUSE","BARBICAN","","LONDON","CITY OF LONDON","GREATER LONDON","A","http://landregistry.data.gov.uk/data/ppi/transaction/F3B6C197-A934-6E40-E053-6C04A8C0B3B4/current"
"7E86B6FB-1AA4-458C-E053-6B04A8C0C84C","1180000","2018-12-03","EC2Y 8BN","F","N","L","FLAT 507","WILLOUGHBY HOUSE","BARBICAN","","LONDON","CITY OF LONDON","GREATER LONDON","A","http://landregistry.data.gov.uk/data/ppi/transaction/7E86B6FB-1AA4-458C-E053-6B04A8C0C84C/current"
"39140479-F253-3206-E050-A8C063057647","845000","2016-06-27","EC2Y 8BN","F","N","L","FLAT 508","WILLOUGHBY HOUSE","BARBICAN","","LONDON","CITY OF LONDON","GREATER LONDON","A","http://landregistry.data.gov.uk/data/ppi/transaction/39140479-F253-3206-E050-A8C063057647/current"
"EA3278A9-7605-2676-E053-6B04A8C015F8","835000","2022-07-20","EC2Y 8BN","F","N","L","FLAT 516","WILLOUGHBY HOUSE","BARBICAN","","LONDON","CITY OF LONDON","GREATER LONDON","A","http://landregistry.data.gov.uk/data/ppi/transaction/EA3278A9-7605-2676-E053-6B04A8C015F8/current"
"F87E72F8-8A81-176C-E053-6B04A8C0D2BE","975000","2023-02-17","EC2Y 8BN","F","N","L","FLAT 518","WILLOUGHBY HOUSE","BARBICAN","","LONDON","CITY OF LONDON","GREATER LONDON","A","http://landregistry.data.gov.uk/data/ppi/transaction/F87E72F8-8A81-176C-E053-6B04A8C0D2BE/current"
"9DBAD222-01E9-6EB3-E053-6B04A8C0F257","1150000","2020-01-13","EC2Y 8BN","F","N","L","FLAT 519","WILLOUGHBY HOUSE","BARBICAN","","LONDON","CITY OF LONDON","GREATER LONDON","A","http://landregistry.data.gov.uk/data/ppi/transaction/9DBAD222-01E9-6EB3-E053-6B04A8C0F257/current"
"582D0637-4999-8F22-E053-6C04A8C01BAC","835000","2017-07-31","EC2Y 8BN","F","N","L","FLAT 525","WILLOUGHBY HOUSE","BARBICAN","","LONDON","CITY OF LONDON","GREATER LONDON","A","http://landregistry.data.gov.uk/data/ppi/transaction/582D0637-4999-8F22-E053-6C04A8C01BAC/current"
"8355F008-A3A5-55C5-E053-6B04A8C0D090","725000","2019-02-11","EC2Y 8BN","F","N","L","FLAT 529","WILLOUGHBY HOUSE","BARBICAN","","LONDON","CITY OF LONDON","GREATER LONDON","A","http://landregistry.data.gov.uk/data/ppi/transaction/8355F008-A3A5-55C5-E053-6B04A8C0D090/current"
"152AB733-77FC-E651-E063-4704A8C061D9","835000","2024-03-08","EC2Y 8BN","F","N","L","FLAT 533","WILLOUGHBY HOUSE","BARBICAN","","LONDON","CITY OF LONDON","GREATER LONDON","A","http://landregistry.data.gov.uk/data/ppi/transaction/152AB733-77FC-E651-E063-4704A8C061D9/current"
"39140479-3C6C-3206-E050-A8C063057647","795000","2016-03-11","EC2Y 8BN","F","N","L","FLAT 533","WILLOUGHBY HOUSE","BARBICAN","","LONDON","CITY OF LONDON","GREATER LONDON","A","http://landregistry.data.gov.uk/data/ppi/transaction/39140479-3C6C-3206-E050-A8C063057647/current"
"F5E8B082-44E9-3A13-E053-6C04A8C060B7","710000","2023-01-24","EC2Y 8BN","F","N","L","FLAT 541","WILLOUGHBY HOUSE","BARBICAN","","LONDON","CITY OF LONDON","GREATER LONDON","B","http://landregistry.data.gov.uk/data/ppi/transaction/F5E8B082-44E9-3A13-E053-6C04A8C060B7/current"
"49B7852A-4900-7921-E050-A8C063056E8D","1180000","2017-01-20","EC2Y 8BN","F","N","L","FLAT 544","WILLOUGHBY HOUSE","BARBICAN","","LONDON","CITY OF LONDON","GREATER LONDON","A","http://landregistry.data.gov.uk/data/ppi/transaction/49B7852A-4900-7921-E050-A8C063056E8D/current"
"1061746E-3EB2-3C34-E063-4804A8C0F9E7","955000","2024-01-22","EC2Y 8BN","F","N","L","FLAT 601","WILLOUGHBY HOUSE","BARBICAN","","LONDON","CITY OF LONDON","GREATER LONDON","A","http://landregistry.data.gov.uk/data/ppi/transaction/1061746E-3EB2-3C34-E063-4804A8C0F9E7/current"
"5340B1C5-174C-8052-E063-4804A8C06EE4","775000","2026-04-30","EC2Y 8BN","F","N","L","FLAT 702","WILLOUGHBY HOUSE","BARBICAN","","LONDON","CITY OF LONDON","GREATER LONDON","A","http://landregistry.data.gov.uk/data/ppi/transaction/5340B1C5-174C-8052-E063-4804A8C06EE4/current"
"F87E72F8-8CC7-176C-E053-6B04A8C0D2BE","645000","2023-02-01","EC2Y 8BN","F","N","L","FLAT 702","WILLOUGHBY HOUSE","BARBICAN","","LONDON","CITY OF LONDON","GREATER LONDON","A","http://landregistry.data.gov.uk/data/ppi/transaction/F87E72F8-8CC7-176C-E053-6B04A8C0D2BE/current"
"5A9D8B55-73F9-68EB-E053-6B04A8C0D293","955000","2017-08-11","EC2Y 8BN","F","N","L","FLAT 713","WILLOUGHBY HOUSE","BARBICAN","","LONDON","CITY OF LONDON","GREATER LONDON","A","http://landregistry.data.gov.uk/data/ppi/transaction/5A9D8B55-73F9-68EB-E053-6B04A8C0D293/current"
"4C4EDFFF-AA3B-1854-E050-A8C063054F34","960000","2017-02-17","EC2Y 8BN","F","N","L","FLAT 718","WILLOUGHBY HOUSE","BARBICAN","","LONDON","CITY OF LONDON","GREATER LONDON","A","http://landregistry.data.gov.uk/data/ppi/transaction/4C4EDFFF-AA3B-1854-E050-A8C063054F34/current"
"2859C1AB-7465-52B4-E063-4804A8C05948","945000","2024-10-18","EC2Y 8BP","F","N","L","FLAT 102","MOUNTJOY HOUSE","BARBICAN","","LONDON","CITY OF LONDON","GREATER LONDON","A","http://landregistry.data.gov.uk/data/ppi/transaction/2859C1AB-7465-52B4-E063-4804A8C05948/current"
"4C1B673E-CE00-D8EA-E063-4704A8C0BF7D","775000","2025-09-04","EC2Y 8BP","F","N","L","FLAT 103","MOUNTJOY HOUSE","BARBICAN","","LONDON","CITY OF LONDON","GREATER LONDON","A","http://landregistry.data.gov.uk/data/ppi/transaction/4C1B673E-CE00-D8EA-E063-4704A8C0BF7D/current"
"D4D42646-128D-27F6-E053-6C04A8C0A572","840000","2021-10-29","EC2Y 8BP","F","N","L","FLAT 106","MOUNTJOY HOUSE","BARBICAN","","LONDON","CITY OF LONDON","GREATER LONDON","A","http://landregistry.data.gov.uk/data/ppi/transaction/D4D42646-128D-27F6-E053-6C04A8C0A572/current"
"D4D42645-2FD0-27F6-E053-6C04A8C0A572","790000","2021-11-26","EC2Y 8BP","F","N","L","FLAT 108","MOUNTJOY HOUSE","BARBICAN","","LONDON","CITY OF LONDON","GREATER LONDON","A","http://landregistry.data.gov.uk/data/ppi/transaction/D4D42645-2FD0-27F6-E053-6C04A8C0A572/current"
"2859C1AC-3D82-52B4-E063-4804A8C05948","790000","2024-11-08","EC2Y 8BP","F","N","L","FLAT 110","MOUNTJOY HOUSE","BARBICAN","","LONDON","CITY OF LONDON","GREATER LONDON","A","http://landregistry.data.gov.uk/data/ppi/transaction/2859C1AC-3D82-52B4-E063-4804A8C05948/current"
"404A5AF3-C5DC-CD2B-E050-A8C063055C7B","995000","2016-10-14","EC2Y 8BP","F","N","L","FLAT 207","MOUNTJOY HOUSE","BARBICAN","","LONDON","CITY OF LONDON","GREATER LONDON","A","http://landregistry.data.gov.uk/data/ppi/transaction/404A5AF3-C5DC-CD2B-E050-A8C063055C7B/current"
"34428D7E-4EB8-B86C-E050-A8C06205059C","975000","2016-04-20","EC2Y 8BP","F","N","L","FLAT 305","MOUNTJOY HOUSE","BARBICAN","","LONDON","CITY OF LONDON","GREATER LONDON","A","http://landregistry.data.gov.uk/data/ppi/transaction/34428D7E-4EB8-B86C-E050-A8C06205059C/current"
"237B17FD-970F-22AC-E063-4804A8C0EA3A","780000","2024-05-17","EC2Y 8BP","F","N","L","FLAT 308","MOUNTJOY HOUSE","BARBICAN","","LONDON","CITY OF LONDON","GREATER LONDON","A","http://landregistry.data.gov.uk/data/ppi/transaction/237B17FD-970F-22AC-E063-4804A8C0EA3A/current"
"34428D7E-CDE9-B86C-E050-A8C06205059C","1150000","2016-03-31","EC2Y 8BP","F","N","L","FLAT 401","MOUNTJOY HOUSE","BARBICAN","","LONDON","CITY OF LONDON","GREATER LONDON","B","http://landregistry.data.gov.uk/data/ppi/transaction/34428D7E-CDE9-B86C-E050-A8C06205059C/current"
"8355F009-3EE4-55C5-E053-6B04A8C0D090","965000","2018-12-20","EC2Y 8BP","F","N","L","FLAT 402","MOUNTJOY HOUSE","BARBICAN","","LONDON","CITY OF LONDON","GREATER LONDON","A","http://landregistry.data.gov.uk/data/ppi/transaction/8355F009-3EE4-55C5-E053-6B04A8C0D090/current"
"DE2D0CDF-F72B-51EE-E053-6C04A8C00671","900000","2022-03-03","EC2Y 8BP","F","N","L","FLAT 403","MOUNTJOY HOUSE","BARBICAN","","LONDON","CITY OF LONDON","GREATER LONDON","A","http://landregistry.data.gov.uk/data/ppi/transaction/DE2D0CDF-F72B-51EE-E053-6C04A8C00671/current"
"EA3278A9-788C-2676-E053-6B04A8C015F8","850000","2022-08-12","EC2Y 8BP","F","N","L","FLAT 404","MOUNTJOY HOUSE","BARBICAN","","LONDON","CITY OF LONDON","GREATER LONDON","A","http://landregistry.data.gov.uk/data/ppi/transaction/EA3278A9-788C-2676-E053-6B04A8C015F8/current"
"34222871-EA6E-4D2B-E063-4704A8C07853","830000","2025-03-26","EC2Y 8BP","F","N","L","FLAT 406","MOUNTJOY HOUSE","BARBICAN","","LONDON","CITY OF LONDON","GREATER LONDON","A","http://landregistry.data.gov.uk/data/ppi/transaction/34222871-EA6E-4D2B-E063-4704A8C07853/current"
"237B17FD-9399-22AC-E063-4804A8C0EA3A","718000","2024-05-23","EC2Y 8BP","F","N","L","FLAT 408","MOUNTJOY HOUSE","BARBICAN","","LONDON","CITY OF LONDON","GREATER LONDON","A","http://landregistry.data.gov.uk/data/ppi/transaction/237B17FD-9399-22AC-E063-4804A8C0EA3A/current"
"F5E8B081-905F-3A13-E053-6C04A8C060B7","770000","2023-01-26","EC2Y 8BP","F","N","L","FLAT 410","MOUNTJOY HOUSE","BARBICAN","","LONDON","CITY OF LONDON","GREATER LONDON","A","http://landregistry.data.gov.uk/data/ppi/transaction/F5E8B081-905F-3A13-E053-6C04A8C060B7/current"
"C8A3A575-CF06-0425-E053-6C04A8C0947B","930000","2021-06-30","EC2Y 8BP","F","N","L","FLAT 502","MOUNTJOY HOUSE","BARBICAN","","LONDON","CITY OF LONDON","GREATER LONDON","B","http://landregistry.data.gov.uk/data/ppi/transaction/C8A3A575-CF06-0425-E053-6C04A8C0947B/current"
"1C3E72FD-C547-F410-E063-4804A8C0DFA6","925000","2024-01-17","EC2Y 8BP","F","N","L","FLAT 504","MOUNTJOY HOUSE","BARBICAN","","LONDON","CITY OF LONDON","GREATER LONDON","A","http://landregistry.data.gov.uk/data/ppi/transaction/1C3E72FD-C547-F410-E063-4804A8C0DFA6/current"
"E53EDD2E-04ED-83EC-E053-6B04A8C03A59","750000","2022-07-15","EC2Y 8BP","F","N","L","FLAT 508","MOUNTJOY HOUSE","BARBICAN","","LONDON","CITY OF LONDON","GREATER LONDON","A","http://landregistry.data.gov.uk/data/ppi/transaction/E53EDD2E-04ED-83EC-E053-6B04A8C03A59/current"
"1A0C5C63-03BA-7CBE-E063-4804A8C06C96","1148000","2024-01-16","EC2Y 8BP","F","N","L","FLAT 602","MOUNTJOY HOUSE","BARBICAN","","LONDON","CITY OF LONDON","GREATER LONDON","A","http://landregistry.data.gov.uk/data/ppi/transaction/1A0C5C63-03BA-7CBE-E063-4804A8C06C96/current"
"5CF9903B-77A9-7F13-E053-6C04A8C074B1","2000000","2017-09-27","EC2Y 8BP","F","N","L","FLAT 605","MOUNTJOY HOUSE","BARBICAN","","LONDON","CITY OF LONDON","GREATER LONDON","A","http://landregistry.data.gov.uk/data/ppi/transaction/5CF9903B-77A9-7F13-E053-6C04A8C074B1/current"
"B32EBB13-BC59-3C99-E053-6C04A8C09CA1","1680000","2020-08-24","EC2Y 8BP","F","N","L","FLAT 608","MOUNTJOY HOUSE","BARBICAN","","LONDON","CITY OF LONDON","GREATER LONDON","A","http://landregistry.data.gov.uk/data/ppi/transaction/B32EBB13-BC59-3C99-E053-6C04A8C09CA1/current"
"2131FCF5-A7C2-86E8-E063-4804A8C0372B","940000","2024-07-02","EC2Y 8BT","F","N","L","FLAT 1","THOMAS MORE HOUSE","BARBICAN","","LONDON","CITY OF LONDON","GREATER LONDON","A","http://landregistry.data.gov.uk/data/ppi/transaction/2131FCF5-A7C2-86E8-E063-4804A8C0372B/current"
"8A78B2AF-D480-5CB0-E053-6B04A8C0F504","855000","2019-03-14","EC2Y 8BT","F","N","L","FLAT 10","THOMAS MORE HOUSE","BARBICAN","","LONDON","CITY OF LONDON","GREATER LONDON","A","http://landregistry.data.gov.uk/data/ppi/transaction/8A78B2AF-D480-5CB0-E053-6B04A8C0F504/current"
"045A1898-42D8-9A24-E063-4804A8C048EA","875000","2023-07-13","EC2Y 8BT","F","N","L","FLAT 14","THOMAS MORE HOUSE","BARBICAN","","LONDON","CITY OF LONDON","GREATER LONDON","A","http://landregistry.data.gov.uk/data/ppi/transaction/045A1898-42D8-9A24-E063-4804A8C048EA/current"
"55BDCAE5-8A95-521D-E053-6B04A8C0DD7A","920000","2017-06-20","EC2Y 8BT","F","N","L","FLAT 18","THOMAS MORE HOUSE","BARBICAN","","LONDON","CITY OF LONDON","GREATER LONDON","A","http://landregistry.data.gov.uk/data/ppi/transaction/55BDCAE5-8A95-521D-E053-6B04A8C0DD7A/current"
"9DBAD222-02D8-6EB3-E053-6B04A8C0F257","815000","2019-12-18","EC2Y 8BT","F","N","L","FLAT 19","THOMAS MORE HOUSE","BARBICAN","","LONDON","CITY OF LONDON","GREATER LONDON","A","http://landregistry.data.gov.uk/data/ppi/transaction/9DBAD222-02D8-6EB3-E053-6B04A8C0F257/current"
"55BDCAE6-3FF2-521D-E053-6B04A8C0DD7A","825000","2017-06-09","EC2Y 8BT","F","N","L","FLAT 21","THOMAS MORE HOUSE","BARBICAN","","LONDON","CITY OF LONDON","GREATER LONDON","A","http://landregistry.data.gov.uk/data/ppi/transaction/55BDCAE6-3FF2-521D-E053-6B04A8C0DD7A/current"
"25E9DA81-27A5-555E-E063-4704A8C066F2","805000","2024-09-30","EC2Y 8BT","F","N","L","FLAT 23","THOMAS MORE HOUSE","BARBICAN","","LONDON","CITY OF LONDON","GREATER LONDON","A","http://landregistry.data.gov.uk/data/ppi/transaction/25E9DA81-27A5-555E-E063-4704A8C066F2/current"
"F87E72F9-3883-176C-E053-6B04A8C0D2BE","890000","2023-02-22","EC2Y 8BT","F","N","L","FLAT 25","THOMAS MORE HOUSE","BARBICAN","","LONDON","CITY OF LONDON","GREATER LONDON","A","http://landregistry.data.gov.uk/data/ppi/transaction/F87E72F9-3883-176C-E053-6B04A8C0D2BE/current"
"36A61A94-3EE3-DEF2-E063-4704A8C046AE","850000","2024-08-30","EC2Y 8BT","F","N","L","FLAT 26","THOMAS MORE HOUSE","BARBICAN","","LONDON","CITY OF LONDON","GREATER LONDON","A","http://landregistry.data.gov.uk/data/ppi/transaction/36A61A94-3EE3-DEF2-E063-4704A8C046AE/current"
"965B6D91-AC31-95E4-E053-6C04A8C07729","900000","2019-09-19","EC2Y 8BT","F","N","L","FLAT 28","THOMAS MORE HOUSE","BARBICAN","","LONDON","CITY OF LONDON","GREATER LONDON","A","http://landregistry.data.gov.uk/data/ppi/transaction/965B6D91-AC31-95E4-E053-6C04A8C07729/current"
"4E95D757-A6B4-EDA1-E050-A8C0630539E2","850000","2017-04-03","EC2Y 8BT","F","N","L","FLAT 29","THOMAS MORE HOUSE","BARBICAN","","LONDON","CITY OF LONDON","GREATER LONDON","A","http://landregistry.data.gov.uk/data/ppi/transaction/4E95D757-A6B4-EDA1-E050-A8C0630539E2/current"
"47844C7F-5641-8986-E050-A8C063056488","825000","2017-01-06","EC2Y 8BT","F","N","L","FLAT 31","THOMAS MORE HOUSE","BARBICAN","","LONDON","CITY OF LONDON","GREATER LONDON","A","http://landregistry.data.gov.uk/data/ppi/transaction/47844C7F-5641-8986-E050-A8C063056488/current"
"FD226035-7A68-4CB7-E053-4804A8C00430","775000","2023-03-24","EC2Y 8BT","F","N","L","FLAT 35","THOMAS MORE HOUSE","BARBICAN","","LONDON","CITY OF LONDON","GREATER LONDON","A","http://landregistry.data.gov.uk/data/ppi/transaction/FD226035-7A68-4CB7-E053-4804A8C00430/current"
"7E86B6FA-6EE5-458C-E053-6B04A8C0C84C","517500","2018-11-21","EC2Y 8BT","F","N","L","FLAT 37","THOMAS MORE HOUSE","BARBICAN","","LONDON","CITY OF LONDON","GREATER LONDON","A","http://landregistry.data.gov.uk/data/ppi/transaction/7E86B6FA-6EE5-458C-E053-6B04A8C0C84C/current"
"EED73E75-E893-6AF3-E053-6C04A8C08ABA","1150000","2022-10-07","EC2Y 8BT","F","N","L","FLAT 4","THOMAS MORE HOUSE","BARBICAN","","LONDON","CITY OF LONDON","GREATER LONDON","A","http://landregistry.data.gov.uk/data/ppi/transaction/EED73E75-E893-6AF3-E053-6C04A8C08ABA/current"
"64342BFE-9080-422C-E053-6C04A8C0FB8A","635000","2017-12-21","EC2Y 8BT","F","N","L","FLAT 40","THOMAS MORE HOUSE","BARBICAN","","LONDON","CITY OF LONDON","GREATER LONDON","A","http://landregistry.data.gov.uk/data/ppi/transaction/64342BFE-9080-422C-E053-6C04A8C0FB8A/current"
"152AB734-024A-E651-E063-4704A8C061D9","865420","2023-11-10","EC2Y 8BT","F","N","L","FLAT 42","THOMAS MORE HOUSE","BARBICAN","","LONDON","CITY OF LONDON","GREATER LONDON","A","http://landregistry.data.gov.uk/data/ppi/transaction/152AB734-024A-E651-E063-4704A8C061D9/current"
"31FB4C17-B0AA-57B9-E050-A8C063053436","900000","2016-03-31","EC2Y 8BT","F","N","L","FLAT 44","THOMAS MORE HOUSE","BARBICAN","","LONDON","CITY OF LONDON","GREATER LONDON","A","http://landregistry.data.gov.uk/data/ppi/transaction/31FB4C17-B0AA-57B9-E050-A8C063053436/current"
"36A61A94-3C83-DEF2-E063-4704A8C046AE","925000","2025-05-23","EC2Y 8BT","F","N","L","FLAT 45","THOMAS MORE HOUSE","BARBICAN","","LONDON","CITY OF LONDON","GREATER LONDON","A","http://landregistry.data.gov.uk/data/ppi/transaction/36A61A94-3C83-DEF2-E063-4704A8C046AE/current"
"75050A84-A75E-9A88-E053-6B04A8C02390","870000","2018-08-15","EC2Y 8BT","F","N","L","FLAT 45","THOMAS MORE HOUSE","BARBICAN","","LONDON","CITY OF LONDON","GREATER LONDON","A","http://landregistry.data.gov.uk/data/ppi/transaction/75050A84-A75E-9A88-E053-6B04A8C02390/current"
"582D0637-4A10-8F22-E053-6C04A8C01BAC","865000","2017-07-28","EC2Y 8BT","F","N","L","FLAT 46","THOMAS MORE HOUSE","BARBICAN","","LONDON","CITY OF LONDON","GREATER LONDON","A","http://landregistry.data.gov.uk/data/ppi/transaction/582D0637-4A10-8F22-E053-6C04A8C01BAC/current"
"61D8894E-249E-3DE6-E053-6C04A8C01207","850000","2017-11-17","EC2Y 8BT","F","N","L","FLAT 48","THOMAS MORE HOUSE","BARBICAN","","LONDON","CITY OF LONDON","GREATER LONDON","A","http://landregistry.data.gov.uk/data/ppi/transaction/61D8894E-249E-3DE6-E053-6C04A8C01207/current"
"2131FCF6-4725-86E8-E063-4804A8C0372B","935000","2024-05-24","EC2Y 8BT","F","N","L","FLAT 5","THOMAS MORE HOUSE","BARBICAN","","LONDON","CITY OF LONDON","GREATER LONDON","A","http://landregistry.data.gov.uk/data/ppi/transaction/2131FCF6-4725-86E8-E063-4804A8C0372B/current"
"152AB734-0157-E651-E063-4704A8C061D9","967500","2024-03-08","EC2Y 8BT","F","N","L","FLAT 52","THOMAS MORE HOUSE","BARBICAN","","LONDON","CITY OF LONDON","GREATER LONDON","A","http://landregistry.data.gov.uk/data/ppi/transaction/152AB734-0157-E651-E063-4704A8C061D9/current"
"31FB4C17-AEDF-57B9-E050-A8C063053436","950000","2016-03-11","EC2Y 8BT","F","N","L","FLAT 52","THOMAS MORE HOUSE","BARBICAN","","LONDON","CITY OF LONDON","GREATER LONDON","A","http://landregistry.data.gov.uk/data/ppi/transaction/31FB4C17-AEDF-57B9-E050-A8C063053436/current"
"773788C2-ED96-2CE4-E053-6C04A8C05E57","695000","2018-09-14","EC2Y 8BT","F","N","L","FLAT 58","THOMAS MORE HOUSE","BARBICAN","","LONDON","CITY OF LONDON","GREATER LONDON","A","http://landregistry.data.gov.uk/data/ppi/transaction/773788C2-ED96-2CE4-E053-6C04A8C05E57/current"
"BC8936BB-C7A1-0E2C-E053-6C04A8C0DBF4","1065000","2021-01-29","EC2Y 8BT","F","N","L","FLAT 6","THOMAS MORE HOUSE","BARBICAN","","LONDON","CITY OF LONDON","GREATER LONDON","A","http://landregistry.data.gov.uk/data/ppi/transaction/BC8936BB-C7A1-0E2C-E053-6C04A8C0DBF4/current"
"5F54B81D-746C-2B45-E053-6B04A8C01FB0","950000","2017-10-18","EC2Y 8BT","F","N","L","FLAT 6","THOMAS MORE HOUSE","BARBICAN","","LONDON","CITY OF LONDON","GREATER LONDON","A","http://landregistry.data.gov.uk/data/ppi/transaction/5F54B81D-746C-2B45-E053-6B04A8C01FB0/current"
"79A74E21-E36A-1289-E053-6B04A8C01627","760000","2018-10-10","EC2Y 8BT","F","N","L","FLAT 60","THOMAS MORE HOUSE","BARBICAN","","LONDON","CITY OF LONDON","GREATER LONDON","A","http://landregistry.data.gov.uk/data/ppi/transaction/79A74E21-E36A-1289-E053-6B04A8C01627/current"
"93E6821E-98D9-40FD-E053-6B04A8C0C1DF","840000","2019-08-28","EC2Y 8BT","F","N","L","FLAT 67","THOMAS MORE HOUSE","BARBICAN","","LONDON","CITY OF LONDON","GREATER LONDON","A","http://landregistry.data.gov.uk/data/ppi/transaction/93E6821E-98D9-40FD-E053-6B04A8C0C1DF/current"
"FAC30766-CEE1-5E20-E053-4704A8C004EE","800000","2023-04-03","EC2Y 8BT","F","N","L","FLAT 7","THOMAS MORE HOUSE","BARBICAN","","LONDON","CITY OF LONDON","GREATER LONDON","A","http://landregistry.data.gov.uk/data/ppi/transaction/FAC30766-CEE1-5E20-E053-4704A8C004EE/current"
"E2D14905-CAA4-4C2D-E053-6B04A8C0422B","720000","2022-05-31","EC2Y 8BT","F","N","L","FLAT 7","THOMAS MORE HOUSE","BARBICAN","","LONDON","CITY OF LONDON","GREATER LONDON","A","http://landregistry.data.gov.uk/data/ppi/transaction/E2D14905-CAA4-4C2D-E053-6B04A8C0422B/current"
"666758D7-16FE-3363-E053-6B04A8C0D74E","920000","2018-01-26","EC2Y 8BT","F","N","L","FLAT 70","THOMAS MORE HOUSE","BARBICAN","","LONDON","CITY OF LONDON","GREATER LONDON","A","http://landregistry.data.gov.uk/data/ppi/transaction/666758D7-16FE-3363-E053-6B04A8C0D74E/current"
"36A61A94-3EB7-DEF2-E063-4704A8C046AE","925000","2024-12-09","EC2Y 8BT","F","N","L","FLAT 73","THOMAS MORE HOUSE","BARBICAN","","LONDON","CITY OF LONDON","GREATER LONDON","A","http://landregistry.data.gov.uk/data/ppi/transaction/36A61A94-3EB7-DEF2-E063-4704A8C046AE/current"
"152AB733-77F2-E651-E063-4704A8C061D9","890000","2023-09-13","EC2Y 8BT","F","N","L","FLAT 9","THOMAS MORE HOUSE","BARBICAN","","LONDON","CITY OF LONDON","GREATER LONDON","A","http://landregistry.data.gov.uk/data/ppi/transaction/152AB733-77F2-E651-E063-4704A8C061D9/current"
"6DA0844A-2E1E-30F2-E053-6B04A8C05F3B","900000","2018-04-19","EC2Y 8BU","F","N","L","FLAT 108","THOMAS MORE HOUSE","BARBICAN","","LONDON","CITY OF LONDON","GREATER LONDON","A","http://landregistry.data.gov.uk/data/ppi/transaction/6DA0844A-2E1E-30F2-E053-6B04A8C05F3B/current"
"152AB733-78B8-E651-E063-4704A8C061D9","910000","2023-12-08","EC2Y 8BU","F","N","L","FLAT 111","THOMAS MORE HOUSE","BARBICAN","","LONDON","CITY OF LONDON","GREATER LONDON","A","http://landregistry.data.gov.uk/data/ppi/transaction/152AB733-78B8-E651-E063-4704A8C061D9/current"
"4E75C29C-C853-8922-E063-4804A8C094D0","1040000","2025-11-05","EC2Y 8BU","F","N","L","FLAT 112","THOMAS MORE HOUSE","BARBICAN","","LONDON","CITY OF LONDON","GREATER LONDON","A","http://landregistry.data.gov.uk/data/ppi/transaction/4E75C29C-C853-8922-E063-4804A8C094D0/current"
"AC07BBCF-CD06-0445-E053-6C04A8C01E31","975000","2020-05-29","EC2Y 8BU","F","N","L","FLAT 112","THOMAS MORE HOUSE","BARBICAN","","LONDON","CITY OF LONDON","GREATER LONDON","A","http://landregistry.data.gov.uk/data/ppi/transaction/AC07BBCF-CD06-0445-E053-6C04A8C01E31/current"
"369DFB15-FE99-3A19-E050-A8C0620518C6","965000","2016-06-03","EC2Y 8BU","F","N","L","FLAT 112","THOMAS MORE HOUSE","BARBICAN","","LONDON","CITY OF LONDON","GREATER LONDON","A","http://landregistry.data.gov.uk/data/ppi/transaction/369DFB15-FE99-3A19-E050-A8C0620518C6/current"
"2131FCF5-AB5A-86E8-E063-4804A8C0372B","720000","2024-04-22","EC2Y 8BU","F","N","L","FLAT 119","THOMAS MORE HOUSE","BARBICAN","","LONDON","CITY OF LONDON","GREATER LONDON","A","http://landregistry.data.gov.uk/data/ppi/transaction/2131FCF5-AB5A-86E8-E063-4804A8C0372B/current"
"CD5A9DCC-22C3-310A-E053-6C04A8C00A1F","665000","2020-11-06","EC2Y 8BU","F","N","L","FLAT 119","THOMAS MORE HOUSE","BARBICAN","","LONDON","CITY OF LONDON","GREATER LONDON","A","http://landregistry.data.gov.uk/data/ppi/transaction/CD5A9DCC-22C3-310A-E053-6C04A8C00A1F/current"
"64342BFE-9001-422C-E053-6C04A8C0FB8A","765000","2018-01-09","EC2Y 8BU","F","N","L","FLAT 120","THOMAS MORE HOUSE","BARBICAN","","LONDON","CITY OF LONDON","GREATER LONDON","A","http://landregistry.data.gov.uk/data/ppi/transaction/64342BFE-9001-422C-E053-6C04A8C0FB8A/current"
"8CAC1318-7F40-0253-E053-6B04A8C08E51","795000","2019-05-28","EC2Y 8BU","F","N","L","FLAT 125","THOMAS MORE HOUSE","BARBICAN","","LONDON","CITY OF LONDON","GREATER LONDON","A","http://landregistry.data.gov.uk/data/ppi/transaction/8CAC1318-7F40-0253-E053-6B04A8C08E51/current"
"F16F63C5-59A5-0491-E053-6C04A8C032ED","815000","2021-09-30","EC2Y 8BU","F","N","L","FLAT 126","THOMAS MORE HOUSE","BARBICAN","","LONDON","CITY OF LONDON","GREATER LONDON","A","http://landregistry.data.gov.uk/data/ppi/transaction/F16F63C5-59A5-0491-E053-6C04A8C032ED/current"
"80E1AA98-65E4-7BF8-E053-6C04A8C00BF2","806000","2018-12-17","EC2Y 8BU","F","N","L","FLAT 127","THOMAS MORE HOUSE","BARBICAN","","LONDON","CITY OF LONDON","GREATER LONDON","A","http://landregistry.data.gov.uk/data/ppi/transaction/80E1AA98-65E4-7BF8-E053-6C04A8C00BF2/current"
"2D4D7608-DEC5-BDF9-E063-4804A8C0672F","872000","2025-01-07","EC2Y 8BU","F","N","L","FLAT 129","THOMAS MORE HOUSE","BARBICAN","","LONDON","CITY OF LONDON","GREATER LONDON","A","http://landregistry.data.gov.uk/data/ppi/transaction/2D4D7608-DEC5-BDF9-E063-4804A8C0672F/current"
"34222871-EA05-4D2B-E063-4704A8C07853","925000","2025-02-26","EC2Y 8BU","F","N","L","FLAT 133","THOMAS MORE HOUSE","BARBICAN","","LONDON","CITY OF LONDON","GREATER LONDON","A","http://landregistry.data.gov.uk/data/ppi/transaction/34222871-EA05-4D2B-E063-4704A8C07853/current"
"2F7F2B42-A0FF-E08F-E063-4804A8C05A49","775000","2024-10-09","EC2Y 8BU","F","N","L","FLAT 134","THOMAS MORE HOUSE","BARBICAN","","LONDON","CITY OF LONDON","GREATER LONDON","A","http://landregistry.data.gov.uk/data/ppi/transaction/2F7F2B42-A0FF-E08F-E063-4804A8C05A49/current"
"EA3278A9-760E-2676-E053-6B04A8C015F8","475000","2022-07-06","EC2Y 8BU","F","N","L","FLAT 136","THOMAS MORE HOUSE","BARBICAN","","LONDON","CITY OF LONDON","GREATER LONDON","A","http://landregistry.data.gov.uk/data/ppi/transaction/EA3278A9-760E-2676-E053-6B04A8C015F8/current"
"D707E534-B6A4-0AD9-E053-6B04A8C067CC","712500","2021-09-13","EC2Y 8BU","F","N","L","FLAT 138","THOMAS MORE HOUSE","BARBICAN","","LONDON","CITY OF LONDON","GREATER LONDON","A","http://landregistry.data.gov.uk/data/ppi/transaction/D707E534-B6A4-0AD9-E053-6B04A8C067CC/current"
"34222871-E85C-4D2B-E063-4704A8C07853","715000","2025-03-14","EC2Y 8BU","F","N","L","FLAT 139","THOMAS MORE HOUSE","BARBICAN","","LONDON","CITY OF LONDON","GREATER LONDON","A","http://landregistry.data.gov.uk/data/ppi/transaction/34222871-E85C-4D2B-E063-4704A8C07853/current"
"FAC30766-CF09-5E20-E053-4704A8C004EE","675000","2022-12-09","EC2Y 8BU","F","N","L","FLAT 140","THOMAS MORE HOUSE","BARBICAN","","LONDON","CITY OF LONDON","GREATER LONDON","A","http://landregistry.data.gov.uk/data/ppi/transaction/FAC30766-CF09-5E20-E053-4704A8C004EE/current"
"D93B27B1-16EA-3100-E053-6C04A8C08887","825000","2022-01-28","EC2Y 8BU","F","N","L","FLAT 144","THOMAS MORE HOUSE","BARBICAN","","LONDON","CITY OF LONDON","GREATER LONDON","A","http://landregistry.data.gov.uk/data/ppi/transaction/D93B27B1-16EA-3100-E053-6C04A8C08887/current"
"31C68071-B066-FEE3-E063-4804A8C04F37","860000","2025-02-27","EC2Y 8BU","F","N","L","FLAT 146","THOMAS MORE HOUSE","BARBICAN","","LONDON","CITY OF LONDON","GREATER LONDON","A","http://landregistry.data.gov.uk/data/ppi/transaction/31C68071-B066-FEE3-E063-4804A8C04F37/current"
"EC7AD099-FB56-9200-E053-6C04A8C0E306","880000","2022-09-14","EC2Y 8BU","F","N","L","FLAT 152","THOMAS MORE HOUSE","BARBICAN","","LONDON","CITY OF LONDON","GREATER LONDON","A","http://landregistry.data.gov.uk/data/ppi/transaction/EC7AD099-FB56-9200-E053-6C04A8C0E306/current"
"5A9D8B55-74A3-68EB-E053-6B04A8C0D293","790000","2017-08-07","EC2Y 8BU","F","N","L","FLAT 154","THOMAS MORE HOUSE","BARBICAN","","LONDON","CITY OF LONDON","GREATER LONDON","A","http://landregistry.data.gov.uk/data/ppi/transaction/5A9D8B55-74A3-68EB-E053-6B04A8C0D293/current"
"87E1551E-EA38-6405-E053-6C04A8C0B2EE","476000","2019-03-08","EC2Y 8BU","F","N","L","FLAT 156","THOMAS MORE HOUSE","BARBICAN","","LONDON","CITY OF LONDON","GREATER LONDON","B","http://landregistry.data.gov.uk/data/ppi/transaction/87E1551E-EA38-6405-E053-6C04A8C0B2EE/current"
"50D10B84-3D99-B8D0-E063-4704A8C08D98","700000","2025-07-30","EC2Y 8BU","F","N","L","FLAT 157","THOMAS MORE HOUSE","BARBICAN","","LONDON","CITY OF LONDON","GREATER LONDON","A","http://landregistry.data.gov.uk/data/ppi/transaction/50D10B84-3D99-B8D0-E063-4704A8C08D98/current"
"B82222ED-16A4-6691-E053-6B04A8C02FB2","640000","2020-11-13","EC2Y 8BU","F","N","L","FLAT 157","THOMAS MORE HOUSE","BARBICAN","","LONDON","CITY OF LONDON","GREATER LONDON","A","http://landregistry.data.gov.uk/data/ppi/transaction/B82222ED-16A4-6691-E053-6B04A8C02FB2/current"
"8F1B26BD-F86D-53DB-E053-6C04A8C03649","1000000","2019-07-11","EC2Y 8BU","F","N","L","FLAT 159","THOMAS MORE HOUSE","BARBICAN","","LONDON","CITY OF LONDON","GREATER LONDON","A","http://landregistry.data.gov.uk/data/ppi/transaction/8F1B26BD-F86D-53DB-E053-6C04A8C03649/current"
"A71375FD-D6B1-7576-E053-6C04A8C0462F","1035000","2020-03-16","EC2Y 8BU","F","N","L","FLAT 163","THOMAS MORE HOUSE","BARBICAN","","LONDON","CITY OF LONDON","GREATER LONDON","A","http://landregistry.data.gov.uk/data/ppi/transaction/A71375FD-D6B1-7576-E053-6C04A8C0462F/current"
"06C9F487-1974-9388-E063-4804A8C0BD98","475000","2023-08-11","EC2Y 8BU","F","N","L","FLAT 77","THOMAS MORE HOUSE","BARBICAN","","LONDON","CITY OF LONDON","GREATER LONDON","A","http://landregistry.data.gov.uk/data/ppi/transaction/06C9F487-1974-9388-E063-4804A8C0BD98/current"
"773788C2-ED84-2CE4-E053-6C04A8C05E57","510000","2018-08-24","EC2Y 8BU","F","N","L","FLAT 77","THOMAS MORE HOUSE","BARBICAN","","LONDON","CITY OF LONDON","GREATER LONDON","A","http://landregistry.data.gov.uk/data/ppi/transaction/773788C2-ED84-2CE4-E053-6C04A8C05E57/current"
"5CF9903C-EC35-7F13-E053-6C04A8C074B1","860000","2017-10-12","EC2Y 8BU","F","N","L","FLAT 84","THOMAS MORE HOUSE","BARBICAN","","LONDON","CITY OF LONDON","GREATER LONDON","B","http://landregistry.data.gov.uk/data/ppi/transaction/5CF9903C-EC35-7F13-E053-6C04A8C074B1/current"
"A2479555-1265-74C7-E053-6B04A8C0887D","895000","2020-03-03","EC2Y 8BU","F","N","L","FLAT 87","THOMAS MORE HOUSE","BARBICAN","","LONDON","CITY OF LONDON","GREATER LONDON","B","http://landregistry.data.gov.uk/data/ppi/transaction/A2479555-1265-74C7-E053-6B04A8C0887D/current"
"045A1898-D511-9A24-E063-4804A8C048EA","875000","2023-06-30","EC2Y 8BU","F","N","L","FLAT 90","THOMAS MORE HOUSE","BARBICAN","","LONDON","CITY OF LONDON","GREATER LONDON","A","http://landregistry.data.gov.uk/data/ppi/transaction/045A1898-D511-9A24-E063-4804A8C048EA/current"
"BA558B32-D7D6-76EF-E053-6B04A8C0B4B7","645000","2020-11-30","EC2Y 8BX","F","N","L","FLAT 101","SEDDON HOUSE","BARBICAN","","LONDON","CITY OF LONDON","GREATER LONDON","A","http://landregistry.data.gov.uk/data/ppi/transaction/BA558B32-D7D6-76EF-E053-6B04A8C0B4B7/current"
"0B85394F-8C5C-69A5-E063-4704A8C07DAC","970000","2023-10-27","EC2Y 8BX","F","N","L","FLAT 102","SEDDON HOUSE","BARBICAN","","LONDON","CITY OF LONDON","GREATER LONDON","A","http://landregistry.data.gov.uk/data/ppi/transaction/0B85394F-8C5C-69A5-E063-4704A8C07DAC/current"
"01EB45EF-6670-40F3-E063-4704A8C05FDE","1000000","2023-06-22","EC2Y 8BX","F","N","L","FLAT 105","SEDDON HOUSE","BARBICAN","","LONDON","CITY OF LONDON","GREATER LONDON","A","http://landregistry.data.gov.uk/data/ppi/transaction/01EB45EF-6670-40F3-E063-4704A8C05FDE/current"
"F87E72F8-8A61-176C-E053-6B04A8C0D2BE","1000000","2023-03-10","EC2Y 8BX","F","N","L","FLAT 109","SEDDON HOUSE","BARBICAN","","LONDON","CITY OF LONDON","GREATER LONDON","A","http://landregistry.data.gov.uk/data/ppi/transaction/F87E72F8-8A61-176C-E053-6B04A8C0D2BE/current"
"3DCCB7C9-945D-5B9D-E063-4704A8C0331E","780000","2025-03-13","EC2Y 8BX","F","N","L","FLAT 110","SEDDON HOUSE","BARBICAN","","LONDON","CITY OF LONDON","GREATER LONDON","A","http://landregistry.data.gov.uk/data/ppi/transaction/3DCCB7C9-945D-5B9D-E063-4704A8C0331E/current"
"4E95D757-1376-EDA1-E050-A8C0630539E2","835000","2017-03-15","EC2Y 8BX","F","N","L","FLAT 203","SEDDON HOUSE","BARBICAN","","LONDON","CITY OF LONDON","GREATER LONDON","A","http://landregistry.data.gov.uk/data/ppi/transaction/4E95D757-1376-EDA1-E050-A8C0630539E2/current"
"F16F63C5-EB92-0491-E053-6C04A8C032ED","770000","2022-10-11","EC2Y 8BX","F","N","L","FLAT 206","SEDDON HOUSE","BARBICAN","","LONDON","CITY OF LONDON","GREATER LONDON","A","http://landregistry.data.gov.uk/data/ppi/transaction/F16F63C5-EB92-0491-E053-6C04A8C032ED/current"
"2ACACE8C-85FB-295E-E063-4804A8C0B0EB","1025000","2024-07-31","EC2Y 8BX","F","N","L","FLAT 209","SEDDON HOUSE","BARBICAN","","LONDON","CITY OF LONDON","GREATER LONDON","A","http://landregistry.data.gov.uk/data/ppi/transaction/2ACACE8C-85FB-295E-E063-4804A8C0B0EB/current"
"DE2D0CDF-43F6-51EE-E053-6C04A8C00671","830000","2021-11-26","EC2Y 8BX","F","N","L","FLAT 306","SEDDON HOUSE","BARBICAN","","LONDON","CITY OF LONDON","GREATER LONDON","A","http://landregistry.data.gov.uk/data/ppi/transaction/DE2D0CDF-43F6-51EE-E053-6C04A8C00671/current"
"1061746D-9E1D-3C34-E063-4804A8C0F9E7","795000","2024-01-12","EC2Y 8BX","F","N","L","FLAT 308","SEDDON HOUSE","BARBICAN","","LONDON","CITY OF LONDON","GREATER LONDON","A","http://landregistry.data.gov.uk/data/ppi/transaction/1061746D-9E1D-3C34-E063-4804A8C0F9E7/current"
"68FEB20B-1506-38DA-E053-6C04A8C051AE","770000","2017-12-21","EC2Y 8BX","F","N","L","FLAT 308","SEDDON HOUSE","BARBICAN","","LONDON","CITY OF LONDON","GREATER LONDON","A","http://landregistry.data.gov.uk/data/ppi/transaction/68FEB20B-1506-38DA-E053-6C04A8C051AE/current"
"93E6821E-9945-40FD-E053-6B04A8C0C1DF","940000","2019-08-23","EC2Y 8BX","F","N","L","FLAT 309","SEDDON HOUSE","BARBICAN","","LONDON","CITY OF LONDON","GREATER LONDON","A","http://landregistry.data.gov.uk/data/ppi/transaction/93E6821E-9945-40FD-E053-6B04A8C0C1DF/current"
"EC7AD099-3878-9200-E053-6C04A8C0E306","825000","2022-08-31","EC2Y 8BX","F","N","L","FLAT 401","SEDDON HOUSE","BARBICAN","","LONDON","CITY OF LONDON","GREATER LONDON","A","http://landregistry.data.gov.uk/data/ppi/transaction/EC7AD099-3878-9200-E053-6C04A8C0E306/current"
"49E87C31-D07F-591C-E063-4704A8C00C31","975000","2025-12-09","EC2Y 8BX","F","N","L","FLAT 409","SEDDON HOUSE","BARBICAN","","LONDON","CITY OF LONDON","GREATER LONDON","A","http://landregistry.data.gov.uk/data/ppi/transaction/49E87C31-D07F-591C-E063-4704A8C00C31/current"
"75050A85-6E1B-9A88-E053-6B04A8C02390","633333","2018-07-16","EC2Y 8BX","F","N","L","FLAT 411","SEDDON HOUSE","BARBICAN","","LONDON","CITY OF LONDON","GREATER LONDON","A","http://landregistry.data.gov.uk/data/ppi/transaction/75050A85-6E1B-9A88-E053-6B04A8C02390/current"
"9FF0D969-FD08-11ED-E053-6C04A8C06383","1055000","2020-02-05","EC2Y 8BX","F","N","L","FLAT 511","SEDDON HOUSE","BARBICAN","","LONDON","CITY OF LONDON","GREATER LONDON","A","http://landregistry.data.gov.uk/data/ppi/transaction/9FF0D969-FD08-11ED-E053-6C04A8C06383/current"
"2FD36065-CFCF-4BF8-E050-A8C0620562B1","2100000","2016-02-26","EC2Y 8BX","F","N","L","FLAT 607","SEDDON HOUSE","BARBICAN","","LONDON","CITY OF LONDON","GREATER LONDON","A","http://landregistry.data.gov.uk/data/ppi/transaction/2FD36065-CFCF-4BF8-E050-A8C0620562B1/current"
"8F1B26BD-F7B2-53DB-E053-6C04A8C03649","1430000","2019-05-30","EC2Y 8BX","F","N","L","FLAT 608","SEDDON HOUSE","BARBICAN","","LONDON","CITY OF LONDON","GREATER LONDON","A","http://landregistry.data.gov.uk/data/ppi/transaction/8F1B26BD-F7B2-53DB-E053-6C04A8C03649/current"
"8F1B26BD-F86A-53DB-E053-6C04A8C03649","430000","2019-07-12","EC2Y 8BX","F","N","L","FLAT 703","SEDDON HOUSE","BARBICAN","","LONDON","CITY OF LONDON","GREATER LONDON","A","http://landregistry.data.gov.uk/data/ppi/transaction/8F1B26BD-F86A-53DB-E053-6C04A8C03649/current"
"75050A85-6C7A-9A88-E053-6B04A8C02390","1675000","2018-07-20","EC2Y 8BY","F","N","L","FLAT 102","LAUDERDALE TOWER","BARBICAN","","LONDON","CITY OF LONDON","GREATER LONDON","A","http://landregistry.data.gov.uk/data/ppi/transaction/75050A85-6C7A-9A88-E053-6B04A8C02390/current"
"31FB4C17-AEE0-57B9-E050-A8C063053436","1650000","2016-04-20","EC2Y 8BY","F","N","L","FLAT 102","LAUDERDALE TOWER","BARBICAN","","LONDON","CITY OF LONDON","GREATER LONDON","A","http://landregistry.data.gov.uk/data/ppi/transaction/31FB4C17-AEE0-57B9-E050-A8C063053436/current"
"EA3278AA-3ECA-2676-E053-6B04A8C015F8","1570000","2022-08-22","EC2Y 8BY","F","N","L","FLAT 111","LAUDERDALE TOWER","BARBICAN","","LONDON","CITY OF LONDON","GREATER LONDON","A","http://landregistry.data.gov.uk/data/ppi/transaction/EA3278AA-3ECA-2676-E053-6B04A8C015F8/current"
"F16F63C5-EBEB-0491-E053-6C04A8C032ED","1650000","2022-11-14","EC2Y 8BY","F","N","L","FLAT 121","LAUDERDALE TOWER","BARBICAN","","LONDON","CITY OF LONDON","GREATER LONDON","A","http://landregistry.data.gov.uk/data/ppi/transaction/F16F63C5-EBEB-0491-E053-6C04A8C032ED/current"
"E073986B-8354-2134-E053-6C04A8C0233B","1500000","2022-04-14","EC2Y 8BY","F","N","L","FLAT 131","LAUDERDALE TOWER","BARBICAN","","LONDON","CITY OF LONDON","GREATER LONDON","A","http://landregistry.data.gov.uk/data/ppi/transaction/E073986B-8354-2134-E053-6C04A8C0233B/current"
"402A3A65-7631-A7DF-E063-4804A8C0B80D","1550000","2025-03-28","EC2Y 8BY","F","N","L","FLAT 132","LAUDERDALE TOWER","BARBICAN","","LONDON","CITY OF LONDON","GREATER LONDON","A","http://landregistry.data.gov.uk/data/ppi/transaction/402A3A65-7631-A7DF-E063-4804A8C0B80D/current"
"31FB4C17-AE34-57B9-E050-A8C063053436","1850000","2016-03-30","EC2Y 8BY","F","N","L","FLAT 132","LAUDERDALE TOWER","BARBICAN","","LONDON","CITY OF LONDON","GREATER LONDON","A","http://landregistry.data.gov.uk/data/ppi/transaction/31FB4C17-AE34-57B9-E050-A8C063053436/current"
"FD226035-7A26-4CB7-E053-4804A8C00430","2100000","2023-04-05","EC2Y 8BY","F","N","L","FLAT 133","LAUDERDALE TOWER","BARBICAN","","LONDON","CITY OF LONDON","GREATER LONDON","A","http://landregistry.data.gov.uk/data/ppi/transaction/FD226035-7A26-4CB7-E053-4804A8C00430/current"
"01EB45EF-6653-40F3-E063-4704A8C05FDE","1630000","2023-06-14","EC2Y 8BY","F","N","L","FLAT 142","LAUDERDALE TOWER","BARBICAN","","LONDON","CITY OF LONDON","GREATER LONDON","A","http://landregistry.data.gov.uk/data/ppi/transaction/01EB45EF-6653-40F3-E063-4704A8C05FDE/current"
"55BDCAE6-3FF3-521D-E053-6B04A8C0DD7A","1680000","2017-06-20","EC2Y 8BY","F","N","L","FLAT 161","LAUDERDALE TOWER","BARBICAN","","LONDON","CITY OF LONDON","GREATER LONDON","A","http://landregistry.data.gov.uk/data/ppi/transaction/55BDCAE6-3FF3-521D-E053-6B04A8C0DD7A/current"
"E073986A-BD1D-2134-E053-6C04A8C0233B","1895000","2022-01-07","EC2Y 8BY","F","N","L","FLAT 163","LAUDERDALE TOWER","BARBICAN","","LONDON","CITY OF LONDON","GREATER LONDON","A","http://landregistry.data.gov.uk/data/ppi/transaction/E073986A-BD1D-2134-E053-6C04A8C0233B/current"
"EA3278A9-756C-2676-E053-6B04A8C015F8","1650000","2022-09-14","EC2Y 8BY","F","N","L","FLAT 182","LAUDERDALE TOWER","BARBICAN","","LONDON","CITY OF LONDON","GREATER LONDON","A","http://landregistry.data.gov.uk/data/ppi/transaction/EA3278A9-756C-2676-E053-6B04A8C015F8/current"
"8F1B26BD-F906-53DB-E053-6C04A8C03649","1635000","2019-06-21","EC2Y 8BY","F","N","L","FLAT 202","LAUDERDALE TOWER","BARBICAN","","LONDON","CITY OF LONDON","GREATER LONDON","A","http://landregistry.data.gov.uk/data/ppi/transaction/8F1B26BD-F906-53DB-E053-6C04A8C03649/current"
"C3C3F9B5-50E9-362B-E053-6B04A8C03ACC","1585000","2021-03-03","EC2Y 8BY","F","N","L","FLAT 222","LAUDERDALE TOWER","BARBICAN","","LONDON","CITY OF LONDON","GREATER LONDON","A","http://landregistry.data.gov.uk/data/ppi/transaction/C3C3F9B5-50E9-362B-E053-6B04A8C03ACC/current"
"79A74E21-E504-1289-E053-6B04A8C01627","1925000","2018-10-16","EC2Y 8BY","F","N","L","FLAT 241","LAUDERDALE TOWER","BARBICAN","","LONDON","CITY OF LONDON","GREATER LONDON","A","http://landregistry.data.gov.uk/data/ppi/transaction/79A74E21-E504-1289-E053-6B04A8C01627/current"
"CB0035E6-0A2F-58AE-E053-6B04A8C091AF","1550000","2021-06-07","EC2Y 8BY","F","N","L","FLAT 242","LAUDERDALE TOWER","BARBICAN","","LONDON","CITY OF LONDON","GREATER LONDON","A","http://landregistry.data.gov.uk/data/ppi/transaction/CB0035E6-0A2F-58AE-E053-6B04A8C091AF/current"
"09266DDB-79A1-AF90-E063-4704A8C02087","1500000","2023-05-18","EC2Y 8BY","F","N","L","FLAT 251","LAUDERDALE TOWER","BARBICAN","","LONDON","CITY OF LONDON","GREATER LONDON","A","http://landregistry.data.gov.uk/data/ppi/transaction/09266DDB-79A1-AF90-E063-4704A8C02087/current"
"D4D42646-1201-27F6-E053-6C04A8C0A572","2110000","2021-09-29","EC2Y 8BY","F","N","L","FLAT 263","LAUDERDALE TOWER","BARBICAN","","LONDON","CITY OF LONDON","GREATER LONDON","A","http://landregistry.data.gov.uk/data/ppi/transaction/D4D42646-1201-27F6-E053-6C04A8C0A572/current"
"CD5A9DCB-C1E2-310A-E053-6C04A8C00A1F","1650000","2021-05-25","EC2Y 8BY","F","N","L","FLAT 271","LAUDERDALE TOWER","BARBICAN","","LONDON","CITY OF LONDON","GREATER LONDON","A","http://landregistry.data.gov.uk/data/ppi/transaction/CD5A9DCB-C1E2-310A-E053-6C04A8C00A1F/current"
"42A5A708-BB73-56E8-E050-A8C06205331E","1850000","2016-06-03","EC2Y 8BY","F","N","L","FLAT 272","LAUDERDALE TOWER","BARBICAN","","LONDON","CITY OF LONDON","GREATER LONDON","A","http://landregistry.data.gov.uk/data/ppi/transaction/42A5A708-BB73-56E8-E050-A8C06205331E/current"
"39140479-F254-3206-E050-A8C063057647","1520000","2016-07-21","EC2Y 8BY","F","N","L","FLAT 31","LAUDERDALE TOWER","BARBICAN","","LONDON","CITY OF LONDON","GREATER LONDON","A","http://landregistry.data.gov.uk/data/ppi/transaction/39140479-F254-3206-E050-A8C063057647/current"
"31FB4C17-B09F-57B9-E050-A8C063053436","1375000","2016-03-16","EC2Y 8BY","F","N","L","FLAT 32","LAUDERDALE TOWER","BARBICAN","","LONDON","CITY OF LONDON","GREATER LONDON","A","http://landregistry.data.gov.uk/data/ppi/transaction/31FB4C17-B09F-57B9-E050-A8C063053436/current"
"AC07BBCF-CD15-0445-E053-6C04A8C01E31","1350000","2020-06-09","EC2Y 8BY","F","N","L","FLAT 33","LAUDERDALE TOWER","BARBICAN","","LONDON","CITY OF LONDON","GREATER LONDON","A","http://landregistry.data.gov.uk/data/ppi/transaction/AC07BBCF-CD15-0445-E053-6C04A8C01E31/current"
"6DA0844A-2D08-30F2-E053-6B04A8C05F3B","1420000","2018-02-23","EC2Y 8BY","F","N","L","FLAT 42","LAUDERDALE TOWER","BARBICAN","","LONDON","CITY OF LONDON","GREATER LONDON","A","http://landregistry.data.gov.uk/data/ppi/transaction/6DA0844A-2D08-30F2-E053-6B04A8C05F3B/current"
"3DCCB7C9-94C7-5B9D-E063-4704A8C0331E","1375000","2025-02-26","EC2Y 8BY","F","N","L","FLAT 51","LAUDERDALE TOWER","BARBICAN","","LONDON","CITY OF LONDON","GREATER LONDON","A","http://landregistry.data.gov.uk/data/ppi/transaction/3DCCB7C9-94C7-5B9D-E063-4704A8C0331E/current"
"31FB4C17-B12C-57B9-E050-A8C063053436","1450000","2016-03-30","EC2Y 8BY","F","N","L","FLAT 52","LAUDERDALE TOWER","BARBICAN","","LONDON","CITY OF LONDON","GREATER LONDON","A","http://landregistry.data.gov.uk/data/ppi/transaction/31FB4C17-B12C-57B9-E050-A8C063053436/current"
"EED73E75-1A4E-6AF3-E053-6C04A8C08ABA","1400000","2022-08-01","EC2Y 8BY","F","N","L","FLAT 62","LAUDERDALE TOWER","BARBICAN","","LONDON","CITY OF LONDON","GREATER LONDON","A","http://landregistry.data.gov.uk/data/ppi/transaction/EED73E75-1A4E-6AF3-E053-6C04A8C08ABA/current"
"FFA361DA-7C4A-8A03-E053-4804A8C01F61","1780000","2023-05-23","EC2Y 8BY","F","N","L","FLAT 63","LAUDERDALE TOWER","BARBICAN","","LONDON","CITY OF LONDON","GREATER LONDON","A","http://landregistry.data.gov.uk/data/ppi/transaction/FFA361DA-7C4A-8A03-E053-4804A8C01F61/current"
"5376B386-5635-34C1-E053-6B04A8C09FF6","110000","2017-06-07","EC2Y 8BY","O","N","L","UNIT 1","LAUDERDALE TOWER","BARBICAN","","LONDON","CITY OF LONDON","GREATER LONDON","B","http://landregistry.data.gov.uk/data/ppi/transaction/5376B386-5635-34C1-E053-6B04A8C09FF6/current"
"919FEC04-D242-9A90-E053-6C04A8C0A300","1800000","2019-08-08","EC2Y 8DD","F","N","L","FLAT 103","CROMWELL TOWER","BARBICAN","","LONDON","CITY OF LONDON","GREATER LONDON","A","http://landregistry.data.gov.uk/data/ppi/transaction/919FEC04-D242-9A90-E053-6C04A8C0A300/current"
"61D8894E-2530-3DE6-E053-6C04A8C01207","1450000","2017-12-12","EC2Y 8DD","F","N","L","FLAT 122","CROMWELL TOWER","BARBICAN","","LONDON","CITY OF LONDON","GREATER LONDON","A","http://landregistry.data.gov.uk/data/ppi/transaction/61D8894E-2530-3DE6-E053-6C04A8C01207/current"
"A96E4ACC-5E3E-9205-E053-6C04A8C0DA09","2000000","2020-04-08","EC2Y 8DD","F","N","L","FLAT 123","CROMWELL TOWER","BARBICAN","","LONDON","CITY OF LONDON","GREATER LONDON","A","http://landregistry.data.gov.uk/data/ppi/transaction/A96E4ACC-5E3E-9205-E053-6C04A8C0DA09/current"
"42C129E4-E022-60A9-E063-4804A8C0C25D","1835000","2025-05-09","EC2Y 8DD","F","N","L","FLAT 163","CROMWELL TOWER","BARBICAN","","LONDON","CITY OF LONDON","GREATER LONDON","A","http://landregistry.data.gov.uk/data/ppi/transaction/42C129E4-E022-60A9-E063-4804A8C0C25D/current"
"36A61A94-7E81-DEF2-E063-4704A8C046AE","1335000","2025-04-28","EC2Y 8DD","F","N","L","FLAT 171","CROMWELL TOWER","BARBICAN","","LONDON","CITY OF LONDON","GREATER LONDON","A","http://landregistry.data.gov.uk/data/ppi/transaction/36A61A94-7E81-DEF2-E063-4704A8C046AE/current"
"44F406B6-AD91-1095-E063-4704A8C048D4","1600000","2025-11-11","EC2Y 8DD","F","N","L","FLAT 172","CROMWELL TOWER","BARBICAN","","LONDON","CITY OF LONDON","GREATER LONDON","A","http://landregistry.data.gov.uk/data/ppi/transaction/44F406B6-AD91-1095-E063-4704A8C048D4/current"
"7011B109-A5EB-8ED6-E053-6B04A8C075C1","1925000","2018-04-30","EC2Y 8DD","F","N","L","FLAT 173","CROMWELL TOWER","BARBICAN","","LONDON","CITY OF LONDON","GREATER LONDON","A","http://landregistry.data.gov.uk/data/ppi/transaction/7011B109-A5EB-8ED6-E053-6B04A8C075C1/current"
"DE2D0CDF-444A-51EE-E053-6C04A8C00671","1620000","2022-04-06","EC2Y 8DD","F","N","L","FLAT 192","CROMWELL TOWER","BARBICAN","","LONDON","CITY OF LONDON","GREATER LONDON","A","http://landregistry.data.gov.uk/data/ppi/transaction/DE2D0CDF-444A-51EE-E053-6C04A8C00671/current"
"C3C3F9B6-102B-362B-E053-6B04A8C03ACC","1125000","2021-03-16","EC2Y 8DD","F","N","L","FLAT 21","CROMWELL TOWER","BARBICAN","","LONDON","CITY OF LONDON","GREATER LONDON","A","http://landregistry.data.gov.uk/data/ppi/transaction/C3C3F9B6-102B-362B-E053-6B04A8C03ACC/current"
"50F18102-A917-9FD5-E050-A8C063054923","1775000","2017-01-16","EC2Y 8DD","F","N","L","FLAT 212","CROMWELL TOWER","BARBICAN","","LONDON","CITY OF LONDON","GREATER LONDON","A","http://landregistry.data.gov.uk/data/ppi/transaction/50F18102-A917-9FD5-E050-A8C063054923/current"
"D93B27B0-343D-3100-E053-6C04A8C08887","1875000","2021-09-10","EC2Y 8DD","F","N","L","FLAT 213","CROMWELL TOWER","BARBICAN","","LONDON","CITY OF LONDON","GREATER LONDON","A","http://landregistry.data.gov.uk/data/ppi/transaction/D93B27B0-343D-3100-E053-6C04A8C08887/current"
"152AB733-78DC-E651-E063-4704A8C061D9","1800000","2023-08-04","EC2Y 8DD","F","N","L","FLAT 221","CROMWELL TOWER","BARBICAN","","LONDON","CITY OF LONDON","GREATER LONDON","A","http://landregistry.data.gov.uk/data/ppi/transaction/152AB733-78DC-E651-E063-4704A8C061D9/current"
"75050A85-6C98-9A88-E053-6B04A8C02390","1800000","2018-07-27","EC2Y 8DD","F","N","L","FLAT 221","CROMWELL TOWER","BARBICAN","","LONDON","CITY OF LONDON","GREATER LONDON","A","http://landregistry.data.gov.uk/data/ppi/transaction/75050A85-6C98-9A88-E053-6B04A8C02390/current"
"CB0035E6-0990-58AE-E053-6B04A8C091AF","1250000","2021-04-01","EC2Y 8DD","F","N","L","FLAT 23","CROMWELL TOWER","BARBICAN","","LONDON","CITY OF LONDON","GREATER LONDON","A","http://landregistry.data.gov.uk/data/ppi/transaction/CB0035E6-0990-58AE-E053-6B04A8C091AF/current"
"4E95D757-A69B-EDA1-E050-A8C0630539E2","1850000","2017-03-30","EC2Y 8DD","F","N","L","FLAT 233","CROMWELL TOWER","BARBICAN","","LONDON","CITY OF LONDON","GREATER LONDON","A","http://landregistry.data.gov.uk/data/ppi/transaction/4E95D757-A69B-EDA1-E050-A8C0630539E2/current"
"E7B085FC-8A67-7E31-E053-6C04A8C0E67F","1550000","2022-05-06","EC2Y 8DD","F","N","L","FLAT 242","CROMWELL TOWER","BARBICAN","","LONDON","CITY OF LONDON","GREATER LONDON","A","http://landregistry.data.gov.uk/data/ppi/transaction/E7B085FC-8A67-7E31-E053-6C04A8C0E67F/current"
"75050A85-6D0D-9A88-E053-6B04A8C02390","2000000","2018-07-12","EC2Y 8DD","F","N","L","FLAT 263","CROMWELL TOWER","BARBICAN","","LONDON","CITY OF LONDON","GREATER LONDON","A","http://landregistry.data.gov.uk/data/ppi/transaction/75050A85-6D0D-9A88-E053-6B04A8C02390/current"
"1C3E72FD-C4FD-F410-E063-4804A8C0DFA6","1700000","2024-05-09","EC2Y 8DD","F","N","L","FLAT 271","CROMWELL TOWER","BARBICAN","","LONDON","CITY OF LONDON","GREATER LONDON","A","http://landregistry.data.gov.uk/data/ppi/transaction/1C3E72FD-C4FD-F410-E063-4804A8C0DFA6/current"
"5340B1C5-16C3-8052-E063-4804A8C06EE4","1600000","2025-11-21","EC2Y 8DD","F","N","L","FLAT 272","CROMWELL TOWER","BARBICAN","","LONDON","CITY OF LONDON","GREATER LONDON","A","http://landregistry.data.gov.uk/data/ppi/transaction/5340B1C5-16C3-8052-E063-4804A8C06EE4/current"
"0E082196-AD5A-5C09-E063-4704A8C0A10E","2300000","2023-06-01","EC2Y 8DD","F","N","L","FLAT 293","CROMWELL TOWER","BARBICAN","","LONDON","CITY OF LONDON","GREATER LONDON","A","http://landregistry.data.gov.uk/data/ppi/transaction/0E082196-AD5A-5C09-E063-4704A8C0A10E/current"
"8F1B26BD-455B-53DB-E053-6C04A8C03649","1725000","2019-06-14","EC2Y 8DD","F","N","L","FLAT 293","CROMWELL TOWER","BARBICAN","","LONDON","CITY OF LONDON","GREATER LONDON","A","http://landregistry.data.gov.uk/data/ppi/transaction/8F1B26BD-455B-53DB-E053-6C04A8C03649/current"
"49E87C31-8582-591C-E063-4704A8C00C31","1500000","2025-03-26","EC2Y 8DD","F","N","L","FLAT 52","CROMWELL TOWER","BARBICAN","","LONDON","CITY OF LONDON","GREATER LONDON","A","http://landregistry.data.gov.uk/data/ppi/transaction/49E87C31-8582-591C-E063-4704A8C00C31/current"
"152AB734-015E-E651-E063-4704A8C061D9","1350000","2024-02-22","EC2Y 8DD","F","N","L","FLAT 72","CROMWELL TOWER","BARBICAN","","LONDON","CITY OF LONDON","GREATER LONDON","A","http://landregistry.data.gov.uk/data/ppi/transaction/152AB734-015E-E651-E063-4704A8C061D9/current"
"EED73E75-E803-6AF3-E053-6C04A8C08ABA","1222500","2022-10-20","EC2Y 8DD","F","N","L","FLAT 91","CROMWELL TOWER","BARBICAN","","LONDON","CITY OF LONDON","GREATER LONDON","A","http://landregistry.data.gov.uk/data/ppi/transaction/EED73E75-E803-6AF3-E053-6C04A8C08ABA/current"
"3B5CE841-A893-EE3A-E063-4804A8C0D6F1","2800000","2025-01-27","EC2Y 8DD","F","N","L","FLAT M3","CROMWELL TOWER","BARBICAN","","LONDON","CITY OF LONDON","GREATER LONDON","A","http://landregistry.data.gov.uk/data/ppi/transaction/3B5CE841-A893-EE3A-E063-4804A8C0D6F1/current"
"31FB4C17-AD6B-57B9-E050-A8C063053436","575000","2016-03-24","EC2Y 8DE","F","N","L","FLAT 101","BRYER COURT","BARBICAN","","LONDON","CITY OF LONDON","GREATER LONDON","A","http://landregistry.data.gov.uk/data/ppi/transaction/31FB4C17-AD6B-57B9-E050-A8C063053436/current"
"E2D14905-CC97-4C2D-E053-6B04A8C0422B","498500","2022-05-12","EC2Y 8DE","F","N","L","FLAT 105","BRYER COURT","BARBICAN","","LONDON","CITY OF LONDON","GREATER LONDON","A","http://landregistry.data.gov.uk/data/ppi/transaction/E2D14905-CC97-4C2D-E053-6B04A8C0422B/current"
"87E1551D-DBC3-6405-E053-6C04A8C0B2EE","495000","2019-04-05","EC2Y 8DE","F","N","L","FLAT 106","BRYER COURT","BARBICAN","","LONDON","CITY OF LONDON","GREATER LONDON","A","http://landregistry.data.gov.uk/data/ppi/transaction/87E1551D-DBC3-6405-E053-6C04A8C0B2EE/current"
"38EDC0C2-943B-0F63-E063-4704A8C00424","540000","2024-11-22","EC2Y 8DE","F","N","L","FLAT 107","BRYER COURT","BARBICAN","","LONDON","CITY OF LONDON","GREATER LONDON","A","http://landregistry.data.gov.uk/data/ppi/transaction/38EDC0C2-943B-0F63-E063-4704A8C00424/current"
"1C3E72FE-6B09-F410-E063-4804A8C0DFA6","517500","2024-05-30","EC2Y 8DE","F","N","L","FLAT 108","BRYER COURT","BARBICAN","","LONDON","CITY OF LONDON","GREATER LONDON","A","http://landregistry.data.gov.uk/data/ppi/transaction/1C3E72FE-6B09-F410-E063-4804A8C0DFA6/current"
"01EB45EF-FF94-40F3-E063-4704A8C05FDE","550000","2023-07-07","EC2Y 8DE","F","N","L","FLAT 206","BRYER COURT","BARBICAN","","LONDON","CITY OF LONDON","GREATER LONDON","A","http://landregistry.data.gov.uk/data/ppi/transaction/01EB45EF-FF94-40F3-E063-4704A8C05FDE/current"
"36A61A94-3E7C-DEF2-E063-4704A8C046AE","520000","2024-12-06","EC2Y 8DE","F","N","L","FLAT 208","BRYER COURT","BARBICAN","","LONDON","CITY OF LONDON","GREATER LONDON","A","http://landregistry.data.gov.uk/data/ppi/transaction/36A61A94-3E7C-DEF2-E063-4704A8C046AE/current"
"5CF9903C-3CB0-7F13-E053-6C04A8C074B1","520000","2017-09-15","EC2Y 8DE","F","N","L","FLAT 208","BRYER COURT","BARBICAN","","LONDON","CITY OF LONDON","GREATER LONDON","A","http://landregistry.data.gov.uk/data/ppi/transaction/5CF9903C-3CB0-7F13-E053-6C04A8C074B1/current"
"AE4D86D4-3DEF-4619-E053-6C04A8C03CD0","505000","2020-07-24","EC2Y 8DE","F","N","L","FLAT 304","BRYER COURT","BARBICAN","","LONDON","CITY OF LONDON","GREATER LONDON","A","http://landregistry.data.gov.uk/data/ppi/transaction/AE4D86D4-3DEF-4619-E053-6C04A8C03CD0/current"
"A71375FD-D6AF-7576-E053-6C04A8C0462F","500000","2020-03-12","EC2Y 8DE","F","N","L","FLAT 306","BRYER COURT","BARBICAN","","LONDON","CITY OF LONDON","GREATER LONDON","A","http://landregistry.data.gov.uk/data/ppi/transaction/A71375FD-D6AF-7576-E053-6C04A8C0462F/current"
"25E9DA80-5931-555E-E063-4704A8C066F2","515000","2021-09-24","EC2Y 8DE","F","N","L","FLAT 403","BRYER COURT","BARBICAN","","LONDON","CITY OF LONDON","GREATER LONDON","A","http://landregistry.data.gov.uk/data/ppi/transaction/25E9DA80-5931-555E-E063-4704A8C066F2/current"
"80E1AA98-66A4-7BF8-E053-6C04A8C00BF2","515000","2018-12-14","EC2Y 8DE","F","N","L","FLAT 403","BRYER COURT","BARBICAN","","LONDON","CITY OF LONDON","GREATER LONDON","A","http://landregistry.data.gov.uk/data/ppi/transaction/80E1AA98-66A4-7BF8-E053-6C04A8C00BF2/current"
"25E9DA80-5702-555E-E063-4704A8C066F2","550000","2024-07-12","EC2Y 8DE","F","N","L","FLAT 405","BRYER COURT","BARBICAN","","LONDON","CITY OF LONDON","GREATER LONDON","A","http://landregistry.data.gov.uk/data/ppi/transaction/25E9DA80-5702-555E-E063-4704A8C066F2/current"
"666758D7-15F3-3363-E053-6B04A8C0D74E","515000","2018-02-08","EC2Y 8DE","F","N","L","FLAT 506","BRYER COURT","BARBICAN","","LONDON","CITY OF LONDON","GREATER LONDON","A","http://landregistry.data.gov.uk/data/ppi/transaction/666758D7-15F3-3363-E053-6B04A8C0D74E/current"
"5F54B81D-741E-2B45-E053-6B04A8C01FB0","535000","2017-11-14","EC2Y 8DE","F","N","L","FLAT 604","BRYER COURT","BARBICAN","","LONDON","CITY OF LONDON","GREATER LONDON","A","http://landregistry.data.gov.uk/data/ppi/transaction/5F54B81D-741E-2B45-E053-6B04A8C01FB0/current"
"9DBAD221-4D26-6EB3-E053-6B04A8C0F257","495000","2020-01-06","EC2Y 8DE","F","N","L","FLAT 608","BRYER COURT","BARBICAN","","LONDON","CITY OF LONDON","GREATER LONDON","A","http://landregistry.data.gov.uk/data/ppi/transaction/9DBAD221-4D26-6EB3-E053-6B04A8C0F257/current"
"DBA933F8-E4DF-669D-E053-6B04A8C0AD56","525000","2022-03-02","EC2Y 8DE","F","N","L","FLAT 702","BRYER COURT","BARBICAN","","LONDON","CITY OF LONDON","GREATER LONDON","A","http://landregistry.data.gov.uk/data/ppi/transaction/DBA933F8-E4DF-669D-E053-6B04A8C0AD56/current"
"5F54B81D-74A6-2B45-E053-6B04A8C01FB0","548000","2017-11-14","EC2Y 8DE","F","N","L","FLAT 707","BRYER COURT","BARBICAN","","LONDON","CITY OF LONDON","GREATER LONDON","A","http://landregistry.data.gov.uk/data/ppi/transaction/5F54B81D-74A6-2B45-E053-6B04A8C01FB0/current"
"DE2D0CDF-F6BF-51EE-E053-6C04A8C00671","519500","2022-04-01","EC2Y 8DH","F","N","L","211","BUNYAN COURT","BARBICAN","","LONDON","CITY OF LONDON","GREATER LONDON","A","http://landregistry.data.gov.uk/data/ppi/transaction/DE2D0CDF-F6BF-51EE-E053-6C04A8C00671/current"
"E073986B-8353-2134-E053-6C04A8C0233B","740000","2022-01-31","EC2Y 8DH","F","N","L","212","BUNYAN COURT","BARBICAN","","LONDON","CITY OF LONDON","GREATER LONDON","A","http://landregistry.data.gov.uk/data/ppi/transaction/E073986B-8353-2134-E053-6C04A8C0233B/current"
"E2D14904-FC90-4C2D-E053-6B04A8C0422B","700000","2021-12-17","EC2Y 8DH","F","N","L","213","BUNYAN COURT","BARBICAN","","LONDON","CITY OF LONDON","GREATER LONDON","A","http://landregistry.data.gov.uk/data/ppi/transaction/E2D14904-FC90-4C2D-E053-6B04A8C0422B/current"
"7C2D0700-671F-4963-E053-6B04A8C07B97","716000","2018-11-16","EC2Y 8DH","F","N","L","214","BUNYAN COURT","BARBICAN","","LONDON","CITY OF LONDON","GREATER LONDON","A","http://landregistry.data.gov.uk/data/ppi/transaction/7C2D0700-671F-4963-E053-6B04A8C07B97/current"
"5340B1C5-1761-8052-E063-4804A8C06EE4","520000","2026-04-20","EC2Y 8DH","F","N","L","215","BUNYAN COURT","BARBICAN","","LONDON","CITY OF LONDON","GREATER LONDON","A","http://landregistry.data.gov.uk/data/ppi/transaction/5340B1C5-1761-8052-E063-4804A8C06EE4/current"
"8A78B2AF-D34E-5CB0-E053-6B04A8C0F504","685000","2019-05-01","EC2Y 8DH","F","N","L","222","BUNYAN COURT","BARBICAN","","LONDON","CITY OF LONDON","GREATER LONDON","A","http://landregistry.data.gov.uk/data/ppi/transaction/8A78B2AF-D34E-5CB0-E053-6B04A8C0F504/current"
"36A61A94-CE37-DEF2-E063-4704A8C046AE","520000","2024-12-12","EC2Y 8DH","F","N","L","305","BUNYAN COURT","BARBICAN","","LONDON","CITY OF LONDON","GREATER LONDON","A","http://landregistry.data.gov.uk/data/ppi/transaction/36A61A94-CE37-DEF2-E063-4704A8C046AE/current"
"E7B085FB-BBEB-7E31-E053-6C04A8C0E67F","725000","2022-04-01","EC2Y 8DH","F","N","L","306","BUNYAN COURT","BARBICAN","","LONDON","CITY OF LONDON","GREATER LONDON","A","http://landregistry.data.gov.uk/data/ppi/transaction/E7B085FB-BBEB-7E31-E053-6C04A8C0E67F/current"
"31C68072-5D55-FEE3-E063-4804A8C04F37","512500","2025-02-13","EC2Y 8DH","F","N","L","309","BUNYAN COURT","BARBICAN","","LONDON","CITY OF LONDON","GREATER LONDON","A","http://landregistry.data.gov.uk/data/ppi/transaction/31C68072-5D55-FEE3-E063-4804A8C04F37/current"
"DBA933F9-BC76-669D-E053-6B04A8C0AD56","720000","2021-09-24","EC2Y 8DH","F","N","L","313","BUNYAN COURT","BARBICAN","","LONDON","CITY OF LONDON","GREATER LONDON","A","http://landregistry.data.gov.uk/data/ppi/transaction/DBA933F9-BC76-669D-E053-6B04A8C0AD56/current"
"6B32222C-7864-01F1-E053-6C04A8C0D2C8","730000","2018-04-06","EC2Y 8DH","F","N","L","316","BUNYAN COURT","BARBICAN","","LONDON","CITY OF LONDON","GREATER LONDON","A","http://landregistry.data.gov.uk/data/ppi/transaction/6B32222C-7864-01F1-E053-6C04A8C0D2C8/current"
"404A5AF3-C747-CD2B-E050-A8C063055C7B","775000","2016-07-25","EC2Y 8DH","F","N","L","318","BUNYAN COURT","BARBICAN","","LONDON","CITY OF LONDON","GREATER LONDON","A","http://landregistry.data.gov.uk/data/ppi/transaction/404A5AF3-C747-CD2B-E050-A8C063055C7B/current"
"3B7E0B90-2C87-EA99-E050-A8C062057E77","815000","2016-08-04","EC2Y 8DH","F","N","L","320","BUNYAN COURT","BARBICAN","","LONDON","CITY OF LONDON","GREATER LONDON","A","http://landregistry.data.gov.uk/data/ppi/transaction/3B7E0B90-2C87-EA99-E050-A8C062057E77/current"
"4E95D757-A727-EDA1-E050-A8C0630539E2","1075000","2017-04-11","EC2Y 8DH","F","N","L","323","BUNYAN COURT","BARBICAN","","LONDON","CITY OF LONDON","GREATER LONDON","A","http://landregistry.data.gov.uk/data/ppi/transaction/4E95D757-A727-EDA1-E050-A8C0630539E2/current"
"0B85394F-8F20-69A5-E063-4704A8C07DAC","785000","2023-09-15","EC2Y 8DH","F","N","L","503","BUNYAN COURT","BARBICAN","","LONDON","CITY OF LONDON","GREATER LONDON","A","http://landregistry.data.gov.uk/data/ppi/transaction/0B85394F-8F20-69A5-E063-4704A8C07DAC/current"
"726BF13A-5858-0A46-E053-6C04A8C01D0D","690500","2018-04-06","EC2Y 8DH","F","N","L","503","BUNYAN COURT","BARBICAN","","LONDON","CITY OF LONDON","GREATER LONDON","A","http://landregistry.data.gov.uk/data/ppi/transaction/726BF13A-5858-0A46-E053-6C04A8C01D0D/current"
"CFC9085C-DAE2-9A70-E053-6B04A8C09D6A","525000","2021-06-01","EC2Y 8DH","F","N","L","505","BUNYAN COURT","BARBICAN","","LONDON","CITY OF LONDON","GREATER LONDON","A","http://landregistry.data.gov.uk/data/ppi/transaction/CFC9085C-DAE2-9A70-E053-6B04A8C09D6A/current"
"5A9D8B55-732E-68EB-E053-6B04A8C0D293","1125000","2017-08-17","EC2Y 8DH","F","N","L","506","BUNYAN COURT","BARBICAN","","LONDON","CITY OF LONDON","GREATER LONDON","A","http://landregistry.data.gov.uk/data/ppi/transaction/5A9D8B55-732E-68EB-E053-6B04A8C0D293/current"
"42A5A709-7DD8-56E8-E050-A8C06205331E","1150000","2016-10-20","EC2Y 8DH","F","N","L","507","BUNYAN COURT","BARBICAN","","LONDON","CITY OF LONDON","GREATER LONDON","A","http://landregistry.data.gov.uk/data/ppi/transaction/42A5A709-7DD8-56E8-E050-A8C06205331E/current"
"9FF0D969-694E-11ED-E053-6C04A8C06383","1200000","2020-02-06","EC2Y 8DH","F","N","L","510","BUNYAN COURT","BARBICAN","","LONDON","CITY OF LONDON","GREATER LONDON","A","http://landregistry.data.gov.uk/data/ppi/transaction/9FF0D969-694E-11ED-E053-6C04A8C06383/current"
"01EB45EF-668F-40F3-E063-4704A8C05FDE","1180000","2023-05-31","EC2Y 8DH","F","N","L","512","BUNYAN COURT","BARBICAN","","LONDON","CITY OF LONDON","GREATER LONDON","A","http://landregistry.data.gov.uk/data/ppi/transaction/01EB45EF-668F-40F3-E063-4704A8C05FDE/current"
"919FEC05-886E-9A90-E053-6C04A8C0A300","1050000","2019-07-26","EC2Y 8DH","F","N","L","512","BUNYAN COURT","BARBICAN","","LONDON","CITY OF LONDON","GREATER LONDON","A","http://landregistry.data.gov.uk/data/ppi/transaction/919FEC05-886E-9A90-E053-6C04A8C0A300/current"
"1775CCF7-683A-38BA-E063-4704A8C05A7C","1100000","2024-03-13","EC2Y 8DH","F","N","L","514","BUNYAN COURT","BARBICAN","","LONDON","CITY OF LONDON","GREATER LONDON","A","http://landregistry.data.gov.uk/data/ppi/transaction/1775CCF7-683A-38BA-E063-4704A8C05A7C/current"
"B32EBB13-BC31-3C99-E053-6C04A8C09CA1","1210000","2020-08-10","EC2Y 8DH","F","N","L","516","BUNYAN COURT","BARBICAN","","LONDON","CITY OF LONDON","GREATER LONDON","A","http://landregistry.data.gov.uk/data/ppi/transaction/B32EBB13-BC31-3C99-E053-6C04A8C09CA1/current"
"34428D7E-4D5E-B86C-E050-A8C06205059C","1100000","2016-04-07","EC2Y 8DH","F","N","L","516","BUNYAN COURT","BARBICAN","","LONDON","CITY OF LONDON","GREATER LONDON","A","http://landregistry.data.gov.uk/data/ppi/transaction/34428D7E-4D5E-B86C-E050-A8C06205059C/current"
"D22473F4-C556-7B40-E053-6C04A8C0A630","1100000","2020-11-09","EC2Y 8DH","F","N","L","520","BUNYAN COURT","BARBICAN","","LONDON","CITY OF LONDON","GREATER LONDON","A","http://landregistry.data.gov.uk/data/ppi/transaction/D22473F4-C556-7B40-E053-6C04A8C0A630/current"
"8A78B2AF-31F9-5CB0-E053-6B04A8C0F504","575000","2019-04-29","EC2Y 8DH","F","N","L","521","BUNYAN COURT","BARBICAN","","LONDON","CITY OF LONDON","GREATER LONDON","A","http://landregistry.data.gov.uk/data/ppi/transaction/8A78B2AF-31F9-5CB0-E053-6B04A8C0F504/current"
"42A5A708-BA7E-56E8-E050-A8C06205331E","535000","2016-10-31","EC2Y 8DH","F","N","L","521","BUNYAN COURT","BARBICAN","","LONDON","CITY OF LONDON","GREATER LONDON","A","http://landregistry.data.gov.uk/data/ppi/transaction/42A5A708-BA7E-56E8-E050-A8C06205331E/current"
"A4A30D5A-1E00-2D0D-E053-6C04A8C00191","475000","2019-12-10","EC2Y 8DJ","F","N","L","FLAT 1","JOHN TRUNDLE COURT","BARBICAN","","LONDON","CITY OF LONDON","GREATER LONDON","A","http://landregistry.data.gov.uk/data/ppi/transaction/A4A30D5A-1E00-2D0D-E053-6C04A8C00191/current"
"FAC30767-5429-5E20-E053-4704A8C004EE","395000","2023-01-10","EC2Y 8DJ","F","N","L","FLAT 12","JOHN TRUNDLE COURT","BARBICAN","","LONDON","CITY OF LONDON","GREATER LONDON","A","http://landregistry.data.gov.uk/data/ppi/transaction/FAC30767-5429-5E20-E053-4704A8C004EE/current"
"75050A85-6BBC-9A88-E053-6B04A8C02390","518000","2018-07-23","EC2Y 8DJ","F","N","L","FLAT 24","JOHN TRUNDLE COURT","BARBICAN","","LONDON","CITY OF LONDON","GREATER LONDON","A","http://landregistry.data.gov.uk/data/ppi/transaction/75050A85-6BBC-9A88-E053-6B04A8C02390/current"
"F87E72F8-8A1C-176C-E053-6B04A8C0D2BE","517000","2023-03-03","EC2Y 8DJ","F","N","L","FLAT 25","JOHN TRUNDLE COURT","BARBICAN","","LONDON","CITY OF LONDON","GREATER LONDON","A","http://landregistry.data.gov.uk/data/ppi/transaction/F87E72F8-8A1C-176C-E053-6B04A8C0D2BE/current"
"773788C2-EDEF-2CE4-E053-6C04A8C05E57","510000","2018-07-06","EC2Y 8DJ","F","N","L","FLAT 25","JOHN TRUNDLE COURT","BARBICAN","","LONDON","CITY OF LONDON","GREATER LONDON","A","http://landregistry.data.gov.uk/data/ppi/transaction/773788C2-EDEF-2CE4-E053-6C04A8C05E57/current"
"5340B1C5-175E-8052-E063-4804A8C06EE4","382000","2025-11-21","EC2Y 8DJ","F","N","L","FLAT 27","JOHN TRUNDLE COURT","BARBICAN","","LONDON","CITY OF LONDON","GREATER LONDON","A","http://landregistry.data.gov.uk/data/ppi/transaction/5340B1C5-175E-8052-E063-4804A8C06EE4/current"
"E073986A-BDFB-2134-E053-6C04A8C0233B","475000","2022-03-25","EC2Y 8DJ","F","N","L","FLAT 3","JOHN TRUNDLE COURT","BARBICAN","","LONDON","CITY OF LONDON","GREATER LONDON","A","http://landregistry.data.gov.uk/data/ppi/transaction/E073986A-BDFB-2134-E053-6C04A8C0233B/current"
"7E86B6FB-1AB6-458C-E053-6B04A8C0C84C","500000","2018-10-23","EC2Y 8DJ","F","N","L","FLAT 34","JOHN TRUNDLE COURT","BARBICAN","","LONDON","CITY OF LONDON","GREATER LONDON","B","http://landregistry.data.gov.uk/data/ppi/transaction/7E86B6FB-1AB6-458C-E053-6B04A8C0C84C/current"
"31FB4C17-AF66-57B9-E050-A8C063053436","450000","2016-03-31","EC2Y 8DJ","F","N","L","FLAT 35","JOHN TRUNDLE COURT","BARBICAN","","LONDON","CITY OF LONDON","GREATER LONDON","A","http://landregistry.data.gov.uk/data/ppi/transaction/31FB4C17-AF66-57B9-E050-A8C063053436/current"
"79A74E21-E34E-1289-E053-6B04A8C01627","417000","2018-09-28","EC2Y 8DJ","F","N","L","FLAT 38","JOHN TRUNDLE COURT","BARBICAN","","LONDON","CITY OF LONDON","GREATER LONDON","A","http://landregistry.data.gov.uk/data/ppi/transaction/79A74E21-E34E-1289-E053-6B04A8C01627/current"
"A96E4ACC-6072-9205-E053-6C04A8C0DA09","485000","2020-03-25","EC2Y 8DJ","F","N","L","FLAT 39","JOHN TRUNDLE COURT","BARBICAN","","LONDON","CITY OF LONDON","GREATER LONDON","A","http://landregistry.data.gov.uk/data/ppi/transaction/A96E4ACC-6072-9205-E053-6C04A8C0DA09/current"
"B5755FFD-B428-7D01-E053-6C04A8C036B6","525000","2020-02-12","EC2Y 8DJ","F","N","L","FLAT 42","JOHN TRUNDLE COURT","BARBICAN","","LONDON","CITY OF LONDON","GREATER LONDON","A","http://landregistry.data.gov.uk/data/ppi/transaction/B5755FFD-B428-7D01-E053-6C04A8C036B6/current"
"5340B1C5-1773-8052-E063-4804A8C06EE4","410000","2025-11-25","EC2Y 8DJ","F","N","L","FLAT 49","JOHN TRUNDLE COURT","BARBICAN","","LONDON","CITY OF LONDON","GREATER LONDON","A","http://landregistry.data.gov.uk/data/ppi/transaction/5340B1C5-1773-8052-E063-4804A8C06EE4/current"
"152AB733-B7C5-E651-E063-4704A8C061D9","510000","2023-11-30","EC2Y 8DJ","F","N","L","FLAT 5","JOHN TRUNDLE COURT","BARBICAN","","LONDON","CITY OF LONDON","GREATER LONDON","A","http://landregistry.data.gov.uk/data/ppi/transaction/152AB733-B7C5-E651-E063-4704A8C061D9/current"
"2F7F2B43-443D-E08F-E063-4804A8C05A49","490000","2024-10-07","EC2Y 8DJ","F","N","L","FLAT 52","JOHN TRUNDLE COURT","BARBICAN","","LONDON","CITY OF LONDON","GREATER LONDON","A","http://landregistry.data.gov.uk/data/ppi/transaction/2F7F2B43-443D-E08F-E063-4804A8C05A49/current"
"CB0035E6-094E-58AE-E053-6B04A8C091AF","495000","2021-05-27","EC2Y 8DJ","F","N","L","FLAT 54","JOHN TRUNDLE COURT","BARBICAN","","LONDON","CITY OF LONDON","GREATER LONDON","A","http://landregistry.data.gov.uk/data/ppi/transaction/CB0035E6-094E-58AE-E053-6B04A8C091AF/current"
"34428D7E-4DC9-B86C-E050-A8C06205059C","440000","2016-04-29","EC2Y 8DJ","F","N","L","FLAT 59","JOHN TRUNDLE COURT","BARBICAN","","LONDON","CITY OF LONDON","GREATER LONDON","A","http://landregistry.data.gov.uk/data/ppi/transaction/34428D7E-4DC9-B86C-E050-A8C06205059C/current"
"8CAC1318-7EAF-0253-E053-6B04A8C08E51","974000","2019-06-06","EC2Y 8DJ","F","N","L","FLAT 64","JOHN TRUNDLE COURT","BARBICAN","","LONDON","CITY OF LONDON","GREATER LONDON","A","http://landregistry.data.gov.uk/data/ppi/transaction/8CAC1318-7EAF-0253-E053-6B04A8C08E51/current"
"582D0637-4966-8F22-E053-6C04A8C01BAC","920000","2017-08-18","EC2Y 8DJ","F","N","L","FLAT 66","JOHN TRUNDLE COURT","BARBICAN","","LONDON","CITY OF LONDON","GREATER LONDON","A","http://landregistry.data.gov.uk/data/ppi/transaction/582D0637-4966-8F22-E053-6C04A8C01BAC/current"
"5340B1C5-175D-8052-E063-4804A8C06EE4","985000","2025-12-08","EC2Y 8DL","F","N","L","FLAT 201","BEN JONSON HOUSE","BARBICAN","","LONDON","CITY OF LONDON","GREATER LONDON","A","http://landregistry.data.gov.uk/data/ppi/transaction/5340B1C5-175D-8052-E063-4804A8C06EE4/current"
"09266DDB-7CFB-AF90-E063-4704A8C02087","515000","2023-08-31","EC2Y 8DL","F","N","L","FLAT 205","BEN JONSON HOUSE","BARBICAN","","LONDON","CITY OF LONDON","GREATER LONDON","A","http://landregistry.data.gov.uk/data/ppi/transaction/09266DDB-7CFB-AF90-E063-4704A8C02087/current"
"1061746D-9F83-3C34-E063-4804A8C0F9E7","702000","2022-06-28","EC2Y 8DL","F","N","L","FLAT 208","BEN JONSON HOUSE","BARBICAN","","LONDON","CITY OF LONDON","GREATER LONDON","A","http://landregistry.data.gov.uk/data/ppi/transaction/1061746D-9F83-3C34-E063-4804A8C0F9E7/current"
"D707E535-A983-0AD9-E053-6B04A8C067CC","480000","2021-06-04","EC2Y 8DL","F","N","L","FLAT 209","BEN JONSON HOUSE","BARBICAN","","LONDON","CITY OF LONDON","GREATER LONDON","A","http://landregistry.data.gov.uk/data/ppi/transaction/D707E535-A983-0AD9-E053-6B04A8C067CC/current"
"31FB4C16-CBC3-57B9-E050-A8C063053436","775000","2016-03-24","EC2Y 8DL","F","N","L","FLAT 212","BEN JONSON HOUSE","BARBICAN","","LONDON","CITY OF LONDON","GREATER LONDON","A","http://landregistry.data.gov.uk/data/ppi/transaction/31FB4C16-CBC3-57B9-E050-A8C063053436/current"
"9B361206-83C1-1904-E053-6B04A8C0EEB5","745000","2019-11-21","EC2Y 8DL","F","N","L","FLAT 214","BEN JONSON HOUSE","BARBICAN","","LONDON","CITY OF LONDON","GREATER LONDON","A","http://landregistry.data.gov.uk/data/ppi/transaction/9B361206-83C1-1904-E053-6B04A8C0EEB5/current"
"06C9F487-97F4-9388-E063-4804A8C0BD98","750000","2023-08-31","EC2Y 8DL","F","N","L","FLAT 220","BEN JONSON HOUSE","BARBICAN","","LONDON","CITY OF LONDON","GREATER LONDON","A","http://landregistry.data.gov.uk/data/ppi/transaction/06C9F487-97F4-9388-E063-4804A8C0BD98/current"
"1C3E72FD-C5AC-F410-E063-4804A8C0DFA6","725675","2023-12-07","EC2Y 8DL","F","N","L","FLAT 222","BEN JONSON HOUSE","BARBICAN","","LONDON","CITY OF LONDON","GREATER LONDON","A","http://landregistry.data.gov.uk/data/ppi/transaction/1C3E72FD-C5AC-F410-E063-4804A8C0DFA6/current"
"49B7852A-4A43-7921-E050-A8C063056E8D","765000","2017-01-27","EC2Y 8DL","F","N","L","FLAT 222","BEN JONSON HOUSE","BARBICAN","","LONDON","CITY OF LONDON","GREATER LONDON","A","http://landregistry.data.gov.uk/data/ppi/transaction/49B7852A-4A43-7921-E050-A8C063056E8D/current"
"E53EDD2D-4C6E-83EC-E053-6B04A8C03A59","677500","2022-05-27","EC2Y 8DL","F","N","L","FLAT 230","BEN JONSON HOUSE","BARBICAN","","LONDON","CITY OF LONDON","GREATER LONDON","A","http://landregistry.data.gov.uk/data/ppi/transaction/E53EDD2D-4C6E-83EC-E053-6B04A8C03A59/current"
"D93B27B0-3358-3100-E053-6C04A8C08887","518000","2021-09-27","EC2Y 8DL","F","N","L","FLAT 233","BEN JONSON HOUSE","BARBICAN","","LONDON","CITY OF LONDON","GREATER LONDON","A","http://landregistry.data.gov.uk/data/ppi/transaction/D93B27B0-3358-3100-E053-6C04A8C08887/current"
"34222872-90FE-4D2B-E063-4704A8C07853","665000","2025-03-28","EC2Y 8DL","F","N","L","FLAT 238","BEN JONSON HOUSE","BARBICAN","","LONDON","CITY OF LONDON","GREATER LONDON","A","http://landregistry.data.gov.uk/data/ppi/transaction/34222872-90FE-4D2B-E063-4704A8C07853/current"
"5CF9903C-3BE8-7F13-E053-6C04A8C074B1","740000","2017-09-25","EC2Y 8DL","F","N","L","FLAT 238","BEN JONSON HOUSE","BARBICAN","","LONDON","CITY OF LONDON","GREATER LONDON","A","http://landregistry.data.gov.uk/data/ppi/transaction/5CF9903C-3BE8-7F13-E053-6C04A8C074B1/current"
"36A61A94-CE5F-DEF2-E063-4704A8C046AE","625000","2025-04-11","EC2Y 8DL","F","N","L","FLAT 241","BEN JONSON HOUSE","BARBICAN","","LONDON","CITY OF LONDON","GREATER LONDON","A","http://landregistry.data.gov.uk/data/ppi/transaction/36A61A94-CE5F-DEF2-E063-4704A8C046AE/current"
"8355F008-A380-55C5-E053-6B04A8C0D090","782500","2019-02-07","EC2Y 8DL","F","N","L","FLAT 243","BEN JONSON HOUSE","BARBICAN","","LONDON","CITY OF LONDON","GREATER LONDON","A","http://landregistry.data.gov.uk/data/ppi/transaction/8355F008-A380-55C5-E053-6B04A8C0D090/current"
"2FD36065-D077-4BF8-E050-A8C0620562B1","750000","2016-02-29","EC2Y 8DL","F","N","L","FLAT 243","BEN JONSON HOUSE","BARBICAN","","LONDON","CITY OF LONDON","GREATER LONDON","A","http://landregistry.data.gov.uk/data/ppi/transaction/2FD36065-D077-4BF8-E050-A8C0620562B1/current"
"3B5CE841-62C1-EE3A-E063-4804A8C0D6F1","535000","2025-02-20","EC2Y 8DL","F","N","L","FLAT 245","BEN JONSON HOUSE","BARBICAN","","LONDON","CITY OF LONDON","GREATER LONDON","A","http://landregistry.data.gov.uk/data/ppi/transaction/3B5CE841-62C1-EE3A-E063-4804A8C0D6F1/current"
"DBA933F8-E2E6-669D-E053-6B04A8C0AD56","670000","2022-03-18","EC2Y 8DL","F","N","L","FLAT 246","BEN JONSON HOUSE","BARBICAN","","LONDON","CITY OF LONDON","GREATER LONDON","A","http://landregistry.data.gov.uk/data/ppi/transaction/DBA933F8-E2E6-669D-E053-6B04A8C0AD56/current"
"42A5A708-BA87-56E8-E050-A8C06205331E","710000","2016-11-22","EC2Y 8DL","F","N","L","FLAT 246","BEN JONSON HOUSE","BARBICAN","","LONDON","CITY OF LONDON","GREATER LONDON","A","http://landregistry.data.gov.uk/data/ppi/transaction/42A5A708-BA87-56E8-E050-A8C06205331E/current"
"2859C1AC-D720-52B4-E063-4804A8C05948","700000","2024-11-11","EC2Y 8DL","O","N","L","FLAT 250","BEN JONSON HOUSE","BARBICAN","","LONDON","CITY OF LONDON","GREATER LONDON","B","http://landregistry.data.gov.uk/data/ppi/transaction/2859C1AC-D720-52B4-E063-4804A8C05948/current"
"64342BFE-8FE5-422C-E053-6C04A8C0FB8A","750000","2018-01-12","EC2Y 8DL","F","N","L","FLAT 254","BEN JONSON HOUSE","BARBICAN","","LONDON","CITY OF LONDON","GREATER LONDON","A","http://landregistry.data.gov.uk/data/ppi/transaction/64342BFE-8FE5-422C-E053-6C04A8C0FB8A/current"
"36A61A94-3E4F-DEF2-E063-4704A8C046AE","685000","2024-12-09","EC2Y 8DL","F","N","L","FLAT 255","BEN JONSON HOUSE","BARBICAN","","LONDON","CITY OF LONDON","GREATER LONDON","A","http://landregistry.data.gov.uk/data/ppi/transaction/36A61A94-3E4F-DEF2-E063-4704A8C046AE/current"
"98C75472-1EBE-72E9-E053-6B04A8C042F0","725000","2019-10-25","EC2Y 8DL","F","N","L","FLAT 255","BEN JONSON HOUSE","BARBICAN","","LONDON","CITY OF LONDON","GREATER LONDON","A","http://landregistry.data.gov.uk/data/ppi/transaction/98C75472-1EBE-72E9-E053-6B04A8C042F0/current"
"42A5A709-7E6D-56E8-E050-A8C06205331E","734000","2016-10-24","EC2Y 8DL","F","N","L","FLAT 261","BEN JONSON HOUSE","BARBICAN","","LONDON","CITY OF LONDON","GREATER LONDON","A","http://landregistry.data.gov.uk/data/ppi/transaction/42A5A709-7E6D-56E8-E050-A8C06205331E/current"
"5376B385-B764-34C1-E053-6B04A8C09FF6","570000","2017-05-08","EC2Y 8DL","F","N","L","FLAT 265","BEN JONSON HOUSE","BARBICAN","","LONDON","CITY OF LONDON","GREATER LONDON","A","http://landregistry.data.gov.uk/data/ppi/transaction/5376B385-B764-34C1-E053-6B04A8C09FF6/current"
"F3B6C197-AA4C-6E40-E053-6C04A8C0B3B4","1195000","2022-09-09","EC2Y 8DL","F","N","L","FLAT 268","BEN JONSON HOUSE","BARBICAN","","LONDON","CITY OF LONDON","GREATER LONDON","B","http://landregistry.data.gov.uk/data/ppi/transaction/F3B6C197-AA4C-6E40-E053-6C04A8C0B3B4/current"
"F3B6C198-7E93-6E40-E053-6C04A8C0B3B4","930000","2022-12-06","EC2Y 8DN","F","N","L","FLAT 10","DEFOE HOUSE","BARBICAN","","LONDON","CITY OF LONDON","GREATER LONDON","A","http://landregistry.data.gov.uk/data/ppi/transaction/F3B6C198-7E93-6E40-E053-6C04A8C0B3B4/current"
"93E6821E-98A3-40FD-E053-6B04A8C0C1DF","717500","2019-08-30","EC2Y 8DN","F","N","L","FLAT 13","DEFOE HOUSE","BARBICAN","","LONDON","CITY OF LONDON","GREATER LONDON","A","http://landregistry.data.gov.uk/data/ppi/transaction/93E6821E-98A3-40FD-E053-6B04A8C0C1DF/current"
"CD5A9DCC-221C-310A-E053-6C04A8C00A1F","540000","2021-05-21","EC2Y 8DN","F","N","L","FLAT 14","DEFOE HOUSE","BARBICAN","","LONDON","CITY OF LONDON","GREATER LONDON","B","http://landregistry.data.gov.uk/data/ppi/transaction/CD5A9DCC-221C-310A-E053-6C04A8C00A1F/current"
"7E86B6FB-1CB7-458C-E053-6B04A8C0C84C","875000","2018-12-14","EC2Y 8DN","F","N","L","FLAT 17","DEFOE HOUSE","BARBICAN","","LONDON","CITY OF LONDON","GREATER LONDON","A","http://landregistry.data.gov.uk/data/ppi/transaction/7E86B6FB-1CB7-458C-E053-6B04A8C0C84C/current"
"44F406B6-141E-1095-E063-4704A8C048D4","925000","2025-06-18","EC2Y 8DN","F","N","L","FLAT 18","DEFOE HOUSE","BARBICAN","","LONDON","CITY OF LONDON","GREATER LONDON","A","http://landregistry.data.gov.uk/data/ppi/transaction/44F406B6-141E-1095-E063-4704A8C048D4/current"
"D22473F5-BB46-7B40-E053-6C04A8C0A630","800000","2021-10-20","EC2Y 8DN","F","N","L","FLAT 21","DEFOE HOUSE","BARBICAN","","LONDON","CITY OF LONDON","GREATER LONDON","A","http://landregistry.data.gov.uk/data/ppi/transaction/D22473F5-BB46-7B40-E053-6C04A8C0A630/current"
"AE4D86D4-3D0B-4619-E053-6C04A8C03CD0","800000","2020-07-28","EC2Y 8DN","F","N","L","FLAT 30","DEFOE HOUSE","BARBICAN","","LONDON","CITY OF LONDON","GREATER LONDON","A","http://landregistry.data.gov.uk/data/ppi/transaction/AE4D86D4-3D0B-4619-E053-6C04A8C03CD0/current"
"CD5A9DCB-7B26-310A-E053-6C04A8C00A1F","795000","2021-06-04","EC2Y 8DN","F","N","L","FLAT 33","DEFOE HOUSE","BARBICAN","","LONDON","CITY OF LONDON","GREATER LONDON","A","http://landregistry.data.gov.uk/data/ppi/transaction/CD5A9DCB-7B26-310A-E053-6C04A8C00A1F/current"
"A71375FD-D6B8-7576-E053-6C04A8C0462F","825000","2020-03-06","EC2Y 8DN","F","N","L","FLAT 34","DEFOE HOUSE","BARBICAN","","LONDON","CITY OF LONDON","GREATER LONDON","A","http://landregistry.data.gov.uk/data/ppi/transaction/A71375FD-D6B8-7576-E053-6C04A8C0462F/current"
"1C3E72FD-C6D5-F410-E063-4804A8C0DFA6","865000","2024-05-30","EC2Y 8DN","F","N","L","FLAT 39","DEFOE HOUSE","BARBICAN","","LONDON","CITY OF LONDON","GREATER LONDON","A","http://landregistry.data.gov.uk/data/ppi/transaction/1C3E72FD-C6D5-F410-E063-4804A8C0DFA6/current"
"9FF0D969-FD07-11ED-E053-6C04A8C06383","840000","2020-02-13","EC2Y 8DN","F","N","L","FLAT 40","DEFOE HOUSE","BARBICAN","","LONDON","CITY OF LONDON","GREATER LONDON","A","http://landregistry.data.gov.uk/data/ppi/transaction/9FF0D969-FD07-11ED-E053-6C04A8C06383/current"
"4E75C29C-CC41-8922-E063-4804A8C094D0","650000","2026-02-17","EC2Y 8DN","F","N","L","FLAT 43","DEFOE HOUSE","BARBICAN","","LONDON","CITY OF LONDON","GREATER LONDON","A","http://landregistry.data.gov.uk/data/ppi/transaction/4E75C29C-CC41-8922-E063-4804A8C094D0/current"
"87E1551E-17B6-6405-E053-6C04A8C0B2EE","815000","2019-03-27","EC2Y 8DN","F","N","L","FLAT 46","DEFOE HOUSE","BARBICAN","","LONDON","CITY OF LONDON","GREATER LONDON","A","http://landregistry.data.gov.uk/data/ppi/transaction/87E1551E-17B6-6405-E053-6C04A8C0B2EE/current"
"EA3278A9-75EC-2676-E053-6B04A8C015F8","950000","2022-08-05","EC2Y 8DN","F","N","L","FLAT 48","DEFOE HOUSE","BARBICAN","","LONDON","CITY OF LONDON","GREATER LONDON","A","http://landregistry.data.gov.uk/data/ppi/transaction/EA3278A9-75EC-2676-E053-6B04A8C015F8/current"
"2ACACE8D-11D1-295E-E063-4804A8C0B0EB","950000","2024-11-01","EC2Y 8DN","F","N","L","FLAT 49","DEFOE HOUSE","BARBICAN","","LONDON","CITY OF LONDON","GREATER LONDON","A","http://landregistry.data.gov.uk/data/ppi/transaction/2ACACE8D-11D1-295E-E063-4804A8C0B0EB/current"
"01EB45EF-6626-40F3-E063-4704A8C05FDE","1495000","2023-07-10","EC2Y 8DN","F","N","L","FLAT 5","DEFOE HOUSE","BARBICAN","","LONDON","CITY OF LONDON","GREATER LONDON","A","http://landregistry.data.gov.uk/data/ppi/transaction/01EB45EF-6626-40F3-E063-4704A8C05FDE/current"
"E2D14904-FDA3-4C2D-E053-6B04A8C0422B","925000","2022-04-29","EC2Y 8DN","F","N","L","FLAT 51","DEFOE HOUSE","BARBICAN","","LONDON","CITY OF LONDON","GREATER LONDON","A","http://landregistry.data.gov.uk/data/ppi/transaction/E2D14904-FDA3-4C2D-E053-6B04A8C0422B/current"
"49B78529-A5F6-7921-E050-A8C063056E8D","950000","2016-10-27","EC2Y 8DN","F","N","L","FLAT 51","DEFOE HOUSE","BARBICAN","","LONDON","CITY OF LONDON","GREATER LONDON","A","http://landregistry.data.gov.uk/data/ppi/transaction/49B78529-A5F6-7921-E050-A8C063056E8D/current"
"8F1B26BD-F82F-53DB-E053-6C04A8C03649","875000","2019-06-26","EC2Y 8DN","F","N","L","FLAT 52","DEFOE HOUSE","BARBICAN","","LONDON","CITY OF LONDON","GREATER LONDON","A","http://landregistry.data.gov.uk/data/ppi/transaction/8F1B26BD-F82F-53DB-E053-6C04A8C03649/current"
"3DCCB7C9-94BD-5B9D-E063-4704A8C0331E","950000","2025-07-24","EC2Y 8DN","F","N","L","FLAT 6","DEFOE HOUSE","BARBICAN","","LONDON","CITY OF LONDON","GREATER LONDON","A","http://landregistry.data.gov.uk/data/ppi/transaction/3DCCB7C9-94BD-5B9D-E063-4704A8C0331E/current"
"453D27A3-5095-EF91-E050-A8C0630574D7","892000","2016-12-02","EC2Y 8DN","F","N","L","FLAT 60","DEFOE HOUSE","BARBICAN","","LONDON","CITY OF LONDON","GREATER LONDON","A","http://landregistry.data.gov.uk/data/ppi/transaction/453D27A3-5095-EF91-E050-A8C0630574D7/current"
"DBA933F8-E4D7-669D-E053-6B04A8C0AD56","875000","2022-03-01","EC2Y 8DN","F","N","L","FLAT 62","DEFOE HOUSE","BARBICAN","","LONDON","CITY OF LONDON","GREATER LONDON","A","http://landregistry.data.gov.uk/data/ppi/transaction/DBA933F8-E4D7-669D-E053-6B04A8C0AD56/current"
"D707E535-AAAE-0AD9-E053-6B04A8C067CC","815000","2021-06-28","EC2Y 8DN","F","N","L","FLAT 65","DEFOE HOUSE","BARBICAN","","LONDON","CITY OF LONDON","GREATER LONDON","A","http://landregistry.data.gov.uk/data/ppi/transaction/D707E535-AAAE-0AD9-E053-6B04A8C067CC/current"
"582D0637-4A35-8F22-E053-6C04A8C01BAC","950000","2017-08-18","EC2Y 8DN","F","N","L","FLAT 67","DEFOE HOUSE","BARBICAN","","LONDON","CITY OF LONDON","GREATER LONDON","A","http://landregistry.data.gov.uk/data/ppi/transaction/582D0637-4A35-8F22-E053-6C04A8C01BAC/current"
"31C68071-B290-FEE3-E063-4804A8C04F37","1100000","2024-12-04","EC2Y 8DN","F","N","L","FLAT 70","DEFOE HOUSE","BARBICAN","","LONDON","CITY OF LONDON","GREATER LONDON","A","http://landregistry.data.gov.uk/data/ppi/transaction/31C68071-B290-FEE3-E063-4804A8C04F37/current"
"2D4D7609-3FD4-BDF9-E063-4804A8C0672F","762500","2024-11-15","EC2Y 8DN","F","N","L","FLAT 71","DEFOE HOUSE","BARBICAN","","LONDON","CITY OF LONDON","GREATER LONDON","A","http://landregistry.data.gov.uk/data/ppi/transaction/2D4D7609-3FD4-BDF9-E063-4804A8C0672F/current"
"C3C3F9B6-109D-362B-E053-6B04A8C03ACC","820000","2020-12-18","EC2Y 8DN","F","N","L","FLAT 72","DEFOE HOUSE","BARBICAN","","LONDON","CITY OF LONDON","GREATER LONDON","A","http://landregistry.data.gov.uk/data/ppi/transaction/C3C3F9B6-109D-362B-E053-6B04A8C03ACC/current"
"5340B1C5-1670-8052-E063-4804A8C06EE4","928500","2025-11-21","EC2Y 8DN","F","N","L","FLAT 76","DEFOE HOUSE","BARBICAN","","LONDON","CITY OF LONDON","GREATER LONDON","A","http://landregistry.data.gov.uk/data/ppi/transaction/5340B1C5-1670-8052-E063-4804A8C06EE4/current"
"5CF9903C-3BE1-7F13-E053-6C04A8C074B1","950000","2017-09-20","EC2Y 8DN","F","N","L","FLAT 78","DEFOE HOUSE","BARBICAN","","LONDON","CITY OF LONDON","GREATER LONDON","A","http://landregistry.data.gov.uk/data/ppi/transaction/5CF9903C-3BE1-7F13-E053-6C04A8C074B1/current"
"404A5AF3-C5AE-CD2B-E050-A8C063055C7B","880000","2016-09-30","EC2Y 8DN","F","N","L","FLAT 78","DEFOE HOUSE","BARBICAN","","LONDON","CITY OF LONDON","GREATER LONDON","A","http://landregistry.data.gov.uk/data/ppi/transaction/404A5AF3-C5AE-CD2B-E050-A8C063055C7B/current"
"EC7AD099-39BF-9200-E053-6C04A8C0E306","1137000","2022-10-03","EC2Y 8DN","F","N","L","FLAT 80","DEFOE HOUSE","BARBICAN","","LONDON","CITY OF LONDON","GREATER LONDON","A","http://landregistry.data.gov.uk/data/ppi/transaction/EC7AD099-39BF-9200-E053-6C04A8C0E306/current"
"3DCCB7CA-3274-5B9D-E063-4704A8C0331E","955000","2025-07-30","EC2Y 8DN","F","N","L","FLAT 83","DEFOE HOUSE","BARBICAN","","LONDON","CITY OF LONDON","GREATER LONDON","A","http://landregistry.data.gov.uk/data/ppi/transaction/3DCCB7CA-3274-5B9D-E063-4704A8C0331E/current"
"1C3E72FE-6C73-F410-E063-4804A8C0DFA6","945000","2024-05-24","EC2Y 8DN","F","N","L","FLAT 86","DEFOE HOUSE","BARBICAN","","LONDON","CITY OF LONDON","GREATER LONDON","A","http://landregistry.data.gov.uk/data/ppi/transaction/1C3E72FE-6C73-F410-E063-4804A8C0DFA6/current"
"5CF9903C-EC8D-7F13-E053-6C04A8C074B1","2100000","2017-08-17","EC2Y 8DP","O","N","L","","2","LAMBERT JONES MEWS","BARBICAN","LONDON","CITY OF LONDON","GREATER LONDON","B","http://landregistry.data.gov.uk/data/ppi/transaction/5CF9903C-EC8D-7F13-E053-6C04A8C074B1/current"
"2D4D7609-4089-BDF9-E063-4804A8C0672F","2128500","2025-01-15","EC2Y 8DP","T","N","L","","3","LAMBERT JONES MEWS","BARBICAN","LONDON","CITY OF LONDON","GREATER LONDON","A","http://landregistry.data.gov.uk/data/ppi/transaction/2D4D7609-4089-BDF9-E063-4804A8C0672F/current"
"FFA361DA-7CA9-8A03-E053-4804A8C01F61","2050000","2023-06-01","EC2Y 8DP","T","N","L","","5","LAMBERT JONES MEWS","BARBICAN","LONDON","CITY OF LONDON","GREATER LONDON","A","http://landregistry.data.gov.uk/data/ppi/transaction/FFA361DA-7CA9-8A03-E053-4804A8C01F61/current"
"06C9F487-1B02-9388-E063-4804A8C0BD98","2200136","2023-08-01","EC2Y 8DP","T","N","L","","6","LAMBERT JONES MEWS","BARBICAN","LONDON","CITY OF LONDON","GREATER LONDON","A","http://landregistry.data.gov.uk/data/ppi/transaction/06C9F487-1B02-9388-E063-4804A8C0BD98/current"
"9B361207-120D-1904-E053-6B04A8C0EEB5","425000","2019-10-18","EC2Y 8DQ","F","N","L","FLAT 10","BRETON HOUSE","BARBICAN","","LONDON","CITY OF LONDON","GREATER LONDON","B","http://landregistry.data.gov.uk/data/ppi/transaction/9B361207-120D-1904-E053-6B04A8C0EEB5/current"
"6DA08449-8E6B-30F2-E053-6B04A8C05F3B","500000","2018-04-27","EC2Y 8DQ","F","N","L","FLAT 13","BRETON HOUSE","BARBICAN","","LONDON","CITY OF LONDON","GREATER LONDON","A","http://landregistry.data.gov.uk/data/ppi/transaction/6DA08449-8E6B-30F2-E053-6B04A8C05F3B/current"
"4E95D757-A616-EDA1-E050-A8C0630539E2","395000","2017-04-06","EC2Y 8DQ","F","N","L","FLAT 14","BRETON HOUSE","BARBICAN","","LONDON","CITY OF LONDON","GREATER LONDON","A","http://landregistry.data.gov.uk/data/ppi/transaction/4E95D757-A616-EDA1-E050-A8C0630539E2/current"
"68FEB20B-165D-38DA-E053-6C04A8C051AE","497500","2018-03-09","EC2Y 8DQ","F","N","L","FLAT 16","BRETON HOUSE","BARBICAN","","LONDON","CITY OF LONDON","GREATER LONDON","A","http://landregistry.data.gov.uk/data/ppi/transaction/68FEB20B-165D-38DA-E053-6C04A8C051AE/current"
"965B6D91-ACC3-95E4-E053-6C04A8C07729","550000","2019-09-20","EC2Y 8DQ","F","N","L","FLAT 31","BRETON HOUSE","BARBICAN","","LONDON","CITY OF LONDON","GREATER LONDON","A","http://landregistry.data.gov.uk/data/ppi/transaction/965B6D91-ACC3-95E4-E053-6C04A8C07729/current"
"F87E72F9-37D9-176C-E053-6B04A8C0D2BE","770000","2023-02-10","EC2Y 8DQ","F","N","L","FLAT 36","BRETON HOUSE","BARBICAN","","LONDON","CITY OF LONDON","GREATER LONDON","A","http://landregistry.data.gov.uk/data/ppi/transaction/F87E72F9-37D9-176C-E053-6B04A8C0D2BE/current"
"C6209F5E-D1BD-295E-E053-6C04A8C0DDCC","825000","2021-03-17","EC2Y 8DQ","F","N","L","FLAT 37","BRETON HOUSE","BARBICAN","","LONDON","CITY OF LONDON","GREATER LONDON","A","http://landregistry.data.gov.uk/data/ppi/transaction/C6209F5E-D1BD-295E-E053-6C04A8C0DDCC/current"
"4C1B673E-CEA1-D8EA-E063-4704A8C0BF7D","775000","2025-06-13","EC2Y 8DQ","F","N","L","FLAT 39","BRETON HOUSE","BARBICAN","","LONDON","CITY OF LONDON","GREATER LONDON","A","http://landregistry.data.gov.uk/data/ppi/transaction/4C1B673E-CEA1-D8EA-E063-4704A8C0BF7D/current"
"726BF13B-0E95-0A46-E053-6C04A8C01D0D","410000","2018-06-29","EC2Y 8DQ","F","N","L","FLAT 40","BRETON HOUSE","BARBICAN","","LONDON","CITY OF LONDON","GREATER LONDON","A","http://landregistry.data.gov.uk/data/ppi/transaction/726BF13B-0E95-0A46-E053-6C04A8C01D0D/current"
"D4D42646-10E3-27F6-E053-6C04A8C0A572","455000","2021-06-25","EC2Y 8DQ","F","N","L","FLAT 45","BRETON HOUSE","BARBICAN","","LONDON","CITY OF LONDON","GREATER LONDON","A","http://landregistry.data.gov.uk/data/ppi/transaction/D4D42646-10E3-27F6-E053-6C04A8C0A572/current"
"47844C80-1607-8986-E050-A8C063056488","520000","2017-01-18","EC2Y 8DQ","F","N","L","FLAT 46","BRETON HOUSE","BARBICAN","","LONDON","CITY OF LONDON","GREATER LONDON","A","http://landregistry.data.gov.uk/data/ppi/transaction/47844C80-1607-8986-E050-A8C063056488/current"
"773788C2-ED94-2CE4-E053-6C04A8C05E57","510000","2018-09-10","EC2Y 8DQ","F","N","L","FLAT 48","BRETON HOUSE","BARBICAN","","LONDON","CITY OF LONDON","GREATER LONDON","A","http://landregistry.data.gov.uk/data/ppi/transaction/773788C2-ED94-2CE4-E053-6C04A8C05E57/current"
"2ACACE8D-1246-295E-E063-4804A8C0B0EB","430000","2024-10-28","EC2Y 8DQ","F","N","L","FLAT 49","BRETON HOUSE","BARBICAN","","LONDON","CITY OF LONDON","GREATER LONDON","A","http://landregistry.data.gov.uk/data/ppi/transaction/2ACACE8D-1246-295E-E063-4804A8C0B0EB/current"
"DE2D0CDF-4497-51EE-E053-6C04A8C00671","535000","2022-03-25","EC2Y 8DQ","F","N","L","FLAT 51","BRETON HOUSE","BARBICAN","","LONDON","CITY OF LONDON","GREATER LONDON","A","http://landregistry.data.gov.uk/data/ppi/transaction/DE2D0CDF-4497-51EE-E053-6C04A8C00671/current"
"FFA361DA-7D2B-8A03-E053-4804A8C01F61","525000","2023-05-26","EC2Y 8DQ","F","N","L","FLAT 67","BRETON HOUSE","BARBICAN","","LONDON","CITY OF LONDON","GREATER LONDON","A","http://landregistry.data.gov.uk/data/ppi/transaction/FFA361DA-7D2B-8A03-E053-4804A8C01F61/current"
"0B853950-35A1-69A5-E063-4704A8C07DAC","405000","2023-08-30","EC2Y 8DQ","F","N","L","FLAT 68","BRETON HOUSE","BARBICAN","","LONDON","CITY OF LONDON","GREATER LONDON","A","http://landregistry.data.gov.uk/data/ppi/transaction/0B853950-35A1-69A5-E063-4704A8C07DAC/current"
"9B361206-83AC-1904-E053-6B04A8C0EEB5","515000","2019-12-11","EC2Y 8DQ","F","N","L","FLAT 69","BRETON HOUSE","BARBICAN","","LONDON","CITY OF LONDON","GREATER LONDON","A","http://landregistry.data.gov.uk/data/ppi/transaction/9B361206-83AC-1904-E053-6B04A8C0EEB5/current"
"919FEC04-D2B0-9A90-E053-6C04A8C0A300","500000","2019-07-26","EC2Y 8DQ","F","N","L","FLAT 7","BRETON HOUSE","BARBICAN","","LONDON","CITY OF LONDON","GREATER LONDON","A","http://landregistry.data.gov.uk/data/ppi/transaction/919FEC04-D2B0-9A90-E053-6C04A8C0A300/current"
"BC8936BB-319B-0E2C-E053-6C04A8C0DBF4","485000","2020-12-11","EC2Y 8DQ","F","N","L","FLAT 70","BRETON HOUSE","BARBICAN","","LONDON","CITY OF LONDON","GREATER LONDON","A","http://landregistry.data.gov.uk/data/ppi/transaction/BC8936BB-319B-0E2C-E053-6C04A8C0DBF4/current"
"75050A84-A9AF-9A88-E053-6B04A8C02390","415000","2018-05-18","EC2Y 8DQ","F","N","L","FLAT 71","BRETON HOUSE","BARBICAN","","LONDON","CITY OF LONDON","GREATER LONDON","A","http://landregistry.data.gov.uk/data/ppi/transaction/75050A84-A9AF-9A88-E053-6B04A8C02390/current"
"A2479555-78AE-74C7-E053-6B04A8C0887D","525000","2020-02-07","EC2Y 8DQ","F","N","L","FLAT 72","BRETON HOUSE","BARBICAN","","LONDON","CITY OF LONDON","GREATER LONDON","A","http://landregistry.data.gov.uk/data/ppi/transaction/A2479555-78AE-74C7-E053-6B04A8C0887D/current"
"A2479555-78AD-74C7-E053-6B04A8C0887D","550000","2020-02-07","EC2Y 8DQ","F","N","L","FLAT 72","BRETON HOUSE","BARBICAN","","LONDON","CITY OF LONDON","GREATER LONDON","A","http://landregistry.data.gov.uk/data/ppi/transaction/A2479555-78AD-74C7-E053-6B04A8C0887D/current"
"93E6821F-35CD-40FD-E053-6B04A8C0C1DF","525000","2019-05-15","EC2Y 8DQ","F","N","L","FLAT 72","BRETON HOUSE","BARBICAN","","LONDON","CITY OF LONDON","GREATER LONDON","B","http://landregistry.data.gov.uk/data/ppi/transaction/93E6821F-35CD-40FD-E053-6B04A8C0C1DF/current"
"AC07BBCF-CDE7-0445-E053-6C04A8C01E31","465000","2019-09-27","EC2Y 8DQ","F","N","L","FLAT 9","BRETON HOUSE","BARBICAN","","LONDON","CITY OF LONDON","GREATER LONDON","A","http://landregistry.data.gov.uk/data/ppi/transaction/AC07BBCF-CDE7-0445-E053-6C04A8C01E31/current"
"36A61A94-3DA1-DEF2-E063-4704A8C046AE","1800000","2024-12-19","EC2Y 8DR","F","N","L","FLAT 101","SHAKESPEARE TOWER","BARBICAN","","LONDON","CITY OF LONDON","GREATER LONDON","A","http://landregistry.data.gov.uk/data/ppi/transaction/36A61A94-3DA1-DEF2-E063-4704A8C046AE/current"
"F16F63C5-59FD-0491-E053-6C04A8C032ED","1610000","2022-10-21","EC2Y 8DR","F","N","L","FLAT 11","SHAKESPEARE TOWER","BARBICAN","","LONDON","CITY OF LONDON","GREATER LONDON","A","http://landregistry.data.gov.uk/data/ppi/transaction/F16F63C5-59FD-0491-E053-6C04A8C032ED/current"
"50F18103-526E-9FD5-E050-A8C063054923","1335000","2017-03-30","EC2Y 8DR","F","N","L","FLAT 11","SHAKESPEARE TOWER","BARBICAN","","LONDON","CITY OF LONDON","GREATER LONDON","A","http://landregistry.data.gov.uk/data/ppi/transaction/50F18103-526E-9FD5-E050-A8C063054923/current"
"E7B085FB-BB60-7E31-E053-6C04A8C0E67F","1495000","2022-07-18","EC2Y 8DR","F","N","L","FLAT 123","SHAKESPEARE TOWER","BARBICAN","","LONDON","CITY OF LONDON","GREATER LONDON","A","http://landregistry.data.gov.uk/data/ppi/transaction/E7B085FB-BB60-7E31-E053-6C04A8C0E67F/current"
"5CF9903C-3C97-7F13-E053-6C04A8C074B1","1950000","2017-09-20","EC2Y 8DR","F","N","L","FLAT 131","SHAKESPEARE TOWER","BARBICAN","","LONDON","CITY OF LONDON","GREATER LONDON","A","http://landregistry.data.gov.uk/data/ppi/transaction/5CF9903C-3C97-7F13-E053-6C04A8C074B1/current"
"402A3A65-C14E-A7DF-E063-4804A8C0B80D","2050000","2025-08-14","EC2Y 8DR","F","N","L","FLAT 141","SHAKESPEARE TOWER","BARBICAN","","LONDON","CITY OF LONDON","GREATER LONDON","A","http://landregistry.data.gov.uk/data/ppi/transaction/402A3A65-C14E-A7DF-E063-4804A8C0B80D/current"
"B82222EC-B87A-6691-E053-6B04A8C02FB2","1600000","2020-11-26","EC2Y 8DR","F","N","L","FLAT 141","SHAKESPEARE TOWER","BARBICAN","","LONDON","CITY OF LONDON","GREATER LONDON","A","http://landregistry.data.gov.uk/data/ppi/transaction/B82222EC-B87A-6691-E053-6B04A8C02FB2/current"
"34428D7E-4D7F-B86C-E050-A8C06205059C","1850000","2016-03-31","EC2Y 8DR","F","N","L","FLAT 143","SHAKESPEARE TOWER","BARBICAN","","LONDON","CITY OF LONDON","GREATER LONDON","A","http://landregistry.data.gov.uk/data/ppi/transaction/34428D7E-4D7F-B86C-E050-A8C06205059C/current"
"582D0637-4949-8F22-E053-6C04A8C01BAC","1510000","2017-07-24","EC2Y 8DR","F","N","L","FLAT 153","SHAKESPEARE TOWER","BARBICAN","","LONDON","CITY OF LONDON","GREATER LONDON","A","http://landregistry.data.gov.uk/data/ppi/transaction/582D0637-4949-8F22-E053-6C04A8C01BAC/current"
"50F18103-5192-9FD5-E050-A8C063054923","1700000","2017-04-28","EC2Y 8DR","F","N","L","FLAT 162","SHAKESPEARE TOWER","BARBICAN","","LONDON","CITY OF LONDON","GREATER LONDON","A","http://landregistry.data.gov.uk/data/ppi/transaction/50F18103-5192-9FD5-E050-A8C063054923/current"
"2FD36065-D1A0-4BF8-E050-A8C0620562B1","1970000","2016-02-04","EC2Y 8DR","F","N","L","FLAT 163","SHAKESPEARE TOWER","BARBICAN","","LONDON","CITY OF LONDON","GREATER LONDON","A","http://landregistry.data.gov.uk/data/ppi/transaction/2FD36065-D1A0-4BF8-E050-A8C0620562B1/current"
"237B17FD-9548-22AC-E063-4804A8C0EA3A","1800000","2024-05-17","EC2Y 8DR","F","N","L","FLAT 172","SHAKESPEARE TOWER","BARBICAN","","LONDON","CITY OF LONDON","GREATER LONDON","A","http://landregistry.data.gov.uk/data/ppi/transaction/237B17FD-9548-22AC-E063-4804A8C0EA3A/current"
"36A61A94-3F1C-DEF2-E063-4704A8C046AE","1900000","2024-03-26","EC2Y 8DR","F","N","L","FLAT 191","SHAKESPEARE TOWER","BARBICAN","","LONDON","CITY OF LONDON","GREATER LONDON","A","http://landregistry.data.gov.uk/data/ppi/transaction/36A61A94-3F1C-DEF2-E063-4704A8C046AE/current"
"1EAE3DF6-6DD4-9EB1-E063-4704A8C09D02","1825000","2024-03-26","EC2Y 8DR","F","N","L","FLAT 192","SHAKESPEARE TOWER","BARBICAN","","LONDON","CITY OF LONDON","GREATER LONDON","A","http://landregistry.data.gov.uk/data/ppi/transaction/1EAE3DF6-6DD4-9EB1-E063-4704A8C09D02/current"
"5A9D8B55-734E-68EB-E053-6B04A8C0D293","1350000","2017-08-18","EC2Y 8DR","F","N","L","FLAT 22","SHAKESPEARE TOWER","BARBICAN","","LONDON","CITY OF LONDON","GREATER LONDON","A","http://landregistry.data.gov.uk/data/ppi/transaction/5A9D8B55-734E-68EB-E053-6B04A8C0D293/current"
"47844C80-14FF-8986-E050-A8C063056488","1725000","2017-01-09","EC2Y 8DR","F","N","L","FLAT 222","SHAKESPEARE TOWER","BARBICAN","","LONDON","CITY OF LONDON","GREATER LONDON","A","http://landregistry.data.gov.uk/data/ppi/transaction/47844C80-14FF-8986-E050-A8C063056488/current"
"1C3E72FE-6C84-F410-E063-4804A8C0DFA6","1760000","2024-01-17","EC2Y 8DR","F","N","L","FLAT 232","SHAKESPEARE TOWER","BARBICAN","","LONDON","CITY OF LONDON","GREATER LONDON","A","http://landregistry.data.gov.uk/data/ppi/transaction/1C3E72FE-6C84-F410-E063-4804A8C0DFA6/current"
"36A61A94-3F4E-DEF2-E063-4704A8C046AE","1800000","2024-05-10","EC2Y 8DR","F","N","L","FLAT 252","SHAKESPEARE TOWER","BARBICAN","","LONDON","CITY OF LONDON","GREATER LONDON","A","http://landregistry.data.gov.uk/data/ppi/transaction/36A61A94-3F4E-DEF2-E063-4704A8C046AE/current"
"44F406B6-133D-1095-E063-4704A8C048D4","2100000","2025-07-09","EC2Y 8DR","F","N","L","FLAT 271","SHAKESPEARE TOWER","BARBICAN","","LONDON","CITY OF LONDON","GREATER LONDON","A","http://landregistry.data.gov.uk/data/ppi/transaction/44F406B6-133D-1095-E063-4704A8C048D4/current"
"2FD36065-2166-4BF8-E050-A8C0620562B1","2250000","2016-03-24","EC2Y 8DR","F","N","L","FLAT 281","SHAKESPEARE TOWER","BARBICAN","","LONDON","CITY OF LONDON","GREATER LONDON","A","http://landregistry.data.gov.uk/data/ppi/transaction/2FD36065-2166-4BF8-E050-A8C0620562B1/current"
"DE2D0CDF-45C3-51EE-E053-6C04A8C00671","1860000","2021-05-24","EC2Y 8DR","F","N","L","FLAT 291","SHAKESPEARE TOWER","BARBICAN","","LONDON","CITY OF LONDON","GREATER LONDON","A","http://landregistry.data.gov.uk/data/ppi/transaction/DE2D0CDF-45C3-51EE-E053-6C04A8C00671/current"
"CB0035E6-0924-58AE-E053-6B04A8C091AF","1295000","2021-04-16","EC2Y 8DR","F","N","L","FLAT 41","SHAKESPEARE TOWER","BARBICAN","","LONDON","CITY OF LONDON","GREATER LONDON","A","http://landregistry.data.gov.uk/data/ppi/transaction/CB0035E6-0924-58AE-E053-6B04A8C091AF/current"
"0B85394F-8D47-69A5-E063-4704A8C07DAC","1600000","2023-09-13","EC2Y 8DR","F","N","L","FLAT 43","SHAKESPEARE TOWER","BARBICAN","","LONDON","CITY OF LONDON","GREATER LONDON","A","http://landregistry.data.gov.uk/data/ppi/transaction/0B85394F-8D47-69A5-E063-4704A8C07DAC/current"
"68FEB20C-5CD7-38DA-E053-6C04A8C051AE","1500000","2018-02-21","EC2Y 8DR","F","N","L","FLAT 51","SHAKESPEARE TOWER","BARBICAN","","LONDON","CITY OF LONDON","GREATER LONDON","B","http://landregistry.data.gov.uk/data/ppi/transaction/68FEB20C-5CD7-38DA-E053-6C04A8C051AE/current"
"237B17FD-932A-22AC-E063-4804A8C0EA3A","1550000","2023-05-18","EC2Y 8DR","F","N","L","FLAT 62","SHAKESPEARE TOWER","BARBICAN","","LONDON","CITY OF LONDON","GREATER LONDON","A","http://landregistry.data.gov.uk/data/ppi/transaction/237B17FD-932A-22AC-E063-4804A8C0EA3A/current"
"5CF9903B-7854-7F13-E053-6C04A8C074B1","1475000","2017-08-23","EC2Y 8DR","F","N","L","FLAT 62","SHAKESPEARE TOWER","BARBICAN","","LONDON","CITY OF LONDON","GREATER LONDON","A","http://landregistry.data.gov.uk/data/ppi/transaction/5CF9903B-7854-7F13-E053-6C04A8C074B1/current"
"2D4D7608-91A7-BDF9-E063-4804A8C0672F","1675000","2024-02-15","EC2Y 8DR","F","N","L","FLAT 83","SHAKESPEARE TOWER","BARBICAN","","LONDON","CITY OF LONDON","GREATER LONDON","A","http://landregistry.data.gov.uk/data/ppi/transaction/2D4D7608-91A7-BDF9-E063-4804A8C0672F/current"
"75050A85-6E14-9A88-E053-6B04A8C02390","1803000","2018-07-13","EC2Y 8DR","F","N","L","FLAT 91","SHAKESPEARE TOWER","BARBICAN","","LONDON","CITY OF LONDON","GREATER LONDON","A","http://landregistry.data.gov.uk/data/ppi/transaction/75050A85-6E14-9A88-E053-6B04A8C02390/current"
"93E6821E-998D-40FD-E053-6B04A8C0C1DF","1590000","2019-09-11","EC2Y 8DR","F","N","L","FLAT 92","SHAKESPEARE TOWER","BARBICAN","","LONDON","CITY OF LONDON","GREATER LONDON","A","http://landregistry.data.gov.uk/data/ppi/transaction/93E6821E-998D-40FD-E053-6B04A8C0C1DF/current"
"EED73E76-7E8B-6AF3-E053-6C04A8C08ABA","106082","2020-09-29","EC2Y 8DX","O","N","L","ROOMS 153 AND 254 FIRST AND SECOND FLOOR","GUILDHALL SCHOOL OF MUSIC AND DRAMA","SPEED HIGHWALK","","LONDON","CITY OF LONDON","GREATER LONDON","B","http://landregistry.data.gov.uk/data/ppi/transaction/EED73E76-7E8B-6AF3-E053-6C04A8C08ABA/current"
"F87E72F9-3911-176C-E053-6B04A8C0D2BE","550000","2022-03-31","EC2Y 8DY","F","N","L","FLAT 10","TUDOR ROSE COURT, 35","FANN STREET","","LONDON","CITY OF LONDON","GREATER LONDON","A","http://landregistry.data.gov.uk/data/ppi/transaction/F87E72F9-3911-176C-E053-6B04A8C0D2BE/current"
"6B32222C-79D8-01F1-E053-6C04A8C0D2C8","570000","2018-04-06","EC2Y 8DY","F","N","L","FLAT 11","TUDOR ROSE COURT, 35","FANN STREET","","LONDON","CITY OF LONDON","GREATER LONDON","A","http://landregistry.data.gov.uk/data/ppi/transaction/6B32222C-79D8-01F1-E053-6C04A8C0D2C8/current"
"B82222ED-1674-6691-E053-6B04A8C02FB2","465000","2020-10-23","EC2Y 8DY","F","N","L","FLAT 16","TUDOR ROSE COURT, 35","FANN STREET","","LONDON","CITY OF LONDON","GREATER LONDON","A","http://landregistry.data.gov.uk/data/ppi/transaction/B82222ED-1674-6691-E053-6B04A8C02FB2/current"
"E2D14905-CC0B-4C2D-E053-6B04A8C0422B","416000","2022-05-19","EC2Y 8DY","F","N","L","FLAT 24","TUDOR ROSE COURT, 35","FANN STREET","","LONDON","CITY OF LONDON","GREATER LONDON","A","http://landregistry.data.gov.uk/data/ppi/transaction/E2D14905-CC0B-4C2D-E053-6B04A8C0422B/current"
"09266DDB-F1EB-AF90-E063-4704A8C02087","400000","2023-09-22","EC2Y 8DY","F","N","L","FLAT 26","TUDOR ROSE COURT, 35","FANN STREET","","LONDON","CITY OF LONDON","GREATER LONDON","A","http://landregistry.data.gov.uk/data/ppi/transaction/09266DDB-F1EB-AF90-E063-4704A8C02087/current"
"666758D7-17AE-3363-E053-6B04A8C0D74E","488000","2018-02-08","EC2Y 8DY","F","N","L","FLAT 26","TUDOR ROSE COURT, 35","FANN STREET","","LONDON","CITY OF LONDON","GREATER LONDON","A","http://landregistry.data.gov.uk/data/ppi/transaction/666758D7-17AE-3363-E053-6B04A8C0D74E/current"
"44F406B6-1229-1095-E063-4704A8C048D4","415000","2025-11-17","EC2Y 8DY","F","N","L","FLAT 31","TUDOR ROSE COURT, 35","FANN STREET","","LONDON","CITY OF LONDON","GREATER LONDON","A","http://landregistry.data.gov.uk/data/ppi/transaction/44F406B6-1229-1095-E063-4704A8C048D4/current"
"06C9F487-179B-9388-E063-4804A8C0BD98","1850000","2023-08-14","EC2Y 8HD","F","N","L","","701","FROBISHER CRESCENT","","LONDON","CITY OF LONDON","GREATER LONDON","A","http://landregistry.data.gov.uk/data/ppi/transaction/06C9F487-179B-9388-E063-4804A8C0BD98/current"
"E2D14905-55D5-4C2D-E053-6B04A8C0422B","575000","2022-04-29","EC2Y 8HD","F","N","L","","703","FROBISHER CRESCENT","","LONDON","CITY OF LONDON","GREATER LONDON","A","http://landregistry.data.gov.uk/data/ppi/transaction/E2D14905-55D5-4C2D-E053-6B04A8C0422B/current"
"8355F008-A271-55C5-E053-6B04A8C0D090","715000","2019-01-24","EC2Y 8HD","F","N","L","","705","FROBISHER CRESCENT","","LONDON","CITY OF LONDON","GREATER LONDON","A","http://landregistry.data.gov.uk/data/ppi/transaction/8355F008-A271-55C5-E053-6B04A8C0D090/current"
"31C68072-ECEB-FEE3-E063-4804A8C04F37","555000","2024-11-06","EC2Y 8HD","O","N","L","","706","FROBISHER CRESCENT","","LONDON","CITY OF LONDON","GREATER LONDON","B","http://landregistry.data.gov.uk/data/ppi/transaction/31C68072-ECEB-FEE3-E063-4804A8C04F37/current"
"4777E0AE-4683-5D59-E063-4804A8C09F8E","1080000","2025-07-31","EC2Y 8HD","F","N","L","","709","FROBISHER CRESCENT","","LONDON","CITY OF LONDON","GREATER LONDON","A","http://landregistry.data.gov.uk/data/ppi/transaction/4777E0AE-4683-5D59-E063-4804A8C09F8E/current"
"582D0636-852C-8F22-E053-6C04A8C01BAC","999950","2017-07-24","EC2Y 8HD","F","N","L","","709","FROBISHER CRESCENT","","LONDON","CITY OF LONDON","GREATER LONDON","A","http://landregistry.data.gov.uk/data/ppi/transaction/582D0636-852C-8F22-E053-6C04A8C01BAC/current"
"5F54B81C-A2B0-2B45-E053-6B04A8C01FB0","510000","2017-11-17","EC2Y 8HD","F","N","L","","711","FROBISHER CRESCENT","","LONDON","CITY OF LONDON","GREATER LONDON","A","http://landregistry.data.gov.uk/data/ppi/transaction/5F54B81C-A2B0-2B45-E053-6B04A8C01FB0/current"
"E2D14905-55D4-4C2D-E053-6B04A8C0422B","1500000","2022-03-14","EC2Y 8HD","F","N","L","","713","FROBISHER CRESCENT","","LONDON","CITY OF LONDON","GREATER LONDON","A","http://landregistry.data.gov.uk/data/ppi/transaction/E2D14905-55D4-4C2D-E053-6B04A8C0422B/current"
"49E87C31-8484-591C-E063-4704A8C00C31","2150000","2025-12-11","EC2Y 8HD","F","N","L","","801","FROBISHER CRESCENT","","LONDON","CITY OF LONDON","GREATER LONDON","A","http://landregistry.data.gov.uk/data/ppi/transaction/49E87C31-8484-591C-E063-4704A8C00C31/current"
"DE2D0CDF-922E-51EE-E053-6C04A8C00671","559000","2022-03-28","EC2Y 8HD","F","N","L","","802","FROBISHER CRESCENT","","LONDON","CITY OF LONDON","GREATER LONDON","A","http://landregistry.data.gov.uk/data/ppi/transaction/DE2D0CDF-922E-51EE-E053-6C04A8C00671/current"
"5A9D8B55-0734-68EB-E053-6B04A8C0D293","552500","2017-08-23","EC2Y 8HD","F","N","L","","802","FROBISHER CRESCENT","","LONDON","CITY OF LONDON","GREATER LONDON","A","http://landregistry.data.gov.uk/data/ppi/transaction/5A9D8B55-0734-68EB-E053-6B04A8C0D293/current"
"9DBAD221-9CD2-6EB3-E053-6B04A8C0F257","550000","2019-12-20","EC2Y 8HD","F","N","L","","812","FROBISHER CRESCENT","","LONDON","CITY OF LONDON","GREATER LONDON","A","http://landregistry.data.gov.uk/data/ppi/transaction/9DBAD221-9CD2-6EB3-E053-6B04A8C0F257/current"
"4E95D757-5388-EDA1-E050-A8C0630539E2","540000","2017-04-20","EC2Y 8HD","F","N","L","","812","FROBISHER CRESCENT","","LONDON","CITY OF LONDON","GREATER LONDON","A","http://landregistry.data.gov.uk/data/ppi/transaction/4E95D757-5388-EDA1-E050-A8C0630539E2/current"
"152AB733-7749-E651-E063-4704A8C061D9","500000","2024-03-07","EC2Y 8HD","F","N","L","","817","FROBISHER CRESCENT","","LONDON","CITY OF LONDON","GREATER LONDON","A","http://landregistry.data.gov.uk/data/ppi/transaction/152AB733-7749-E651-E063-4704A8C061D9/current"
"7011B108-FDB7-8ED6-E053-6B04A8C075C1","495000","2018-06-01","EC2Y 8HD","F","N","L","","821","FROBISHER CRESCENT","","LONDON","CITY OF LONDON","GREATER LONDON","A","http://landregistry.data.gov.uk/data/ppi/transaction/7011B108-FDB7-8ED6-E053-6B04A8C075C1/current"
"B82222EC-B880-6691-E053-6B04A8C02FB2","1625000","2020-11-10","EC2Y 8HD","F","N","L","","824","FROBISHER CRESCENT","","LONDON","CITY OF LONDON","GREATER LONDON","A","http://landregistry.data.gov.uk/data/ppi/transaction/B82222EC-B880-6691-E053-6B04A8C02FB2/current"
"8A78B2AF-31C7-5CB0-E053-6B04A8C0F504","704000","2019-05-14","EC2Y 8HD","F","N","L","","907","FROBISHER CRESCENT","","LONDON","CITY OF LONDON","GREATER LONDON","A","http://landregistry.data.gov.uk/data/ppi/transaction/8A78B2AF-31C7-5CB0-E053-6B04A8C0F504/current"
"5376B385-5209-34C1-E053-6B04A8C09FF6","700000","2017-06-15","EC2Y 8HD","F","N","L","","908","FROBISHER CRESCENT","","LONDON","CITY OF LONDON","GREATER LONDON","A","http://landregistry.data.gov.uk/data/ppi/transaction/5376B385-5209-34C1-E053-6B04A8C09FF6/current"
"4E95D757-12CE-EDA1-E050-A8C0630539E2","700000","2017-03-30","EC2Y 8HD","F","N","L","","909","FROBISHER CRESCENT","","LONDON","CITY OF LONDON","GREATER LONDON","A","http://landregistry.data.gov.uk/data/ppi/transaction/4E95D757-12CE-EDA1-E050-A8C0630539E2/current"
"31C68071-ADDE-FEE3-E063-4804A8C04F37","695000","2025-02-21","EC2Y 8HD","F","N","L","","911","FROBISHER CRESCENT","","LONDON","CITY OF LONDON","GREATER LONDON","A","http://landregistry.data.gov.uk/data/ppi/transaction/31C68071-ADDE-FEE3-E063-4804A8C04F37/current"
"1061746D-E771-3C34-E063-4804A8C0F9E7","697000","2023-10-31","EC2Y 8HD","F","N","L","","917","FROBISHER CRESCENT","","LONDON","CITY OF LONDON","GREATER LONDON","A","http://landregistry.data.gov.uk/data/ppi/transaction/1061746D-E771-3C34-E063-4804A8C0F9E7/current"
"B32EBB14-26DD-3C99-E053-6C04A8C09CA1","685000","2020-09-18","EC2Y 8HD","O","N","L","","917","FROBISHER CRESCENT","","LONDON","CITY OF LONDON","GREATER LONDON","B","http://landregistry.data.gov.uk/data/ppi/transaction/B32EBB14-26DD-3C99-E053-6C04A8C09CA1/current"
"5CF9903B-CBD4-7F13-E053-6C04A8C074B1","690000","2017-09-21","EC2Y 8HD","F","N","L","","919","FROBISHER CRESCENT","","LONDON","CITY OF LONDON","GREATER LONDON","A","http://landregistry.data.gov.uk/data/ppi/transaction/5CF9903B-CBD4-7F13-E053-6C04A8C074B1/current"
"237B17FD-9247-22AC-E063-4804A8C0EA3A","700000","2024-08-21","EC2Y 8HD","F","N","L","","921","FROBISHER CRESCENT","","LONDON","CITY OF LONDON","GREATER LONDON","A","http://landregistry.data.gov.uk/data/ppi/transaction/237B17FD-9247-22AC-E063-4804A8C0EA3A/current"
"06C9F487-1774-9388-E063-4804A8C0BD98","700000","2023-09-01","EC2Y 8HD","F","N","L","","922","FROBISHER CRESCENT","","LONDON","CITY OF LONDON","GREATER LONDON","A","http://landregistry.data.gov.uk/data/ppi/transaction/06C9F487-1774-9388-E063-4804A8C0BD98/current"
"D4D42646-1157-27F6-E053-6C04A8C0A572","1600000","2021-06-25","EC2Y 8NA","F","N","L","FLAT 301","LAUDERDALE TOWER","BARBICAN","","LONDON","CITY OF LONDON","GREATER LONDON","A","http://landregistry.data.gov.uk/data/ppi/transaction/D4D42646-1157-27F6-E053-6C04A8C0A572/current"
"582D0637-4975-8F22-E053-6C04A8C01BAC","2100000","2017-07-18","EC2Y 8NA","F","N","L","FLAT 303","LAUDERDALE TOWER","BARBICAN","","LONDON","CITY OF LONDON","GREATER LONDON","A","http://landregistry.data.gov.uk/data/ppi/transaction/582D0637-4975-8F22-E053-6C04A8C01BAC/current"
"42C129E4-E03E-60A9-E063-4804A8C0C25D","1815000","2025-07-16","EC2Y 8NA","F","N","L","FLAT 313","LAUDERDALE TOWER","BARBICAN","","LONDON","CITY OF LONDON","GREATER LONDON","A","http://landregistry.data.gov.uk/data/ppi/transaction/42C129E4-E03E-60A9-E063-4804A8C0C25D/current"
"2D1E4B26-94C8-FCD1-E050-A8C0630544EC","1899500","2016-02-01","EC2Y 8NA","F","N","L","FLAT 321","LAUDERDALE TOWER","BARBICAN","","LONDON","CITY OF LONDON","GREATER LONDON","A","http://landregistry.data.gov.uk/data/ppi/transaction/2D1E4B26-94C8-FCD1-E050-A8C0630544EC/current"
"D707E534-B57B-0AD9-E053-6B04A8C067CC","1567500","2021-06-28","EC2Y 8NA","F","N","L","FLAT 322","LAUDERDALE TOWER","BARBICAN","","LONDON","CITY OF LONDON","GREATER LONDON","A","http://landregistry.data.gov.uk/data/ppi/transaction/D707E534-B57B-0AD9-E053-6B04A8C067CC/current"
"4E75C29C-C8E9-8922-E063-4804A8C094D0","1625000","2026-02-20","EC2Y 8NA","F","N","L","FLAT 341","LAUDERDALE TOWER","BARBICAN","","LONDON","CITY OF LONDON","GREATER LONDON","A","http://landregistry.data.gov.uk/data/ppi/transaction/4E75C29C-C8E9-8922-E063-4804A8C094D0/current"
"38EDC0C3-2510-0F63-E063-4704A8C00424","1925000","2025-05-29","EC2Y 8NA","F","N","L","FLAT 361","LAUDERDALE TOWER","BARBICAN","","LONDON","CITY OF LONDON","GREATER LONDON","A","http://landregistry.data.gov.uk/data/ppi/transaction/38EDC0C3-2510-0F63-E063-4704A8C00424/current"
"3B5CE842-047B-EE3A-E063-4804A8C0D6F1","1600000","2025-07-01","EC2Y 8NA","F","N","L","FLAT 362","LAUDERDALE TOWER","BARBICAN","","LONDON","CITY OF LONDON","GREATER LONDON","A","http://landregistry.data.gov.uk/data/ppi/transaction/3B5CE842-047B-EE3A-E063-4804A8C0D6F1/current"
"93E6821E-9972-40FD-E053-6B04A8C0C1DF","1745000","2019-08-30","EC2Y 8NA","F","N","L","FLAT 372","LAUDERDALE TOWER","BARBICAN","","LONDON","CITY OF LONDON","GREATER LONDON","A","http://landregistry.data.gov.uk/data/ppi/transaction/93E6821E-9972-40FD-E053-6B04A8C0C1DF/current"
"A2479555-7906-74C7-E053-6B04A8C0887D","1720000","2020-02-28","EC2Y 8NA","F","N","L","FLAT 391","LAUDERDALE TOWER","BARBICAN","","LONDON","CITY OF LONDON","GREATER LONDON","A","http://landregistry.data.gov.uk/data/ppi/transaction/A2479555-7906-74C7-E053-6B04A8C0887D/current"
"61D8894E-2585-3DE6-E053-6C04A8C01207","3350000","2017-11-30","EC2Y 8NA","F","N","L","FLAT 392","LAUDERDALE TOWER","BARBICAN","","LONDON","CITY OF LONDON","GREATER LONDON","A","http://landregistry.data.gov.uk/data/ppi/transaction/61D8894E-2585-3DE6-E053-6C04A8C01207/current"
"237B17FE-4026-22AC-E063-4804A8C0EA3A","2000000","2024-08-02","EC2Y 8NA","F","N","L","FLAT 401","LAUDERDALE TOWER","BARBICAN","","LONDON","CITY OF LONDON","GREATER LONDON","A","http://landregistry.data.gov.uk/data/ppi/transaction/237B17FE-4026-22AC-E063-4804A8C0EA3A/current"
"4C4EDFFE-EDA0-1854-E050-A8C063054F34","1830000","2016-10-20","EC2Y 8NB","F","N","L","FLAT 311","CROMWELL TOWER","BARBICAN","","LONDON","CITY OF LONDON","GREATER LONDON","A","http://landregistry.data.gov.uk/data/ppi/transaction/4C4EDFFE-EDA0-1854-E050-A8C063054F34/current"
"FD226035-7A8C-4CB7-E053-4804A8C00430","1768885","2023-05-25","EC2Y 8NB","F","N","L","FLAT 312","CROMWELL TOWER","BARBICAN","","LONDON","CITY OF LONDON","GREATER LONDON","A","http://landregistry.data.gov.uk/data/ppi/transaction/FD226035-7A8C-4CB7-E053-4804A8C00430/current"
"D707E534-B7D4-0AD9-E053-6B04A8C067CC","1700000","2019-12-20","EC2Y 8NB","F","N","L","FLAT 312","CROMWELL TOWER","BARBICAN","","LONDON","CITY OF LONDON","GREATER LONDON","A","http://landregistry.data.gov.uk/data/ppi/transaction/D707E534-B7D4-0AD9-E053-6B04A8C067CC/current"
"06C9F487-186A-9388-E063-4804A8C0BD98","2000000","2023-08-09","EC2Y 8NB","F","N","L","FLAT 323","CROMWELL TOWER","BARBICAN","","LONDON","CITY OF LONDON","GREATER LONDON","A","http://landregistry.data.gov.uk/data/ppi/transaction/06C9F487-186A-9388-E063-4804A8C0BD98/current"
"D22473F5-B8DC-7B40-E053-6C04A8C0A630","1574000","2021-06-30","EC2Y 8NB","F","N","L","FLAT 342","CROMWELL TOWER","BARBICAN","","LONDON","CITY OF LONDON","GREATER LONDON","A","http://landregistry.data.gov.uk/data/ppi/transaction/D22473F5-B8DC-7B40-E053-6C04A8C0A630/current"
"0B85394F-8F5F-69A5-E063-4704A8C07DAC","3400000","2023-06-14","EC2Y 8NB","F","N","L","FLAT 372","CROMWELL TOWER","BARBICAN","","LONDON","CITY OF LONDON","GREATER LONDON","A","http://landregistry.data.gov.uk/data/ppi/transaction/0B85394F-8F5F-69A5-E063-4704A8C07DAC/current"
"5CF9903C-3CC3-7F13-E053-6C04A8C074B1","1950000","2017-10-06","EC2Y 8NB","F","N","L","FLAT 381","CROMWELL TOWER","BARBICAN","","LONDON","CITY OF LONDON","GREATER LONDON","A","http://landregistry.data.gov.uk/data/ppi/transaction/5CF9903C-3CC3-7F13-E053-6C04A8C074B1/current"
"5CF9903B-CB9B-7F13-E053-6C04A8C074B1","1250000","2017-09-29","EC2Y 8ND","F","N","L","FLAT 103","DEFOE HOUSE","BARBICAN","","LONDON","CITY OF LONDON","GREATER LONDON","A","http://landregistry.data.gov.uk/data/ppi/transaction/5CF9903B-CB9B-7F13-E053-6C04A8C074B1/current"
"A71375FD-A1B0-7576-E053-6C04A8C0462F","1300000","2020-03-03","EC2Y 8ND","F","N","L","FLAT 104","DEFOE HOUSE","BARBICAN","","LONDON","CITY OF LONDON","GREATER LONDON","A","http://landregistry.data.gov.uk/data/ppi/transaction/A71375FD-A1B0-7576-E053-6C04A8C0462F/current"
"75050A85-6D2B-9A88-E053-6B04A8C02390","880000","2018-02-05","EC2Y 8ND","F","N","L","FLAT 107","DEFOE HOUSE","BARBICAN","","LONDON","CITY OF LONDON","GREATER LONDON","A","http://landregistry.data.gov.uk/data/ppi/transaction/75050A85-6D2B-9A88-E053-6B04A8C02390/current"
"06C9F487-97FA-9388-E063-4804A8C0BD98","950000","2023-08-25","EC2Y 8ND","F","N","L","FLAT 111","DEFOE HOUSE","BARBICAN","","LONDON","CITY OF LONDON","GREATER LONDON","A","http://landregistry.data.gov.uk/data/ppi/transaction/06C9F487-97FA-9388-E063-4804A8C0BD98/current"
"64342BFE-901C-422C-E053-6C04A8C0FB8A","950000","2018-01-19","EC2Y 8ND","F","N","L","FLAT 113","DEFOE HOUSE","BARBICAN","","LONDON","CITY OF LONDON","GREATER LONDON","A","http://landregistry.data.gov.uk/data/ppi/transaction/64342BFE-901C-422C-E053-6C04A8C0FB8A/current"
"34222872-9104-4D2B-E063-4704A8C07853","1126000","2025-03-18","EC2Y 8ND","F","N","L","FLAT 114","DEFOE HOUSE","BARBICAN","","LONDON","CITY OF LONDON","GREATER LONDON","A","http://landregistry.data.gov.uk/data/ppi/transaction/34222872-9104-4D2B-E063-4704A8C07853/current"
"666758D7-1601-3363-E053-6B04A8C0D74E","863500","2018-02-09","EC2Y 8ND","F","N","L","FLAT 114","DEFOE HOUSE","BARBICAN","","LONDON","CITY OF LONDON","GREATER LONDON","A","http://landregistry.data.gov.uk/data/ppi/transaction/666758D7-1601-3363-E053-6B04A8C0D74E/current"
"D4D42646-1215-27F6-E053-6C04A8C0A572","900000","2021-11-17","EC2Y 8ND","F","N","L","FLAT 115","DEFOE HOUSE","BARBICAN","","LONDON","CITY OF LONDON","GREATER LONDON","A","http://landregistry.data.gov.uk/data/ppi/transaction/D4D42646-1215-27F6-E053-6C04A8C0A572/current"
"DBA933F8-E504-669D-E053-6B04A8C0AD56","875000","2021-09-29","EC2Y 8ND","F","N","L","FLAT 116","DEFOE HOUSE","BARBICAN","","LONDON","CITY OF LONDON","GREATER LONDON","A","http://landregistry.data.gov.uk/data/ppi/transaction/DBA933F8-E504-669D-E053-6B04A8C0AD56/current"
"F16F63C5-589D-0491-E053-6C04A8C032ED","1005000","2022-11-04","EC2Y 8ND","F","N","L","FLAT 119","DEFOE HOUSE","BARBICAN","","LONDON","CITY OF LONDON","GREATER LONDON","A","http://landregistry.data.gov.uk/data/ppi/transaction/F16F63C5-589D-0491-E053-6C04A8C032ED/current"
"61D8894D-9084-3DE6-E053-6C04A8C01207","895000","2017-06-08","EC2Y 8ND","F","N","L","FLAT 119","DEFOE HOUSE","BARBICAN","","LONDON","CITY OF LONDON","GREATER LONDON","A","http://landregistry.data.gov.uk/data/ppi/transaction/61D8894D-9084-3DE6-E053-6C04A8C01207/current"
"12A8BAB5-DB0A-2125-E063-4804A8C08CC1","975000","2024-02-12","EC2Y 8ND","F","N","L","FLAT 122","DEFOE HOUSE","BARBICAN","","LONDON","CITY OF LONDON","GREATER LONDON","A","http://landregistry.data.gov.uk/data/ppi/transaction/12A8BAB5-DB0A-2125-E063-4804A8C08CC1/current"
"3DCCB7CA-3349-5B9D-E063-4704A8C0331E","965000","2025-08-04","EC2Y 8ND","F","N","L","FLAT 123","DEFOE HOUSE","BARBICAN","","LONDON","CITY OF LONDON","GREATER LONDON","A","http://landregistry.data.gov.uk/data/ppi/transaction/3DCCB7CA-3349-5B9D-E063-4704A8C0331E/current"
"E2D14905-CA62-4C2D-E053-6B04A8C0422B","1000000","2022-05-06","EC2Y 8ND","F","N","L","FLAT 127","DEFOE HOUSE","BARBICAN","","LONDON","CITY OF LONDON","GREATER LONDON","A","http://landregistry.data.gov.uk/data/ppi/transaction/E2D14905-CA62-4C2D-E053-6B04A8C0422B/current"
"79A74E21-E346-1289-E053-6B04A8C01627","940000","2018-08-29","EC2Y 8ND","F","N","L","FLAT 127","DEFOE HOUSE","BARBICAN","","LONDON","CITY OF LONDON","GREATER LONDON","A","http://landregistry.data.gov.uk/data/ppi/transaction/79A74E21-E346-1289-E053-6B04A8C01627/current"
"1EAE3DF6-222D-9EB1-E063-4704A8C09D02","980000","2024-05-13","EC2Y 8ND","F","N","L","FLAT 128","DEFOE HOUSE","BARBICAN","","LONDON","CITY OF LONDON","GREATER LONDON","A","http://landregistry.data.gov.uk/data/ppi/transaction/1EAE3DF6-222D-9EB1-E063-4704A8C09D02/current"
"E53EDD2E-03C9-83EC-E053-6B04A8C03A59","770000","2022-06-23","EC2Y 8ND","F","N","L","FLAT 132","DEFOE HOUSE","BARBICAN","","LONDON","CITY OF LONDON","GREATER LONDON","A","http://landregistry.data.gov.uk/data/ppi/transaction/E53EDD2E-03C9-83EC-E053-6B04A8C03A59/current"
"6DA0844A-2CE4-30F2-E053-6B04A8C05F3B","950000","2018-04-20","EC2Y 8ND","F","N","L","FLAT 136","DEFOE HOUSE","BARBICAN","","LONDON","CITY OF LONDON","GREATER LONDON","A","http://landregistry.data.gov.uk/data/ppi/transaction/6DA0844A-2CE4-30F2-E053-6B04A8C05F3B/current"
"F3B6C197-A9C9-6E40-E053-6C04A8C0B3B4","985000","2022-12-15","EC2Y 8ND","F","N","L","FLAT 138","DEFOE HOUSE","BARBICAN","","LONDON","CITY OF LONDON","GREATER LONDON","A","http://landregistry.data.gov.uk/data/ppi/transaction/F3B6C197-A9C9-6E40-E053-6C04A8C0B3B4/current"
"75050A84-AA38-9A88-E053-6B04A8C02390","925000","2018-06-15","EC2Y 8ND","F","N","L","FLAT 138","DEFOE HOUSE","BARBICAN","","LONDON","CITY OF LONDON","GREATER LONDON","A","http://landregistry.data.gov.uk/data/ppi/transaction/75050A84-AA38-9A88-E053-6B04A8C02390/current"
"31FB4C16-CB61-57B9-E050-A8C063053436","1000000","2016-03-24","EC2Y 8ND","F","N","L","FLAT 143","DEFOE HOUSE","BARBICAN","","LONDON","CITY OF LONDON","GREATER LONDON","A","http://landregistry.data.gov.uk/data/ppi/transaction/31FB4C16-CB61-57B9-E050-A8C063053436/current"
"5A9D8B55-73AA-68EB-E053-6B04A8C0D293","995000","2017-09-08","EC2Y 8ND","F","N","L","FLAT 145","DEFOE HOUSE","BARBICAN","","LONDON","CITY OF LONDON","GREATER LONDON","A","http://landregistry.data.gov.uk/data/ppi/transaction/5A9D8B55-73AA-68EB-E053-6B04A8C0D293/current"
"75050A86-180A-9A88-E053-6B04A8C02390","755000","2018-07-12","EC2Y 8ND","F","N","L","FLAT 147","DEFOE HOUSE","BARBICAN","","LONDON","CITY OF LONDON","GREATER LONDON","B","http://landregistry.data.gov.uk/data/ppi/transaction/75050A86-180A-9A88-E053-6B04A8C02390/current"
"E53EDD2E-0481-83EC-E053-6B04A8C03A59","730000","2022-07-01","EC2Y 8ND","F","N","L","FLAT 149","DEFOE HOUSE","BARBICAN","","LONDON","CITY OF LONDON","GREATER LONDON","A","http://landregistry.data.gov.uk/data/ppi/transaction/E53EDD2E-0481-83EC-E053-6B04A8C03A59/current"
"D22473F5-BB44-7B40-E053-6C04A8C0A630","837000","2021-09-28","EC2Y 8ND","F","N","L","FLAT 154","DEFOE HOUSE","BARBICAN","","LONDON","CITY OF LONDON","GREATER LONDON","A","http://landregistry.data.gov.uk/data/ppi/transaction/D22473F5-BB44-7B40-E053-6C04A8C0A630/current"
"8355F009-CF99-55C5-E053-6B04A8C0D090","800000","2019-02-08","EC2Y 8ND","F","N","L","FLAT 156","DEFOE HOUSE","BARBICAN","","LONDON","CITY OF LONDON","GREATER LONDON","B","http://landregistry.data.gov.uk/data/ppi/transaction/8355F009-CF99-55C5-E053-6B04A8C0D090/current"
"36A61A94-CCAB-DEF2-E063-4704A8C046AE","675000","2025-05-27","EC2Y 8ND","F","N","L","FLAT 157","DEFOE HOUSE","BARBICAN","","LONDON","CITY OF LONDON","GREATER LONDON","A","http://landregistry.data.gov.uk/data/ppi/transaction/36A61A94-CCAB-DEF2-E063-4704A8C046AE/current"
"F16F63C5-588F-0491-E053-6C04A8C032ED","950000","2022-11-07","EC2Y 8ND","F","N","L","FLAT 158","DEFOE HOUSE","BARBICAN","","LONDON","CITY OF LONDON","GREATER LONDON","A","http://landregistry.data.gov.uk/data/ppi/transaction/F16F63C5-588F-0491-E053-6C04A8C032ED/current"
"8F1B26BD-F8C7-53DB-E053-6C04A8C03649","840000","2019-06-21","EC2Y 8ND","F","N","L","FLAT 160","DEFOE HOUSE","BARBICAN","","LONDON","CITY OF LONDON","GREATER LONDON","A","http://landregistry.data.gov.uk/data/ppi/transaction/8F1B26BD-F8C7-53DB-E053-6C04A8C03649/current"
"49E87C31-854A-591C-E063-4704A8C00C31","2150000","2025-06-27","EC2Y 8ND","F","N","L","FLAT 168","DEFOE HOUSE","BARBICAN","","LONDON","CITY OF LONDON","GREATER LONDON","A","http://landregistry.data.gov.uk/data/ppi/transaction/49E87C31-854A-591C-E063-4704A8C00C31/current"
"93E6821D-E631-40FD-E053-6B04A8C0C1DF","2000000","2019-09-12","EC2Y 8ND","F","N","L","FLAT 168","DEFOE HOUSE","BARBICAN","","LONDON","CITY OF LONDON","GREATER LONDON","A","http://landregistry.data.gov.uk/data/ppi/transaction/93E6821D-E631-40FD-E053-6B04A8C0C1DF/current"
"D4D42646-128A-27F6-E053-6C04A8C0A572","925000","2021-11-11","EC2Y 8ND","F","N","L","FLAT 171","DEFOE HOUSE","BARBICAN","","LONDON","CITY OF LONDON","GREATER LONDON","A","http://landregistry.data.gov.uk/data/ppi/transaction/D4D42646-128A-27F6-E053-6C04A8C0A572/current"
"D22473F5-B9FC-7B40-E053-6C04A8C0A630","845000","2021-06-07","EC2Y 8ND","F","N","L","FLAT 177","DEFOE HOUSE","BARBICAN","","LONDON","CITY OF LONDON","GREATER LONDON","A","http://landregistry.data.gov.uk/data/ppi/transaction/D22473F5-B9FC-7B40-E053-6C04A8C0A630/current"
"3E0330F0-1877-8D89-E050-A8C062052140","831400","2016-08-31","EC2Y 8ND","F","N","L","FLAT 177","DEFOE HOUSE","BARBICAN","","LONDON","CITY OF LONDON","GREATER LONDON","A","http://landregistry.data.gov.uk/data/ppi/transaction/3E0330F0-1877-8D89-E050-A8C062052140/current"
"3DCCB7C9-9363-5B9D-E063-4704A8C0331E","1100000","2025-03-26","EC2Y 8ND","F","N","L","FLAT 94","DEFOE HOUSE","BARBICAN","","LONDON","CITY OF LONDON","GREATER LONDON","A","http://landregistry.data.gov.uk/data/ppi/transaction/3DCCB7C9-9363-5B9D-E063-4704A8C0331E/current"
"A96E4ACB-CF17-9205-E053-6C04A8C0DA09","885000","2020-03-31","EC2Y 8ND","F","N","L","FLAT 94","DEFOE HOUSE","BARBICAN","","LONDON","CITY OF LONDON","GREATER LONDON","B","http://landregistry.data.gov.uk/data/ppi/transaction/A96E4ACB-CF17-9205-E053-6C04A8C0DA09/current"
"582D0637-48DB-8F22-E053-6C04A8C01BAC","860000","2017-08-07","EC2Y 8ND","F","N","L","FLAT 97","DEFOE HOUSE","BARBICAN","","LONDON","CITY OF LONDON","GREATER LONDON","A","http://landregistry.data.gov.uk/data/ppi/transaction/582D0637-48DB-8F22-E053-6C04A8C01BAC/current"
"EC7AD099-F9D0-9200-E053-6C04A8C0E306","400000","2022-09-01","EC2Y 8NE","F","N","L","FLAT 101","JOHN TRUNDLE COURT","BARBICAN","","LONDON","CITY OF LONDON","GREATER LONDON","A","http://landregistry.data.gov.uk/data/ppi/transaction/EC7AD099-F9D0-9200-E053-6C04A8C0E306/current"
"0B85394F-8C5D-69A5-E063-4704A8C07DAC","1135000","2023-06-16","EC2Y 8NE","F","N","L","FLAT 103","JOHN TRUNDLE COURT","BARBICAN","","LONDON","CITY OF LONDON","GREATER LONDON","A","http://landregistry.data.gov.uk/data/ppi/transaction/0B85394F-8C5D-69A5-E063-4704A8C07DAC/current"
"8355F009-3EB5-55C5-E053-6B04A8C0D090","920000","2019-02-04","EC2Y 8NE","F","N","L","FLAT 103","JOHN TRUNDLE COURT","BARBICAN","","LONDON","CITY OF LONDON","GREATER LONDON","A","http://landregistry.data.gov.uk/data/ppi/transaction/8355F009-3EB5-55C5-E053-6B04A8C0D090/current"
"79A74E22-7CD7-1289-E053-6B04A8C01627","460000","2018-09-26","EC2Y 8NE","F","N","L","FLAT 104","JOHN TRUNDLE COURT","BARBICAN","","LONDON","CITY OF LONDON","GREATER LONDON","B","http://landregistry.data.gov.uk/data/ppi/transaction/79A74E22-7CD7-1289-E053-6B04A8C01627/current"
"BA558B32-D8C4-76EF-E053-6B04A8C0B4B7","420000","2020-11-06","EC2Y 8NE","F","N","L","FLAT 110","JOHN TRUNDLE COURT","BARBICAN","","LONDON","CITY OF LONDON","GREATER LONDON","A","http://landregistry.data.gov.uk/data/ppi/transaction/BA558B32-D8C4-76EF-E053-6B04A8C0B4B7/current"
"4777E0AE-4951-5D59-E063-4804A8C09F8E","400000","2025-02-25","EC2Y 8NE","F","N","L","FLAT 120","JOHN TRUNDLE COURT","BARBICAN","","LONDON","CITY OF LONDON","GREATER LONDON","A","http://landregistry.data.gov.uk/data/ppi/transaction/4777E0AE-4951-5D59-E063-4804A8C09F8E/current"
"3B5CE841-63B2-EE3A-E063-4804A8C0D6F1","485000","2025-02-13","EC2Y 8NE","F","N","L","FLAT 125","JOHN TRUNDLE COURT","BARBICAN","","LONDON","CITY OF LONDON","GREATER LONDON","A","http://landregistry.data.gov.uk/data/ppi/transaction/3B5CE841-63B2-EE3A-E063-4804A8C0D6F1/current"
"666758D7-1606-3363-E053-6B04A8C0D74E","480000","2018-02-21","EC2Y 8NE","F","N","L","FLAT 125","JOHN TRUNDLE COURT","BARBICAN","","LONDON","CITY OF LONDON","GREATER LONDON","A","http://landregistry.data.gov.uk/data/ppi/transaction/666758D7-1606-3363-E053-6B04A8C0D74E/current"
"CFC9085C-418F-9A70-E053-6B04A8C09D6A","782500","2021-06-18","EC2Y 8NE","F","N","L","FLAT 129","JOHN TRUNDLE COURT","BARBICAN","","LONDON","CITY OF LONDON","GREATER LONDON","A","http://landregistry.data.gov.uk/data/ppi/transaction/CFC9085C-418F-9A70-E053-6B04A8C09D6A/current"
"9FF0D969-FC39-11ED-E053-6C04A8C06383","475000","2020-02-11","EC2Y 8NE","F","N","L","FLAT 78","JOHN TRUNDLE COURT","BARBICAN","","LONDON","CITY OF LONDON","GREATER LONDON","A","http://landregistry.data.gov.uk/data/ppi/transaction/9FF0D969-FC39-11ED-E053-6C04A8C06383/current"
"E073986A-BE9D-2134-E053-6C04A8C0233B","410000","2022-03-01","EC2Y 8NE","F","N","L","FLAT 80","JOHN TRUNDLE COURT","BARBICAN","","LONDON","CITY OF LONDON","GREATER LONDON","A","http://landregistry.data.gov.uk/data/ppi/transaction/E073986A-BE9D-2134-E053-6C04A8C0233B/current"
"1C3E72FE-6B1C-F410-E063-4804A8C0DFA6","445000","2024-02-23","EC2Y 8NE","F","N","L","FLAT 81","JOHN TRUNDLE COURT","BARBICAN","","LONDON","CITY OF LONDON","GREATER LONDON","A","http://landregistry.data.gov.uk/data/ppi/transaction/1C3E72FE-6B1C-F410-E063-4804A8C0DFA6/current"
"726BF13B-B42B-0A46-E053-6C04A8C01D0D","485000","2018-06-01","EC2Y 8NE","F","N","L","FLAT 82","JOHN TRUNDLE COURT","BARBICAN","","LONDON","CITY OF LONDON","GREATER LONDON","B","http://landregistry.data.gov.uk/data/ppi/transaction/726BF13B-B42B-0A46-E053-6C04A8C01D0D/current"
"EA3278AA-3EBE-2676-E053-6B04A8C015F8","525000","2022-08-12","EC2Y 8NE","F","N","L","FLAT 85","JOHN TRUNDLE COURT","BARBICAN","","LONDON","CITY OF LONDON","GREATER LONDON","A","http://landregistry.data.gov.uk/data/ppi/transaction/EA3278AA-3EBE-2676-E053-6B04A8C015F8/current"
"4E75C29C-C849-8922-E063-4804A8C094D0","417500","2026-03-05","EC2Y 8NE","F","N","L","FLAT 87","JOHN TRUNDLE COURT","BARBICAN","","LONDON","CITY OF LONDON","GREATER LONDON","A","http://landregistry.data.gov.uk/data/ppi/transaction/4E75C29C-C849-8922-E063-4804A8C094D0/current"
"EA3278A9-76E1-2676-E053-6B04A8C015F8","440000","2022-08-11","EC2Y 8NE","F","N","L","FLAT 92","JOHN TRUNDLE COURT","BARBICAN","","LONDON","CITY OF LONDON","GREATER LONDON","A","http://landregistry.data.gov.uk/data/ppi/transaction/EA3278A9-76E1-2676-E053-6B04A8C015F8/current"
"4C4EDFFF-A97E-1854-E050-A8C063054F34","470000","2017-03-01","EC2Y 8NE","F","N","L","FLAT 98","JOHN TRUNDLE COURT","BARBICAN","","LONDON","CITY OF LONDON","GREATER LONDON","A","http://landregistry.data.gov.uk/data/ppi/transaction/4C4EDFFF-A97E-1854-E050-A8C063054F34/current"
"CD5A9DCC-22D8-310A-E053-6C04A8C00A1F","525000","2021-05-27","EC2Y 8NH","F","N","L","FLAT 503","BEN JONSON HOUSE","BARBICAN","","LONDON","CITY OF LONDON","GREATER LONDON","A","http://landregistry.data.gov.uk/data/ppi/transaction/CD5A9DCC-22D8-310A-E053-6C04A8C00A1F/current"
"E53EDD2D-48B2-83EC-E053-6B04A8C03A59","1310000","2022-06-22","EC2Y 8NH","F","N","L","FLAT 506","BEN JONSON HOUSE","BARBICAN","","LONDON","CITY OF LONDON","GREATER LONDON","A","http://landregistry.data.gov.uk/data/ppi/transaction/E53EDD2D-48B2-83EC-E053-6B04A8C03A59/current"
"666758D7-1711-3363-E053-6B04A8C0D74E","983000","2018-01-25","EC2Y 8NH","F","N","L","FLAT 506","BEN JONSON HOUSE","BARBICAN","","LONDON","CITY OF LONDON","GREATER LONDON","A","http://landregistry.data.gov.uk/data/ppi/transaction/666758D7-1711-3363-E053-6B04A8C0D74E/current"
"CFC9085C-DA5F-9A70-E053-6B04A8C09D6A","505000","2021-06-25","EC2Y 8NH","F","N","L","FLAT 517","BEN JONSON HOUSE","BARBICAN","","LONDON","CITY OF LONDON","GREATER LONDON","A","http://landregistry.data.gov.uk/data/ppi/transaction/CFC9085C-DA5F-9A70-E053-6B04A8C09D6A/current"
"7E86B6FB-1C22-458C-E053-6B04A8C0C84C","1000000","2018-11-28","EC2Y 8NH","F","N","L","FLAT 518","BEN JONSON HOUSE","BARBICAN","","LONDON","CITY OF LONDON","GREATER LONDON","A","http://landregistry.data.gov.uk/data/ppi/transaction/7E86B6FB-1C22-458C-E053-6B04A8C0C84C/current"
"FD226035-BC39-4CB7-E053-4804A8C00430","1255000","2023-04-14","EC2Y 8NH","F","N","L","FLAT 519","BEN JONSON HOUSE","BARBICAN","","LONDON","CITY OF LONDON","GREATER LONDON","A","http://landregistry.data.gov.uk/data/ppi/transaction/FD226035-BC39-4CB7-E053-4804A8C00430/current"
"7C2D0700-678C-4963-E053-6B04A8C07B97","570000","2018-10-26","EC2Y 8NH","F","N","L","FLAT 521","BEN JONSON HOUSE","BARBICAN","","LONDON","CITY OF LONDON","GREATER LONDON","A","http://landregistry.data.gov.uk/data/ppi/transaction/7C2D0700-678C-4963-E053-6B04A8C07B97/current"
"2131FCF6-459E-86E8-E063-4804A8C0372B","510000","2024-08-01","EC2Y 8NH","F","N","L","FLAT 527","BEN JONSON HOUSE","BARBICAN","","LONDON","CITY OF LONDON","GREATER LONDON","A","http://landregistry.data.gov.uk/data/ppi/transaction/2131FCF6-459E-86E8-E063-4804A8C0372B/current"
"5340B1C5-178F-8052-E063-4804A8C06EE4","1055000","2025-12-08","EC2Y 8NH","F","N","L","FLAT 529","BEN JONSON HOUSE","BARBICAN","","LONDON","CITY OF LONDON","GREATER LONDON","A","http://landregistry.data.gov.uk/data/ppi/transaction/5340B1C5-178F-8052-E063-4804A8C06EE4/current"
"453D27A3-4F36-EF91-E050-A8C0630574D7","550000","2016-11-18","EC2Y 8NH","F","N","L","FLAT 531","BEN JONSON HOUSE","BARBICAN","","LONDON","CITY OF LONDON","GREATER LONDON","A","http://landregistry.data.gov.uk/data/ppi/transaction/453D27A3-4F36-EF91-E050-A8C0630574D7/current"
"EED73E75-E7FC-6AF3-E053-6C04A8C08ABA","530000","2022-10-28","EC2Y 8NH","F","N","L","FLAT 542","BEN JONSON HOUSE","BARBICAN","","LONDON","CITY OF LONDON","GREATER LONDON","A","http://landregistry.data.gov.uk/data/ppi/transaction/EED73E75-E7FC-6AF3-E053-6C04A8C08ABA/current"
"49E87C32-3568-591C-E063-4704A8C00C31","955000","2025-12-19","EC2Y 8NH","F","N","L","FLAT 554","BEN JONSON HOUSE","BARBICAN","","LONDON","CITY OF LONDON","GREATER LONDON","A","http://landregistry.data.gov.uk/data/ppi/transaction/49E87C32-3568-591C-E063-4704A8C00C31/current"
"FAC30766-CF62-5E20-E053-4704A8C004EE","535000","2023-03-17","EC2Y 8NH","F","N","L","FLAT 557","BEN JONSON HOUSE","BARBICAN","","LONDON","CITY OF LONDON","GREATER LONDON","A","http://landregistry.data.gov.uk/data/ppi/transaction/FAC30766-CF62-5E20-E053-4704A8C004EE/current"
"582D0637-4AC2-8F22-E053-6C04A8C01BAC","1050000","2017-07-31","EC2Y 8NH","F","N","L","FLAT 558","BEN JONSON HOUSE","BARBICAN","","LONDON","CITY OF LONDON","GREATER LONDON","A","http://landregistry.data.gov.uk/data/ppi/transaction/582D0637-4AC2-8F22-E053-6C04A8C01BAC/current"
"2ACACE8C-8695-295E-E063-4804A8C0B0EB","1265000","2024-11-18","EC2Y 8NH","F","N","L","FLAT 561","BEN JONSON HOUSE","BARBICAN","","LONDON","CITY OF LONDON","GREATER LONDON","A","http://landregistry.data.gov.uk/data/ppi/transaction/2ACACE8C-8695-295E-E063-4804A8C0B0EB/current"
"8F1B26BD-4544-53DB-E053-6C04A8C03649","1110000","2019-06-14","EC2Y 8NH","F","N","L","FLAT 561","BEN JONSON HOUSE","BARBICAN","","LONDON","CITY OF LONDON","GREATER LONDON","A","http://landregistry.data.gov.uk/data/ppi/transaction/8F1B26BD-4544-53DB-E053-6C04A8C03649/current"
"31FB4C17-AEB3-57B9-E050-A8C063053436","1175000","2016-04-11","EC2Y 8NH","F","N","L","FLAT 561","BEN JONSON HOUSE","BARBICAN","","LONDON","CITY OF LONDON","GREATER LONDON","A","http://landregistry.data.gov.uk/data/ppi/transaction/31FB4C17-AEB3-57B9-E050-A8C063053436/current"
"5CF9903B-7764-7F13-E053-6C04A8C074B1","1085000","2017-09-25","EC2Y 8NH","F","N","L","FLAT 566","BEN JONSON HOUSE","BARBICAN","","LONDON","CITY OF LONDON","GREATER LONDON","A","http://landregistry.data.gov.uk/data/ppi/transaction/5CF9903B-7764-7F13-E053-6C04A8C074B1/current"
"C8A3A576-6CF9-0425-E053-6C04A8C0947B","1480000","2021-06-18","EC2Y 8NJ","F","N","L","FLAT 302","SHAKESPEARE TOWER","BARBICAN","","LONDON","CITY OF LONDON","GREATER LONDON","A","http://landregistry.data.gov.uk/data/ppi/transaction/C8A3A576-6CF9-0425-E053-6C04A8C0947B/current"
"4E95D757-14D0-EDA1-E050-A8C0630539E2","2075000","2017-01-25","EC2Y 8NJ","F","N","L","FLAT 331","SHAKESPEARE TOWER","BARBICAN","","LONDON","CITY OF LONDON","GREATER LONDON","A","http://landregistry.data.gov.uk/data/ppi/transaction/4E95D757-14D0-EDA1-E050-A8C0630539E2/current"
"CFC9085C-DBF4-9A70-E053-6B04A8C09D6A","1670000","2021-03-12","EC2Y 8NJ","F","N","L","FLAT 343","SHAKESPEARE TOWER","BARBICAN","","LONDON","CITY OF LONDON","GREATER LONDON","A","http://landregistry.data.gov.uk/data/ppi/transaction/CFC9085C-DBF4-9A70-E053-6B04A8C09D6A/current"
"F87E72F8-8985-176C-E053-6B04A8C0D2BE","1625000","2023-02-17","EC2Y 8NJ","F","N","L","FLAT 362","SHAKESPEARE TOWER","BARBICAN","","LONDON","CITY OF LONDON","GREATER LONDON","A","http://landregistry.data.gov.uk/data/ppi/transaction/F87E72F8-8985-176C-E053-6B04A8C0D2BE/current"
"AE4D86D4-3DF9-4619-E053-6C04A8C03CD0","1740000","2020-08-10","EC2Y 8NJ","F","N","L","FLAT 372","SHAKESPEARE TOWER","BARBICAN","","LONDON","CITY OF LONDON","GREATER LONDON","A","http://landregistry.data.gov.uk/data/ppi/transaction/AE4D86D4-3DF9-4619-E053-6C04A8C03CD0/current"
"1EAE3DF6-6DCD-9EB1-E063-4704A8C09D02","730000","2024-06-20","EC2Y 8NQ","F","N","L","FLAT 306","BEN JONSON HOUSE","BARBICAN","","LONDON","CITY OF LONDON","GREATER LONDON","A","http://landregistry.data.gov.uk/data/ppi/transaction/1EAE3DF6-6DCD-9EB1-E063-4704A8C09D02/current"
"CFC9085C-41B0-9A70-E053-6B04A8C09D6A","712500","2021-06-04","EC2Y 8NQ","F","N","L","FLAT 307","BEN JONSON HOUSE","BARBICAN","","LONDON","CITY OF LONDON","GREATER LONDON","A","http://landregistry.data.gov.uk/data/ppi/transaction/CFC9085C-41B0-9A70-E053-6B04A8C09D6A/current"
"06C9F487-182F-9388-E063-4804A8C0BD98","550000","2023-08-18","EC2Y 8NQ","F","N","L","FLAT 309","BEN JONSON HOUSE","BARBICAN","","LONDON","CITY OF LONDON","GREATER LONDON","A","http://landregistry.data.gov.uk/data/ppi/transaction/06C9F487-182F-9388-E063-4804A8C0BD98/current"
"DE2D0CDF-43D0-51EE-E053-6C04A8C00671","510000","2021-11-30","EC2Y 8NQ","F","N","L","FLAT 309","BEN JONSON HOUSE","BARBICAN","","LONDON","CITY OF LONDON","GREATER LONDON","A","http://landregistry.data.gov.uk/data/ppi/transaction/DE2D0CDF-43D0-51EE-E053-6C04A8C00671/current"
"D4D42645-3041-27F6-E053-6C04A8C0A572","450000","2021-11-12","EC2Y 8NQ","F","N","L","FLAT 311","BEN JONSON HOUSE","BARBICAN","","LONDON","CITY OF LONDON","GREATER LONDON","A","http://landregistry.data.gov.uk/data/ppi/transaction/D4D42645-3041-27F6-E053-6C04A8C0A572/current"
"49E87C31-88C0-591C-E063-4704A8C00C31","736000","2026-01-15","EC2Y 8NQ","F","N","L","FLAT 312","BEN JONSON HOUSE","BARBICAN","","LONDON","CITY OF LONDON","GREATER LONDON","A","http://landregistry.data.gov.uk/data/ppi/transaction/49E87C31-88C0-591C-E063-4704A8C00C31/current"
"42A5A709-7D3C-56E8-E050-A8C06205331E","515000","2016-11-15","EC2Y 8NQ","F","N","L","FLAT 315","BEN JONSON HOUSE","BARBICAN","","LONDON","CITY OF LONDON","GREATER LONDON","A","http://landregistry.data.gov.uk/data/ppi/transaction/42A5A709-7D3C-56E8-E050-A8C06205331E/current"
"4777E0AE-F835-5D59-E063-4804A8C09F8E","745000","2025-12-09","EC2Y 8NQ","F","N","L","FLAT 316","BEN JONSON HOUSE","BARBICAN","","LONDON","CITY OF LONDON","GREATER LONDON","A","http://landregistry.data.gov.uk/data/ppi/transaction/4777E0AE-F835-5D59-E063-4804A8C09F8E/current"
"68FEB20B-C121-38DA-E053-6C04A8C051AE","750000","2018-03-19","EC2Y 8NQ","F","N","L","FLAT 318","BEN JONSON HOUSE","BARBICAN","","LONDON","CITY OF LONDON","GREATER LONDON","A","http://landregistry.data.gov.uk/data/ppi/transaction/68FEB20B-C121-38DA-E053-6C04A8C051AE/current"
"EA3278AA-3E98-2676-E053-6B04A8C015F8","525000","2022-04-14","EC2Y 8NQ","F","N","L","FLAT 321","BEN JONSON HOUSE","BARBICAN","","LONDON","CITY OF LONDON","GREATER LONDON","A","http://landregistry.data.gov.uk/data/ppi/transaction/EA3278AA-3E98-2676-E053-6B04A8C015F8/current"
"64342BFF-5ACC-422C-E053-6C04A8C0FB8A","750000","2017-12-20","EC2Y 8NQ","O","N","L","FLAT 322","BEN JONSON HOUSE","BARBICAN","","LONDON","CITY OF LONDON","GREATER LONDON","B","http://landregistry.data.gov.uk/data/ppi/transaction/64342BFF-5ACC-422C-E053-6C04A8C0FB8A/current"
"1775CCF6-D945-38BA-E063-4704A8C05A7C","730000","2024-04-19","EC2Y 8NQ","F","N","L","FLAT 324","BEN JONSON HOUSE","BARBICAN","","LONDON","CITY OF LONDON","GREATER LONDON","A","http://landregistry.data.gov.uk/data/ppi/transaction/1775CCF6-D945-38BA-E063-4704A8C05A7C/current"
"7E86B6FB-1A9E-458C-E053-6B04A8C0C84C","530000","2018-12-12","EC2Y 8NQ","F","N","L","FLAT 325","BEN JONSON HOUSE","BARBICAN","","LONDON","CITY OF LONDON","GREATER LONDON","A","http://landregistry.data.gov.uk/data/ppi/transaction/7E86B6FB-1A9E-458C-E053-6B04A8C0C84C/current"
"D707E535-AA18-0AD9-E053-6B04A8C067CC","650000","2021-06-25","EC2Y 8NQ","F","N","L","FLAT 332","BEN JONSON HOUSE","BARBICAN","","LONDON","CITY OF LONDON","GREATER LONDON","A","http://landregistry.data.gov.uk/data/ppi/transaction/D707E535-AA18-0AD9-E053-6B04A8C067CC/current"
"E2D14904-FD00-4C2D-E053-6B04A8C0422B","670000","2022-04-06","EC2Y 8NQ","F","N","L","FLAT 336","BEN JONSON HOUSE","BARBICAN","","LONDON","CITY OF LONDON","GREATER LONDON","A","http://landregistry.data.gov.uk/data/ppi/transaction/E2D14904-FD00-4C2D-E053-6B04A8C0422B/current"
"2131FCF5-A80B-86E8-E063-4804A8C0372B","570000","2024-07-30","EC2Y 8NQ","F","N","L","FLAT 342","BEN JONSON HOUSE","BARBICAN","","LONDON","CITY OF LONDON","GREATER LONDON","A","http://landregistry.data.gov.uk/data/ppi/transaction/2131FCF5-A80B-86E8-E063-4804A8C0372B/current"
"AE4D86D3-C0F6-4619-E053-6C04A8C03CD0","530000","2020-08-04","EC2Y 8NQ","F","N","L","FLAT 347","BEN JONSON HOUSE","BARBICAN","","LONDON","CITY OF LONDON","GREATER LONDON","A","http://landregistry.data.gov.uk/data/ppi/transaction/AE4D86D3-C0F6-4619-E053-6C04A8C03CD0/current"
"E2D14905-CAA0-4C2D-E053-6B04A8C0422B","535000","2022-05-31","EC2Y 8NQ","F","N","L","FLAT 357","BEN JONSON HOUSE","BARBICAN","","LONDON","CITY OF LONDON","GREATER LONDON","A","http://landregistry.data.gov.uk/data/ppi/transaction/E2D14905-CAA0-4C2D-E053-6B04A8C0422B/current"
"D707E535-A91B-0AD9-E053-6B04A8C067CC","545000","2021-09-30","EC2Y 8NQ","F","N","L","FLAT 359","BEN JONSON HOUSE","BARBICAN","","LONDON","CITY OF LONDON","GREATER LONDON","A","http://landregistry.data.gov.uk/data/ppi/transaction/D707E535-A91B-0AD9-E053-6B04A8C067CC/current"
"44F406B6-1405-1095-E063-4704A8C048D4","520000","2025-10-31","EC2Y 8NQ","F","N","L","FLAT 363","BEN JONSON HOUSE","BARBICAN","","LONDON","CITY OF LONDON","GREATER LONDON","A","http://landregistry.data.gov.uk/data/ppi/transaction/44F406B6-1405-1095-E063-4704A8C048D4/current"
"D93B27B1-1603-3100-E053-6C04A8C08887","435000","2022-01-14","EC2Y 8PQ","F","N","L","FLAT 101","BRETON HOUSE","BARBICAN","","LONDON","CITY OF LONDON","GREATER LONDON","A","http://landregistry.data.gov.uk/data/ppi/transaction/D93B27B1-1603-3100-E053-6C04A8C08887/current"
"87E1551E-67DE-6405-E053-6C04A8C0B2EE","450000","2019-03-29","EC2Y 8PQ","F","N","L","FLAT 102","BRETON HOUSE","BARBICAN","","LONDON","CITY OF LONDON","GREATER LONDON","A","http://landregistry.data.gov.uk/data/ppi/transaction/87E1551E-67DE-6405-E053-6C04A8C0B2EE/current"
"01EB45EF-65F2-40F3-E063-4704A8C05FDE","515000","2023-06-01","EC2Y 8PQ","F","N","L","FLAT 104","BRETON HOUSE","BARBICAN","","LONDON","CITY OF LONDON","GREATER LONDON","A","http://landregistry.data.gov.uk/data/ppi/transaction/01EB45EF-65F2-40F3-E063-4704A8C05FDE/current"
"47844C80-1625-8986-E050-A8C063056488","490000","2017-01-20","EC2Y 8PQ","F","N","L","FLAT 104","BRETON HOUSE","BARBICAN","","LONDON","CITY OF LONDON","GREATER LONDON","A","http://landregistry.data.gov.uk/data/ppi/transaction/47844C80-1625-8986-E050-A8C063056488/current"
"B82222EC-72B0-6691-E053-6B04A8C02FB2","870000","2020-10-19","EC2Y 8PQ","F","N","L","FLAT 107","BRETON HOUSE","BARBICAN","","LONDON","CITY OF LONDON","GREATER LONDON","A","http://landregistry.data.gov.uk/data/ppi/transaction/B82222EC-72B0-6691-E053-6B04A8C02FB2/current"
"237B17FE-3F8C-22AC-E063-4804A8C0EA3A","710000","2024-08-29","EC2Y 8PQ","F","N","L","FLAT 111","BRETON HOUSE","BARBICAN","","LONDON","CITY OF LONDON","GREATER LONDON","A","http://landregistry.data.gov.uk/data/ppi/transaction/237B17FE-3F8C-22AC-E063-4804A8C0EA3A/current"
"3DCCB7C9-94E9-5B9D-E063-4704A8C0331E","525000","2025-07-30","EC2Y 8PQ","F","N","L","FLAT 87","BRETON HOUSE","BARBICAN","","LONDON","CITY OF LONDON","GREATER LONDON","A","http://landregistry.data.gov.uk/data/ppi/transaction/3DCCB7C9-94E9-5B9D-E063-4704A8C0331E/current"
"726BF13B-0F81-0A46-E053-6C04A8C01D0D","460000","2018-06-29","EC2Y 8PQ","F","N","L","FLAT 87","BRETON HOUSE","BARBICAN","","LONDON","CITY OF LONDON","GREATER LONDON","A","http://landregistry.data.gov.uk/data/ppi/transaction/726BF13B-0F81-0A46-E053-6C04A8C01D0D/current"
"8355F009-3E88-55C5-E053-6B04A8C0D090","447500","2019-02-11","EC2Y 8PQ","F","N","L","FLAT 89","BRETON HOUSE","BARBICAN","","LONDON","CITY OF LONDON","GREATER LONDON","A","http://landregistry.data.gov.uk/data/ppi/transaction/8355F009-3E88-55C5-E053-6B04A8C0D090/current"
"E7B085FC-8A54-7E31-E053-6C04A8C0E67F","545000","2022-08-02","EC2Y 8PQ","F","N","L","FLAT 91","BRETON HOUSE","BARBICAN","","LONDON","CITY OF LONDON","GREATER LONDON","A","http://landregistry.data.gov.uk/data/ppi/transaction/E7B085FC-8A54-7E31-E053-6C04A8C0E67F/current"
"0E082196-ADC3-5C09-E063-4704A8C0A10E","410000","2023-12-01","EC2Y 8PQ","F","N","L","FLAT 93","BRETON HOUSE","BARBICAN","","LONDON","CITY OF LONDON","GREATER LONDON","A","http://landregistry.data.gov.uk/data/ppi/transaction/0E082196-ADC3-5C09-E063-4704A8C0A10E/current"
"C18F412B-1C06-81A6-E053-6B04A8C0AD18","485000","2021-02-05","EC2Y 8PQ","F","N","L","FLAT 96","BRETON HOUSE","BARBICAN","","LONDON","CITY OF LONDON","GREATER LONDON","A","http://landregistry.data.gov.uk/data/ppi/transaction/C18F412B-1C06-81A6-E053-6B04A8C0AD18/current"
"7C2D0700-FBFB-4963-E053-6B04A8C07B97","75000","2018-06-25","EC2Y 9AA","O","N","L","","8","MOORFIELDS","","LONDON","CITY OF LONDON","GREATER LONDON","B","http://landregistry.data.gov.uk/data/ppi/transaction/7C2D0700-FBFB-4963-E053-6B04A8C07B97/current"
"8F1B26BE-7D12-53DB-E053-6C04A8C03649","1000000","2019-04-03","EC2Y 9AG","O","N","L","","21","MOORFIELDS","","LONDON","CITY OF LONDON","GREATER LONDON","B","http://landregistry.data.gov.uk/data/ppi/transaction/8F1B26BE-7D12-53DB-E053-6C04A8C03649/current"
"2D1E4B25-E927-FCD1-E050-A8C0630544EC","575000","2016-02-16","EC2Y 9AP","F","N","L","APARTMENT 1004","THE HERON, 5","MOOR LANE","","LONDON","CITY OF LONDON","GREATER LONDON","A","http://landregistry.data.gov.uk/data/ppi/transaction/2D1E4B25-E927-FCD1-E050-A8C0630544EC/current"
"64342BFD-ADE7-422C-E053-6C04A8C0FB8A","790000","2018-01-17","EC2Y 9AP","F","N","L","APARTMENT 1008","THE HERON, 5","MOOR LANE","","LONDON","CITY OF LONDON","GREATER LONDON","A","http://landregistry.data.gov.uk/data/ppi/transaction/64342BFD-ADE7-422C-E053-6C04A8C0FB8A/current"
"4C4EDFFE-EC66-1854-E050-A8C063054F34","588000","2017-02-24","EC2Y 9AP","F","N","L","APARTMENT 1009","THE HERON, 5","MOOR LANE","","LONDON","CITY OF LONDON","GREATER LONDON","A","http://landregistry.data.gov.uk/data/ppi/transaction/4C4EDFFE-EC66-1854-E050-A8C063054F34/current"
"31FB4C18-5324-57B9-E050-A8C063053436","610000","2016-03-31","EC2Y 9AP","F","N","L","APARTMENT 1011","THE HERON, 5","MOOR LANE","","LONDON","CITY OF LONDON","GREATER LONDON","B","http://landregistry.data.gov.uk/data/ppi/transaction/31FB4C18-5324-57B9-E050-A8C063053436/current"
"6DA08449-8DF4-30F2-E053-6B04A8C05F3B","550000","2017-12-11","EC2Y 9AP","F","N","L","APARTMENT 1012","THE HERON, 5","MOOR LANE","","LONDON","CITY OF LONDON","GREATER LONDON","A","http://landregistry.data.gov.uk/data/ppi/transaction/6DA08449-8DF4-30F2-E053-6B04A8C05F3B/current"
"666758D6-71D9-3363-E053-6B04A8C0D74E","1700000","2018-01-31","EC2Y 9AP","F","N","L","APARTMENT 1107","THE HERON, 5","MOOR LANE","","LONDON","CITY OF LONDON","GREATER LONDON","A","http://landregistry.data.gov.uk/data/ppi/transaction/666758D6-71D9-3363-E053-6B04A8C0D74E/current"
"39140479-3AD7-3206-E050-A8C063057647","600000","2016-06-29","EC2Y 9AP","F","N","L","APARTMENT 1110","THE HERON, 5","MOOR LANE","","LONDON","CITY OF LONDON","GREATER LONDON","A","http://landregistry.data.gov.uk/data/ppi/transaction/39140479-3AD7-3206-E050-A8C063057647/current"
"34428D7D-B00B-B86C-E050-A8C06205059C","585000","2016-03-30","EC2Y 9AP","F","N","L","APARTMENT 1209","THE HERON, 5","MOOR LANE","","LONDON","CITY OF LONDON","GREATER LONDON","A","http://landregistry.data.gov.uk/data/ppi/transaction/34428D7D-B00B-B86C-E050-A8C06205059C/current"
"79A74E21-121A-1289-E053-6B04A8C01627","515000","2018-09-20","EC2Y 9AP","F","N","L","APARTMENT 1404","THE HERON, 5","MOOR LANE","","LONDON","CITY OF LONDON","GREATER LONDON","A","http://landregistry.data.gov.uk/data/ppi/transaction/79A74E21-121A-1289-E053-6B04A8C01627/current"
"726BF13B-9791-0A46-E053-6C04A8C01D0D","590000","2018-06-29","EC2Y 9AP","F","N","L","APARTMENT 1409","THE HERON, 5","MOOR LANE","","LONDON","CITY OF LONDON","GREATER LONDON","B","http://landregistry.data.gov.uk/data/ppi/transaction/726BF13B-9791-0A46-E053-6C04A8C01D0D/current"
"68FEB20B-1277-38DA-E053-6C04A8C051AE","540000","2018-02-28","EC2Y 9AP","F","N","L","APARTMENT 1410","THE HERON, 5","MOOR LANE","","LONDON","CITY OF LONDON","GREATER LONDON","A","http://landregistry.data.gov.uk/data/ppi/transaction/68FEB20B-1277-38DA-E053-6C04A8C051AE/current"
"79A74E21-1217-1289-E053-6B04A8C01627","700000","2018-09-13","EC2Y 9AP","F","N","L","APARTMENT 705","THE HERON, 5","MOOR LANE","","LONDON","CITY OF LONDON","GREATER LONDON","A","http://landregistry.data.gov.uk/data/ppi/transaction/79A74E21-1217-1289-E053-6B04A8C01627/current"
"6B32222B-E314-01F1-E053-6C04A8C0D2C8","530000","2018-04-03","EC2Y 9AP","F","N","L","APARTMENT 903","THE HERON, 5","MOOR LANE","","LONDON","CITY OF LONDON","GREATER LONDON","A","http://landregistry.data.gov.uk/data/ppi/transaction/6B32222B-E314-01F1-E053-6C04A8C0D2C8/current"
"237B17FD-92A1-22AC-E063-4804A8C0EA3A","530000","2024-08-30","EC2Y 9AP","F","N","L","FLAT 1009","5","MOOR LANE","","LONDON","CITY OF LONDON","GREATER LONDON","A","http://landregistry.data.gov.uk/data/ppi/transaction/237B17FD-92A1-22AC-E063-4804A8C0EA3A/current"
"0B85394F-8AF6-69A5-E063-4704A8C07DAC","1100000","2023-08-30","EC2Y 9AP","F","N","L","FLAT 1102","5","MOOR LANE","","LONDON","CITY OF LONDON","GREATER LONDON","A","http://landregistry.data.gov.uk/data/ppi/transaction/0B85394F-8AF6-69A5-E063-4704A8C07DAC/current"
"09266DDC-4C5D-AF90-E063-4704A8C02087","535000","2023-09-19","EC2Y 9AP","F","N","L","FLAT 1110","5","MOOR LANE","","LONDON","CITY OF LONDON","GREATER LONDON","B","http://landregistry.data.gov.uk/data/ppi/transaction/09266DDC-4C5D-AF90-E063-4704A8C02087/current"
"2ACACE8D-7B1E-295E-E063-4804A8C0B0EB","495000","2024-11-06","EC2Y 9AP","F","N","L","FLAT 1111","5","MOOR LANE","","LONDON","CITY OF LONDON","GREATER LONDON","B","http://landregistry.data.gov.uk/data/ppi/transaction/2ACACE8D-7B1E-295E-E063-4804A8C0B0EB/current"
"9B361205-E22B-1904-E053-6B04A8C0EEB5","540000","2019-12-02","EC2Y 9AP","F","N","L","FLAT 1203","5","MOOR LANE","","LONDON","CITY OF LONDON","GREATER LONDON","A","http://landregistry.data.gov.uk/data/ppi/transaction/9B361205-E22B-1904-E053-6B04A8C0EEB5/current"
"2ACACE8C-8620-295E-E063-4804A8C0B0EB","700000","2024-12-12","EC2Y 9AP","F","N","L","FLAT 1208","5","MOOR LANE","","LONDON","CITY OF LONDON","GREATER LONDON","A","http://landregistry.data.gov.uk/data/ppi/transaction/2ACACE8C-8620-295E-E063-4804A8C0B0EB/current"
"06C9F487-17B9-9388-E063-4804A8C0BD98","535000","2023-08-28","EC2Y 9AP","F","N","L","FLAT 1210","5","MOOR LANE","","LONDON","CITY OF LONDON","GREATER LONDON","A","http://landregistry.data.gov.uk/data/ppi/transaction/06C9F487-17B9-9388-E063-4804A8C0BD98/current"
"5340B1C5-15A9-8052-E063-4804A8C06EE4","880000","2026-05-08","EC2Y 9AP","F","N","L","FLAT 1402","5","MOOR LANE","","LONDON","CITY OF LONDON","GREATER LONDON","A","http://landregistry.data.gov.uk/data/ppi/transaction/5340B1C5-15A9-8052-E063-4804A8C06EE4/current"
"3B5CE841-6081-EE3A-E063-4804A8C0D6F1","700000","2025-06-30","EC2Y 9AP","F","N","L","FLAT 1406","5","MOOR LANE","","LONDON","CITY OF LONDON","GREATER LONDON","A","http://landregistry.data.gov.uk/data/ppi/transaction/3B5CE841-6081-EE3A-E063-4804A8C0D6F1/current"
"D22473F4-C272-7B40-E053-6C04A8C0A630","672500","2021-06-29","EC2Y 9AP","F","N","L","FLAT 1408","5","MOOR LANE","","LONDON","CITY OF LONDON","GREATER LONDON","A","http://landregistry.data.gov.uk/data/ppi/transaction/D22473F4-C272-7B40-E053-6C04A8C0A630/current"
"09266DDC-4C5B-AF90-E063-4704A8C02087","550000","2023-09-15","EC2Y 9AP","F","N","L","FLAT 1410","5","MOOR LANE","","LONDON","CITY OF LONDON","GREATER LONDON","B","http://landregistry.data.gov.uk/data/ppi/transaction/09266DDC-4C5B-AF90-E063-4704A8C02087/current"
"582D0636-8760-8F22-E053-6C04A8C01BAC","2750000","2017-04-13","EC2Y 9AP","F","Y","L","FLAT 3202","5","MOOR LANE","","LONDON","CITY OF LONDON","GREATER LONDON","A","http://landregistry.data.gov.uk/data/ppi/transaction/582D0636-8760-8F22-E053-6C04A8C01BAC/current"
"85866A65-8269-143F-E053-6B04A8C06A15","530000","2019-03-26","EC2Y 9AP","F","N","L","FLAT 703","5","MOOR LANE","","LONDON","CITY OF LONDON","GREATER LONDON","B","http://landregistry.data.gov.uk/data/ppi/transaction/85866A65-8269-143F-E053-6B04A8C06A15/current"
"25E9DA80-566F-555E-E063-4704A8C066F2","478000","2024-07-29","EC2Y 9AP","F","N","L","FLAT 704","5","MOOR LANE","","LONDON","CITY OF LONDON","GREATER LONDON","A","http://landregistry.data.gov.uk/data/ppi/transaction/25E9DA80-566F-555E-E063-4704A8C066F2/current"
"F87E72F8-88BE-176C-E053-6B04A8C0D2BE","805000","2022-12-16","EC2Y 9AP","F","N","L","FLAT 708","5","MOOR LANE","","LONDON","CITY OF LONDON","GREATER LONDON","A","http://landregistry.data.gov.uk/data/ppi/transaction/F87E72F8-88BE-176C-E053-6B04A8C0D2BE/current"
"E073986C-1256-2134-E053-6C04A8C0233B","675000","2021-12-17","EC2Y 9AP","F","N","L","FLAT 905","5","MOOR LANE","","LONDON","CITY OF LONDON","GREATER LONDON","B","http://landregistry.data.gov.uk/data/ppi/transaction/E073986C-1256-2134-E053-6C04A8C0233B/current"
"BA558B32-1C59-76EF-E053-6B04A8C0B4B7","720000","2020-12-01","EC2Y 9AP","F","N","L","FLAT 906","5","MOOR LANE","","LONDON","CITY OF LONDON","GREATER LONDON","A","http://landregistry.data.gov.uk/data/ppi/transaction/BA558B32-1C59-76EF-E053-6B04A8C0B4B7/current"
"2859C1AB-7213-52B4-E063-4804A8C05948","1730000","2024-04-26","EC2Y 9AP","F","N","L","FLAT 907","5","MOOR LANE","","LONDON","CITY OF LONDON","GREATER LONDON","A","http://landregistry.data.gov.uk/data/ppi/transaction/2859C1AB-7213-52B4-E063-4804A8C05948/current"
"01EB45F0-74E7-40F3-E063-4704A8C05FDE","785000","2023-05-26","EC2Y 9AP","F","N","L","FLAT 908","5","MOOR LANE","","LONDON","CITY OF LONDON","GREATER LONDON","B","http://landregistry.data.gov.uk/data/ppi/transaction/01EB45F0-74E7-40F3-E063-4704A8C05FDE/current"
"34428D7D-B008-B86C-E050-A8C06205059C","825000","2016-05-24","EC2Y 9AZ","F","N","L","APARTMENT 1508","THE HERON, 5","MOOR LANE","","LONDON","CITY OF LONDON","GREATER LONDON","A","http://landregistry.data.gov.uk/data/ppi/transaction/34428D7D-B008-B86C-E050-A8C06205059C/current"
"3E0330EF-51DE-8D89-E050-A8C062052140","575000","2016-09-22","EC2Y 9AZ","F","N","L","APARTMENT 1510","THE HERON, 5","MOOR LANE","","LONDON","CITY OF LONDON","GREATER LONDON","A","http://landregistry.data.gov.uk/data/ppi/transaction/3E0330EF-51DE-8D89-E050-A8C062052140/current"
"3E0330EF-51E8-8D89-E050-A8C062052140","1225000","2016-09-09","EC2Y 9AZ","F","N","L","APARTMENT 1601","THE HERON, 5","MOOR LANE","","LONDON","CITY OF LONDON","GREATER LONDON","A","http://landregistry.data.gov.uk/data/ppi/transaction/3E0330EF-51E8-8D89-E050-A8C062052140/current"
"726BF13A-554E-0A46-E053-6C04A8C01D0D","555000","2018-06-29","EC2Y 9AZ","F","N","L","APARTMENT 1612","THE HERON, 5","MOOR LANE","","LONDON","CITY OF LONDON","GREATER LONDON","A","http://landregistry.data.gov.uk/data/ppi/transaction/726BF13A-554E-0A46-E053-6C04A8C01D0D/current"
"50F18102-A7DA-9FD5-E050-A8C063054923","610000","2017-03-24","EC2Y 9AZ","F","N","L","APARTMENT 1704","THE HERON, 5","MOOR LANE","","LONDON","CITY OF LONDON","GREATER LONDON","A","http://landregistry.data.gov.uk/data/ppi/transaction/50F18102-A7DA-9FD5-E050-A8C063054923/current"
"31FB4C16-CB8F-57B9-E050-A8C063053436","888000","2016-03-30","EC2Y 9AZ","F","N","L","APARTMENT 1806","THE HERON, 5","MOOR LANE","","LONDON","CITY OF LONDON","GREATER LONDON","B","http://landregistry.data.gov.uk/data/ppi/transaction/31FB4C16-CB8F-57B9-E050-A8C063053436/current"
"726BF13A-554F-0A46-E053-6C04A8C01D0D","1150000","2018-06-20","EC2Y 9AZ","F","N","L","APARTMENT 2001","THE HERON, 5","MOOR LANE","","LONDON","CITY OF LONDON","GREATER LONDON","A","http://landregistry.data.gov.uk/data/ppi/transaction/726BF13A-554F-0A46-E053-6C04A8C01D0D/current"
"3B7E0B8F-6F5F-EA99-E050-A8C062057E77","890000","2016-07-20","EC2Y 9AZ","F","N","L","APARTMENT 2008","THE HERON, 5","MOOR LANE","","LONDON","CITY OF LONDON","GREATER LONDON","A","http://landregistry.data.gov.uk/data/ppi/transaction/3B7E0B8F-6F5F-EA99-E050-A8C062057E77/current"
"369DFB16-7C5E-3A19-E050-A8C0620518C6","532500","2016-05-26","EC2Y 9AZ","F","N","L","APARTMENT 2009","THE HERON, 5","MOOR LANE","","LONDON","CITY OF LONDON","GREATER LONDON","B","http://landregistry.data.gov.uk/data/ppi/transaction/369DFB16-7C5E-3A19-E050-A8C0620518C6/current"
"5CF9903B-77EC-7F13-E053-6C04A8C074B1","795000","2017-08-11","EC2Y 9AZ","F","N","L","APARTMENT 2105","THE HERON, 5","MOOR LANE","","LONDON","CITY OF LONDON","GREATER LONDON","A","http://landregistry.data.gov.uk/data/ppi/transaction/5CF9903B-77EC-7F13-E053-6C04A8C074B1/current"
"E073986C-1257-2134-E053-6C04A8C0233B","675000","2021-12-17","EC2Y 9AZ","F","N","L","FLAT 1505","5","MOOR LANE","","LONDON","CITY OF LONDON","GREATER LONDON","B","http://landregistry.data.gov.uk/data/ppi/transaction/E073986C-1257-2134-E053-6C04A8C0233B/current"
"402A3A65-7449-A7DF-E063-4804A8C0B80D","670000","2025-07-25","EC2Y 9AZ","F","N","L","FLAT 1508","5","MOOR LANE","","LONDON","CITY OF LONDON","GREATER LONDON","A","http://landregistry.data.gov.uk/data/ppi/transaction/402A3A65-7449-A7DF-E063-4804A8C0B80D/current"
"2859C1AB-71FF-52B4-E063-4804A8C05948","515000","2024-09-06","EC2Y 9AZ","F","N","L","FLAT 1510","5","MOOR LANE","","LONDON","CITY OF LONDON","GREATER LONDON","A","http://landregistry.data.gov.uk/data/ppi/transaction/2859C1AB-71FF-52B4-E063-4804A8C05948/current"
"1EAE3DF6-20FB-9EB1-E063-4704A8C09D02","490000","2024-06-20","EC2Y 9AZ","F","N","L","FLAT 1604","5","MOOR LANE","","LONDON","CITY OF LONDON","GREATER LONDON","A","http://landregistry.data.gov.uk/data/ppi/transaction/1EAE3DF6-20FB-9EB1-E063-4704A8C09D02/current"
"D93B27B0-3348-3100-E053-6C04A8C08887","550000","2022-02-03","EC2Y 9AZ","F","N","L","FLAT 1610","5","MOOR LANE","","LONDON","CITY OF LONDON","GREATER LONDON","A","http://landregistry.data.gov.uk/data/ppi/transaction/D93B27B0-3348-3100-E053-6C04A8C08887/current"
"C18F412B-978B-81A6-E053-6B04A8C0AD18","1160000","2021-02-04","EC2Y 9AZ","O","N","L","FLAT 1702","5","MOOR LANE","","LONDON","CITY OF LONDON","GREATER LONDON","B","http://landregistry.data.gov.uk/data/ppi/transaction/C18F412B-978B-81A6-E053-6B04A8C0AD18/current"
"1061746D-9D0D-3C34-E063-4804A8C0F9E7","1128000","2023-12-21","EC2Y 9AZ","F","N","L","FLAT 1801","5","MOOR LANE","","LONDON","CITY OF LONDON","GREATER LONDON","A","http://landregistry.data.gov.uk/data/ppi/transaction/1061746D-9D0D-3C34-E063-4804A8C0F9E7/current"
"50D10B83-B294-B8D0-E063-4704A8C08D98","550000","2026-02-16","EC2Y 9AZ","F","N","L","FLAT 1806","5","MOOR LANE","","LONDON","CITY OF LONDON","GREATER LONDON","A","http://landregistry.data.gov.uk/data/ppi/transaction/50D10B83-B294-B8D0-E063-4704A8C08D98/current"
"85866A64-5D0C-143F-E053-6B04A8C06A15","765000","2019-02-26","EC2Y 9AZ","F","N","L","FLAT 1808","5","MOOR LANE","","LONDON","CITY OF LONDON","GREATER LONDON","A","http://landregistry.data.gov.uk/data/ppi/transaction/85866A64-5D0C-143F-E053-6B04A8C06A15/current"
"AE4D86D3-C01D-4619-E053-6C04A8C03CD0","555000","2020-07-22","EC2Y 9AZ","F","N","L","FLAT 1912","5","MOOR LANE","","LONDON","CITY OF LONDON","GREATER LONDON","A","http://landregistry.data.gov.uk/data/ppi/transaction/AE4D86D3-C01D-4619-E053-6C04A8C03CD0/current"
"0E082197-608B-5C09-E063-4704A8C0A10E","525000","2023-03-01","EC2Y 9AZ","F","N","L","FLAT 2004","5","MOOR LANE","","LONDON","CITY OF LONDON","GREATER LONDON","B","http://landregistry.data.gov.uk/data/ppi/transaction/0E082197-608B-5C09-E063-4704A8C0A10E/current"
"8F1B26BD-44B3-53DB-E053-6C04A8C03649","482000","2019-07-17","EC2Y 9AZ","F","N","L","FLAT 2004","5","MOOR LANE","","LONDON","CITY OF LONDON","GREATER LONDON","A","http://landregistry.data.gov.uk/data/ppi/transaction/8F1B26BD-44B3-53DB-E053-6C04A8C03649/current"
"A71375FD-A1D6-7576-E053-6C04A8C0462F","1850000","2020-03-17","EC2Y 9AZ","F","N","L","FLAT 2007","5","MOOR LANE","","LONDON","CITY OF LONDON","GREATER LONDON","A","http://landregistry.data.gov.uk/data/ppi/transaction/A71375FD-A1D6-7576-E053-6C04A8C0462F/current"
"1C3E72FD-C4C3-F410-E063-4804A8C0DFA6","1070000","2024-01-26","EC2Y 9AZ","F","N","L","FLAT 2102","5","MOOR LANE","","LONDON","CITY OF LONDON","GREATER LONDON","A","http://landregistry.data.gov.uk/data/ppi/transaction/1C3E72FD-C4C3-F410-E063-4804A8C0DFA6/current"
"8F1B26BD-44C3-53DB-E053-6C04A8C03649","770000","2019-06-10","EC2Y 9AZ","F","N","L","FLAT 2108","5","MOOR LANE","","LONDON","CITY OF LONDON","GREATER LONDON","A","http://landregistry.data.gov.uk/data/ppi/transaction/8F1B26BD-44C3-53DB-E053-6C04A8C03649/current"
"31C68072-DE85-FEE3-E063-4804A8C04F37","466895","2025-01-10","EC2Y 9AZ","F","N","L","FLAT 2111","5","MOOR LANE","","LONDON","CITY OF LONDON","GREATER LONDON","B","http://landregistry.data.gov.uk/data/ppi/transaction/31C68072-DE85-FEE3-E063-4804A8C04F37/current"
"369DFB16-7C5F-3A19-E050-A8C0620518C6","627500","2016-05-26","EC2Y 9BA","F","N","L","APARTMENT 2211","THE HERON, 5","MOOR LANE","","LONDON","CITY OF LONDON","GREATER LONDON","B","http://landregistry.data.gov.uk/data/ppi/transaction/369DFB16-7C5F-3A19-E050-A8C0620518C6/current"
"34428D7D-B01F-B86C-E050-A8C06205059C","1270000","2016-03-31","EC2Y 9BA","F","N","L","APARTMENT 2301","THE HERON, 5","MOOR LANE","","LONDON","CITY OF LONDON","GREATER LONDON","A","http://landregistry.data.gov.uk/data/ppi/transaction/34428D7D-B01F-B86C-E050-A8C06205059C/current"
"68FEB20B-1281-38DA-E053-6C04A8C051AE","560000","2018-03-13","EC2Y 9BA","F","N","L","APARTMENT 2404","THE HERON, 5","MOOR LANE","","LONDON","CITY OF LONDON","GREATER LONDON","A","http://landregistry.data.gov.uk/data/ppi/transaction/68FEB20B-1281-38DA-E053-6C04A8C051AE/current"
"7C2D06FF-9E8D-4963-E053-6B04A8C07B97","825000","2018-10-25","EC2Y 9BA","F","N","L","APARTMENT 2405","THE HERON, 5","MOOR LANE","","LONDON","CITY OF LONDON","GREATER LONDON","A","http://landregistry.data.gov.uk/data/ppi/transaction/7C2D06FF-9E8D-4963-E053-6B04A8C07B97/current"
"726BF13B-978E-0A46-E053-6C04A8C01D0D","610000","2018-06-18","EC2Y 9BA","F","N","L","APARTMENT 2411","THE HERON, 5","MOOR LANE","","LONDON","CITY OF LONDON","GREATER LONDON","B","http://landregistry.data.gov.uk/data/ppi/transaction/726BF13B-978E-0A46-E053-6C04A8C01D0D/current"
"79A74E21-121D-1289-E053-6B04A8C01627","550000","2018-05-04","EC2Y 9BA","F","N","L","APARTMENT 2704","THE HERON, 5","MOOR LANE","","LONDON","CITY OF LONDON","GREATER LONDON","A","http://landregistry.data.gov.uk/data/ppi/transaction/79A74E21-121D-1289-E053-6B04A8C01627/current"
"42A5A708-BABE-56E8-E050-A8C06205331E","642500","2016-10-24","EC2Y 9BA","F","N","L","APARTMENT 2708","THE HERON, 5","MOOR LANE","","LONDON","CITY OF LONDON","GREATER LONDON","A","http://landregistry.data.gov.uk/data/ppi/transaction/42A5A708-BABE-56E8-E050-A8C06205331E/current"
"80E1AA97-A644-7BF8-E053-6C04A8C00BF2","600000","2018-11-30","EC2Y 9BA","F","N","L","APARTMENT 2710","THE HERON, 5","MOOR LANE","","LONDON","CITY OF LONDON","GREATER LONDON","A","http://landregistry.data.gov.uk/data/ppi/transaction/80E1AA97-A644-7BF8-E053-6C04A8C00BF2/current"
"50F18102-A7EB-9FD5-E050-A8C063054923","970000","2017-04-28","EC2Y 9BA","F","N","L","APARTMENT 2807","THE HERON, 5","MOOR LANE","","LONDON","CITY OF LONDON","GREATER LONDON","A","http://landregistry.data.gov.uk/data/ppi/transaction/50F18102-A7EB-9FD5-E050-A8C063054923/current"
"61D8894D-8FE1-3DE6-E053-6C04A8C01207","625000","2017-12-01","EC2Y 9BA","F","N","L","APARTMENT 2904","THE HERON, 5","MOOR LANE","","LONDON","CITY OF LONDON","GREATER LONDON","A","http://landregistry.data.gov.uk/data/ppi/transaction/61D8894D-8FE1-3DE6-E053-6C04A8C01207/current"
"F3B6C197-A820-6E40-E053-6C04A8C0B3B4","1180000","2022-09-15","EC2Y 9BA","F","N","L","FLAT 2201","5","MOOR LANE","","LONDON","CITY OF LONDON","GREATER LONDON","A","http://landregistry.data.gov.uk/data/ppi/transaction/F3B6C197-A820-6E40-E053-6C04A8C0B3B4/current"
"1061746D-9D12-3C34-E063-4804A8C0F9E7","670000","2023-12-07","EC2Y 9BA","F","N","L","FLAT 2205","5","MOOR LANE","","LONDON","CITY OF LONDON","GREATER LONDON","A","http://landregistry.data.gov.uk/data/ppi/transaction/1061746D-9D12-3C34-E063-4804A8C0F9E7/current"
"1775CCF7-D46E-38BA-E063-4704A8C05A7C","700000","2023-12-12","EC2Y 9BA","F","N","L","FLAT 2208","5","MOOR LANE","","LONDON","CITY OF LONDON","GREATER LONDON","B","http://landregistry.data.gov.uk/data/ppi/transaction/1775CCF7-D46E-38BA-E063-4704A8C05A7C/current"
"93E6821D-E58C-40FD-E053-6B04A8C0C1DF","800000","2019-08-30","EC2Y 9BA","F","N","L","FLAT 2308","5","MOOR LANE","","LONDON","CITY OF LONDON","GREATER LONDON","A","http://landregistry.data.gov.uk/data/ppi/transaction/93E6821D-E58C-40FD-E053-6B04A8C0C1DF/current"
"237B17FD-92B7-22AC-E063-4804A8C0EA3A","555000","2024-04-30","EC2Y 9BA","F","N","L","FLAT 2311","5","MOOR LANE","","LONDON","CITY OF LONDON","GREATER LONDON","A","http://landregistry.data.gov.uk/data/ppi/transaction/237B17FD-92B7-22AC-E063-4804A8C0EA3A/current"
"93E6821D-E576-40FD-E053-6B04A8C0C1DF","1190000","2019-09-17","EC2Y 9BA","F","N","L","FLAT 2402","5","MOOR LANE","","LONDON","CITY OF LONDON","GREATER LONDON","A","http://landregistry.data.gov.uk/data/ppi/transaction/93E6821D-E576-40FD-E053-6B04A8C0C1DF/current"
"CB0035E5-7756-58AE-E053-6B04A8C091AF","770000","2021-06-16","EC2Y 9BA","F","N","L","FLAT 2406","5","MOOR LANE","","LONDON","CITY OF LONDON","GREATER LONDON","A","http://landregistry.data.gov.uk/data/ppi/transaction/CB0035E5-7756-58AE-E053-6B04A8C091AF/current"
"3B5CE841-608B-EE3A-E063-4804A8C0D6F1","480000","2025-05-29","EC2Y 9BA","F","N","L","FLAT 2410","5","MOOR LANE","","LONDON","CITY OF LONDON","GREATER LONDON","A","http://landregistry.data.gov.uk/data/ppi/transaction/3B5CE841-608B-EE3A-E063-4804A8C0D6F1/current"
"BA558B32-1C56-76EF-E053-6B04A8C0B4B7","1150000","2020-11-30","EC2Y 9BA","F","N","L","FLAT 2502","5","MOOR LANE","","LONDON","CITY OF LONDON","GREATER LONDON","A","http://landregistry.data.gov.uk/data/ppi/transaction/BA558B32-1C56-76EF-E053-6B04A8C0B4B7/current"
"B82222ED-8D6F-6691-E053-6B04A8C02FB2","670000","2020-11-12","EC2Y 9BA","F","N","L","FLAT 2505","5","MOOR LANE","","LONDON","CITY OF LONDON","GREATER LONDON","B","http://landregistry.data.gov.uk/data/ppi/transaction/B82222ED-8D6F-6691-E053-6B04A8C02FB2/current"
"D22473F4-C26D-7B40-E053-6C04A8C0A630","550000","2021-06-29","EC2Y 9BA","F","N","L","FLAT 2508","5","MOOR LANE","","LONDON","CITY OF LONDON","GREATER LONDON","A","http://landregistry.data.gov.uk/data/ppi/transaction/D22473F4-C26D-7B40-E053-6C04A8C0A630/current"
"D4D42646-B5C9-27F6-E053-6C04A8C0A572","1300000","2021-11-30","EC2Y 9BA","F","N","L","FLAT 2601","5","MOOR LANE","","LONDON","CITY OF LONDON","GREATER LONDON","B","http://landregistry.data.gov.uk/data/ppi/transaction/D4D42646-B5C9-27F6-E053-6C04A8C0A572/current"
"9DBAD221-4C8F-6EB3-E053-6B04A8C0F257","1280000","2019-11-29","EC2Y 9BA","F","N","L","FLAT 2602","5","MOOR LANE","","LONDON","CITY OF LONDON","GREATER LONDON","A","http://landregistry.data.gov.uk/data/ppi/transaction/9DBAD221-4C8F-6EB3-E053-6B04A8C0F257/current"
"2859C1AB-7215-52B4-E063-4804A8C05948","2500000","2024-11-08","EC2Y 9BA","F","N","L","FLAT 2606","5","MOOR LANE","","LONDON","CITY OF LONDON","GREATER LONDON","A","http://landregistry.data.gov.uk/data/ppi/transaction/2859C1AB-7215-52B4-E063-4804A8C05948/current"
"C6209F60-24E1-295E-E053-6C04A8C0DDCC","700000","2021-03-31","EC2Y 9BA","F","N","L","FLAT 2707","5","MOOR LANE","","LONDON","CITY OF LONDON","GREATER LONDON","B","http://landregistry.data.gov.uk/data/ppi/transaction/C6209F60-24E1-295E-E053-6C04A8C0DDCC/current"
"D22473F4-C275-7B40-E053-6C04A8C0A630","500000","2021-11-05","EC2Y 9BA","F","N","L","FLAT 2804","5","MOOR LANE","","LONDON","CITY OF LONDON","GREATER LONDON","A","http://landregistry.data.gov.uk/data/ppi/transaction/D22473F4-C275-7B40-E053-6C04A8C0A630/current"
"BA558B32-1C5D-76EF-E053-6B04A8C0B4B7","500000","2017-12-01","EC2Y 9BA","F","N","L","FLAT 2804","5","MOOR LANE","","LONDON","CITY OF LONDON","GREATER LONDON","A","http://landregistry.data.gov.uk/data/ppi/transaction/BA558B32-1C5D-76EF-E053-6B04A8C0B4B7/current"
"7011B108-FE42-8ED6-E053-6B04A8C075C1","625000","2018-05-30","EC2Y 9BB","F","N","L","APARTMENT 3009","THE HERON, 5","MOOR LANE","","LONDON","CITY OF LONDON","GREATER LONDON","A","http://landregistry.data.gov.uk/data/ppi/transaction/7011B108-FE42-8ED6-E053-6B04A8C075C1/current"
"50F18102-A7DB-9FD5-E050-A8C063054923","2600000","2017-04-25","EC2Y 9BB","F","N","L","APARTMENT 3103","THE HERON, 5","MOOR LANE","","LONDON","CITY OF LONDON","GREATER LONDON","A","http://landregistry.data.gov.uk/data/ppi/transaction/50F18102-A7DB-9FD5-E050-A8C063054923/current"
"80E1AA97-A648-7BF8-E053-6C04A8C00BF2","3800000","2019-01-18","EC2Y 9BB","F","N","L","APARTMENT 3203","THE HERON, 5","MOOR LANE","","LONDON","CITY OF LONDON","GREATER LONDON","A","http://landregistry.data.gov.uk/data/ppi/transaction/80E1AA97-A648-7BF8-E053-6C04A8C00BF2/current"
"8355F008-A521-55C5-E053-6B04A8C0D090","7600000","2018-12-13","EC2Y 9BB","F","Y","L","APARTMENT 3502","THE HERON, 5","MOOR LANE","","LONDON","CITY OF LONDON","GREATER LONDON","A","http://landregistry.data.gov.uk/data/ppi/transaction/8355F008-A521-55C5-E053-6B04A8C0D090/current"
"FD226035-791D-4CB7-E053-4804A8C00430","830000","2023-04-11","EC2Y 9BB","F","N","L","FLAT 3007","5","MOOR LANE","","LONDON","CITY OF LONDON","GREATER LONDON","A","http://landregistry.data.gov.uk/data/ppi/transaction/FD226035-791D-4CB7-E053-4804A8C00430/current"
"CFC9085C-40A5-9A70-E053-6B04A8C09D6A","620000","2021-06-30","EC2Y 9BB","F","N","L","FLAT 3010","5","MOOR LANE","","LONDON","CITY OF LONDON","GREATER LONDON","A","http://landregistry.data.gov.uk/data/ppi/transaction/CFC9085C-40A5-9A70-E053-6B04A8C09D6A/current"
"4C1B673E-CC8F-D8EA-E063-4704A8C0BF7D","2600000","2025-03-27","EC2Y 9BB","F","N","L","FLAT 3102","5","MOOR LANE","","LONDON","CITY OF LONDON","GREATER LONDON","A","http://landregistry.data.gov.uk/data/ppi/transaction/4C1B673E-CC8F-D8EA-E063-4704A8C0BF7D/current"
"D4D42645-2CF8-27F6-E053-6C04A8C0A572","3300000","2021-07-06","EC2Y 9BB","F","N","L","FLAT 3201","5","MOOR LANE","","LONDON","CITY OF LONDON","GREATER LONDON","A","http://landregistry.data.gov.uk/data/ppi/transaction/D4D42645-2CF8-27F6-E053-6C04A8C0A572/current"
"773788C2-32B6-2CE4-E053-6C04A8C05E57","2520000","2018-08-22","EC2Y 9BB","F","N","L","FLAT 3301","5","MOOR LANE","","LONDON","CITY OF LONDON","GREATER LONDON","A","http://landregistry.data.gov.uk/data/ppi/transaction/773788C2-32B6-2CE4-E053-6C04A8C05E57/current"
"47844C80-9F2F-8986-E050-A8C063056488","7340000","2016-10-17","EC2Y 9BB","F","Y","L","FLAT 3501","5","MOOR LANE","","LONDON","CITY OF LONDON","GREATER LONDON","B","http://landregistry.data.gov.uk/data/ppi/transaction/47844C80-9F2F-8986-E050-A8C063056488/current"
"25E9DA81-D0F4-555E-E063-4704A8C066F2","3423700","2023-08-14","EC2Y 9BH","O","N","L","GUILDHALL SCHOOL OF MUSIC AND DRAMA","1","MILTON STREET","","LONDON","CITY OF LONDON","GREATER LONDON","B","http://landregistry.data.gov.uk/data/ppi/transaction/25E9DA81-D0F4-555E-E063-4704A8C066F2/current"
"D707E536-5EB3-0AD9-E053-6B04A8C067CC","14700000","2020-03-31","EC2Y 9DB","O","N","L","","21","MOORFIELDS","","LONDON","CITY OF LONDON","GREATER LONDON","B","http://landregistry.data.gov.uk/data/ppi/transaction/D707E536-5EB3-0AD9-E053-6B04A8C067CC/current"
"666758D7-9004-3363-E053-6B04A8C0D74E","95110","2018-02-09","EC2Y 9DT","O","N","L","FLOOR 9","1","FORE STREET AVENUE","","LONDON","CITY OF LONDON","GREATER LONDON","B","http://landregistry.data.gov.uk/data/ppi/transaction/666758D7-9004-3363-E053-6B04A8C0D74E/current"
"2D1E4B27-1FDE-FCD1-E050-A8C0630544EC","1000000","2016-01-14","EC2Y 9DT","O","N","L","","5 - 6","FORE STREET AVENUE","","LONDON","CITY OF LONDON","GREATER LONDON","B","http://landregistry.data.gov.uk/data/ppi/transaction/2D1E4B27-1FDE-FCD1-E050-A8C0630544EC/current"
"31C68072-DFCE-FEE3-E063-4804A8C04F37","47500","2024-06-20","EC3A 2AD","O","N","L","GROUND FLOOR PREMISES","65 - 68","LEADENHALL STREET","","LONDON","CITY OF LONDON","GREATER LONDON","B","http://landregistry.data.gov.uk/data/ppi/transaction/31C68072-DFCE-FEE3-E063-4804A8C04F37/current"
"BC8936BC-4D76-0E2C-E053-6C04A8C0DBF4","28174995","2021-01-08","EC3A 2AD","O","N","F","","65 - 68","LEADENHALL STREET","","LONDON","CITY OF LONDON","GREATER LONDON","B","http://landregistry.data.gov.uk/data/ppi/transaction/BC8936BC-4D76-0E2C-E053-6C04A8C0DBF4/current"
"2D1E4B27-14BE-FCD1-E050-A8C0630544EC","4950000","2016-02-02","EC3A 2BJ","O","N","F","","50","LEADENHALL STREET","","LONDON","CITY OF LONDON","GREATER LONDON","B","http://landregistry.data.gov.uk/data/ppi/transaction/2D1E4B27-14BE-FCD1-E050-A8C0630544EC/current"
"726BF13B-977A-0A46-E053-6C04A8C01D0D","177125","2018-07-25","EC3A 3BA","O","N","L","GROUND FLOOR PREMISES","88","LEADENHALL STREET","","LONDON","CITY OF LONDON","GREATER LONDON","B","http://landregistry.data.gov.uk/data/ppi/transaction/726BF13B-977A-0A46-E053-6C04A8C01D0D/current"
"F16F63C6-7C81-0491-E053-6C04A8C032ED","10000000","2022-09-01","EC3A 3DH","O","N","F","BASEMENT","78 - 79","LEADENHALL STREET","","LONDON","CITY OF LONDON","GREATER LONDON","B","http://landregistry.data.gov.uk/data/ppi/transaction/F16F63C6-7C81-0491-E053-6C04A8C032ED/current"
"C8A3A576-F818-0425-E053-6C04A8C0947B","1700000","2021-03-31","EC3A 3DH","O","N","L","GROUND FLOOR PREMISES","78 - 79","LEADENHALL STREET","","LONDON","CITY OF LONDON","GREATER LONDON","B","http://landregistry.data.gov.uk/data/ppi/transaction/C8A3A576-F818-0425-E053-6C04A8C0947B/current"
"75050A85-FCEC-9A88-E053-6B04A8C02390","38000","2018-04-27","EC3A 3DH","O","N","L","GROUND FLOOR PREMISES","78 - 79","LEADENHALL STREET","","LONDON","CITY OF LONDON","GREATER LONDON","B","http://landregistry.data.gov.uk/data/ppi/transaction/75050A85-FCEC-9A88-E053-6B04A8C02390/current"
"C8A3A576-F80F-0425-E053-6C04A8C0947B","1700000","2021-03-31","EC3A 3DH","O","N","F","","78 - 79","LEADENHALL STREET","","LONDON","CITY OF LONDON","GREATER LONDON","B","http://landregistry.data.gov.uk/data/ppi/transaction/C8A3A576-F80F-0425-E053-6C04A8C0947B/current"
"582D0637-D870-8F22-E053-6C04A8C01BAC","12000000","2017-07-31","EC3A 4AA","O","N","F","","106","LEADENHALL STREET","","LONDON","CITY OF LONDON","GREATER LONDON","B","http://landregistry.data.gov.uk/data/ppi/transaction/582D0637-D870-8F22-E053-6C04A8C01BAC/current"
"582D0637-D88B-8F22-E053-6C04A8C01BAC","71200000","2017-07-31","EC3A 4AF","O","N","F","","BANKSIDE HOUSE, 107 - 112","LEADENHALL STREET","","LONDON","CITY OF LONDON","GREATER LONDON","B","http://landregistry.data.gov.uk/data/ppi/transaction/582D0637-D88B-8F22-E053-6C04A8C01BAC/current"
"582D0637-D889-8F22-E053-6C04A8C01BAC","71200000","2017-07-31","EC3A 4DJ","O","N","F","","BANKSIDE HOUSE, 107 - 112","LEADENHALL STREET","","LONDON","CITY OF LONDON","GREATER LONDON","B","http://landregistry.data.gov.uk/data/ppi/transaction/582D0637-D889-8F22-E053-6C04A8C01BAC/current"
"582D0637-D88C-8F22-E053-6C04A8C01BAC","71200000","2017-07-31","EC3A 4DJ","O","N","F","","BANKSIDE HOUSE, 107 - 112","LEADENHALL STREET","","LONDON","CITY OF LONDON","GREATER LONDON","B","http://landregistry.data.gov.uk/data/ppi/transaction/582D0637-D88C-8F22-E053-6C04A8C01BAC/current"
"8A78B2B0-4B7B-5CB0-E053-6B04A8C0F504","1079527","2018-12-01","EC3A 5AF","O","N","L","NINTH FLOOR","1","CREECHURCH PLACE","","LONDON","CITY OF LONDON","GREATER LONDON","B","http://landregistry.data.gov.uk/data/ppi/transaction/8A78B2B0-4B7B-5CB0-E053-6B04A8C0F504/current"
"8355F009-CFA1-55C5-E053-6B04A8C0D090","100000","2019-02-15","EC3A 5AY","O","N","L","","2","CREECHURCH LANE","","LONDON","CITY OF LONDON","GREATER LONDON","B","http://landregistry.data.gov.uk/data/ppi/transaction/8355F009-CFA1-55C5-E053-6B04A8C0D090/current"
"C6209F60-4394-295E-E053-6C04A8C0DDCC","470000","2021-03-25","EC3A 5AY","F","N","L","FLAT 6","4 - 8","CREECHURCH LANE","","LONDON","CITY OF LONDON","GREATER LONDON","B","http://landregistry.data.gov.uk/data/ppi/transaction/C6209F60-4394-295E-E053-6C04A8C0DDCC/current"
"7011B10A-3838-8ED6-E053-6B04A8C075C1","635000","2018-05-02","EC3A 5AY","O","N","L","","18","CREECHURCH LANE","","LONDON","CITY OF LONDON","GREATER LONDON","B","http://landregistry.data.gov.uk/data/ppi/transaction/7011B10A-3838-8ED6-E053-6B04A8C075C1/current"
"79A74E21-E4CC-1289-E053-6B04A8C01627","500000","2018-09-26","EC3A 5AY","F","N","L","FLAT 21","18 - 20","CREECHURCH LANE","","LONDON","CITY OF LONDON","GREATER LONDON","A","http://landregistry.data.gov.uk/data/ppi/transaction/79A74E21-E4CC-1289-E053-6B04A8C01627/current"
"61D8894E-25F0-3DE6-E053-6C04A8C01207","585000","2017-11-24","EC3A 5AY","F","N","L","FLAT 24","18 - 20","CREECHURCH LANE","","LONDON","CITY OF LONDON","GREATER LONDON","A","http://landregistry.data.gov.uk/data/ppi/transaction/61D8894E-25F0-3DE6-E053-6C04A8C01207/current"
"C3C3F9B6-106B-362B-E053-6B04A8C03ACC","720000","2021-04-27","EC3A 5AY","F","N","L","FLAT 26","18 - 20","CREECHURCH LANE","","LONDON","CITY OF LONDON","GREATER LONDON","A","http://landregistry.data.gov.uk/data/ppi/transaction/C3C3F9B6-106B-362B-E053-6B04A8C03ACC/current"
"EED73E75-E92D-6AF3-E053-6C04A8C08ABA","525000","2022-09-30","EC3A 5AY","F","N","L","FLAT 27","18 - 20","CREECHURCH LANE","","LONDON","CITY OF LONDON","GREATER LONDON","A","http://landregistry.data.gov.uk/data/ppi/transaction/EED73E75-E92D-6AF3-E053-6C04A8C08ABA/current"
"CD5A9DCC-23D7-310A-E053-6C04A8C00A1F","445000","2021-05-28","EC3A 5AY","F","N","L","FLAT 28","18 - 20","CREECHURCH LANE","","LONDON","CITY OF LONDON","GREATER LONDON","A","http://landregistry.data.gov.uk/data/ppi/transaction/CD5A9DCC-23D7-310A-E053-6C04A8C00A1F/current"
"A2479555-C45A-74C7-E053-6B04A8C0887D","66000","2019-12-17","EC3A 5BU","O","N","L","GROUND FLOOR","MITRE HOUSE, 12 - 14","MITRE STREET","","LONDON","CITY OF LONDON","GREATER LONDON","B","http://landregistry.data.gov.uk/data/ppi/transaction/A2479555-C45A-74C7-E053-6B04A8C0887D/current"
"404A5AF3-C773-CD2B-E050-A8C063055C7B","1200000","2016-09-26","EC3A 5BZ","F","N","L","FLAT 7","27 - 31","MITRE STREET","","LONDON","CITY OF LONDON","GREATER LONDON","B","http://landregistry.data.gov.uk/data/ppi/transaction/404A5AF3-C773-CD2B-E050-A8C063055C7B/current"
"726BF13B-B449-0A46-E053-6C04A8C01D0D","16250000","2018-06-28","EC3A 6HB","O","N","F","","35","GREAT ST HELENS","","LONDON","CITY OF LONDON","GREATER LONDON","B","http://landregistry.data.gov.uk/data/ppi/transaction/726BF13B-B449-0A46-E053-6C04A8C01D0D/current"
"FD226036-97A4-4CB7-E053-4804A8C00430","50700000","2020-10-28","EC3A 6HX","O","N","F","","1","GREAT ST HELENS","","LONDON","CITY OF LONDON","GREATER LONDON","B","http://landregistry.data.gov.uk/data/ppi/transaction/FD226036-97A4-4CB7-E053-4804A8C00430/current"
"98C75472-A073-72E9-E053-6B04A8C042F0","500000","2019-11-01","EC3A 7AA","O","N","L","FLOOR 5","HERON TOWER","BISHOPGATE","","LONDON","CITY OF LONDON","GREATER LONDON","B","http://landregistry.data.gov.uk/data/ppi/transaction/98C75472-A073-72E9-E053-6B04A8C042F0/current"
"2D4D7608-9217-BDF9-E063-4804A8C0672F","1245500","2023-09-19","EC3A 7AB","F","Y","L","APARTMENT 2101","80","HOUNDSDITCH","","LONDON","CITY OF LONDON","GREATER LONDON","A","http://landregistry.data.gov.uk/data/ppi/transaction/2D4D7608-9217-BDF9-E063-4804A8C0672F/current"
"0B85394F-8D44-69A5-E063-4704A8C07DAC","1211250","2022-01-06","EC3A 7AB","F","Y","L","APARTMENT 2102","80","HOUNDSDITCH","","LONDON","CITY OF LONDON","GREATER LONDON","A","http://landregistry.data.gov.uk/data/ppi/transaction/0B85394F-8D44-69A5-E063-4704A8C07DAC/current"
"FD226035-7B70-4CB7-E053-4804A8C00430","1235000","2021-11-19","EC3A 7AB","F","Y","L","APARTMENT 2103","80","HOUNDSDITCH","","LONDON","CITY OF LONDON","GREATER LONDON","A","http://landregistry.data.gov.uk/data/ppi/transaction/FD226035-7B70-4CB7-E053-4804A8C00430/current"
"2131FCF5-AB1E-86E8-E063-4804A8C0372B","1330000","2023-09-11","EC3A 7AB","F","Y","L","APARTMENT 2104","80","HOUNDSDITCH","","LONDON","CITY OF LONDON","GREATER LONDON","A","http://landregistry.data.gov.uk/data/ppi/transaction/2131FCF5-AB1E-86E8-E063-4804A8C0372B/current"
"0B853950-B5F2-69A5-E063-4704A8C07DAC","1912500","2022-11-08","EC3A 7AB","F","Y","L","APARTMENT 2105","80","HOUNDSDITCH","","LONDON","CITY OF LONDON","GREATER LONDON","B","http://landregistry.data.gov.uk/data/ppi/transaction/0B853950-B5F2-69A5-E063-4704A8C07DAC/current"
"25E9DA80-5BE4-555E-E063-4704A8C066F2","1882750","2023-11-30","EC3A 7AB","F","Y","L","APARTMENT 2106","80","HOUNDSDITCH","","LONDON","CITY OF LONDON","GREATER LONDON","A","http://landregistry.data.gov.uk/data/ppi/transaction/25E9DA80-5BE4-555E-E063-4704A8C066F2/current"
"06C9F487-F818-9388-E063-4804A8C0BD98","1045000","2021-12-16","EC3A 7AB","F","Y","L","APARTMENT 2107","80","HOUNDSDITCH","","LONDON","CITY OF LONDON","GREATER LONDON","B","http://landregistry.data.gov.uk/data/ppi/transaction/06C9F487-F818-9388-E063-4804A8C0BD98/current"
"FFA361DA-7FE8-8A03-E053-4804A8C01F61","1840000","2022-08-26","EC3A 7AB","F","Y","L","APARTMENT 2108","80","HOUNDSDITCH","","LONDON","CITY OF LONDON","GREATER LONDON","A","http://landregistry.data.gov.uk/data/ppi/transaction/FFA361DA-7FE8-8A03-E053-4804A8C01F61/current"
"FFA361DB-6BC2-8A03-E053-4804A8C01F61","1196000","2022-11-08","EC3A 7AB","F","Y","L","APARTMENT 2109","80","HOUNDSDITCH","","LONDON","CITY OF LONDON","GREATER LONDON","B","http://landregistry.data.gov.uk/data/ppi/transaction/FFA361DB-6BC2-8A03-E053-4804A8C01F61/current"
"FFA361DB-6BC3-8A03-E053-4804A8C01F61","1228200","2022-11-08","EC3A 7AB","F","Y","L","APARTMENT 2201","80","HOUNDSDITCH","","LONDON","CITY OF LONDON","GREATER LONDON","B","http://landregistry.data.gov.uk/data/ppi/transaction/FFA361DB-6BC3-8A03-E053-4804A8C01F61/current"
"FD226035-7B71-4CB7-E053-4804A8C00430","1233600","2021-11-23","EC3A 7AB","F","Y","L","APARTMENT 2202","80","HOUNDSDITCH","","LONDON","CITY OF LONDON","GREATER LONDON","A","http://landregistry.data.gov.uk/data/ppi/transaction/FD226035-7B71-4CB7-E053-4804A8C00430/current"
"FD226035-7B77-4CB7-E053-4804A8C00430","1296900","2021-12-08","EC3A 7AB","F","Y","L","APARTMENT 2203","80","HOUNDSDITCH","","LONDON","CITY OF LONDON","GREATER LONDON","A","http://landregistry.data.gov.uk/data/ppi/transaction/FD226035-7B77-4CB7-E053-4804A8C00430/current"
"045A1898-44A9-9A24-E063-4804A8C048EA","1325400","2022-03-10","EC3A 7AB","F","Y","L","APARTMENT 2204","80","HOUNDSDITCH","","LONDON","CITY OF LONDON","GREATER LONDON","A","http://landregistry.data.gov.uk/data/ppi/transaction/045A1898-44A9-9A24-E063-4804A8C048EA/current"
"FFA361DB-6BC4-8A03-E053-4804A8C01F61","1930500","2022-11-08","EC3A 7AB","F","Y","L","APARTMENT 2205","80","HOUNDSDITCH","","LONDON","CITY OF LONDON","GREATER LONDON","B","http://landregistry.data.gov.uk/data/ppi/transaction/FFA361DB-6BC4-8A03-E053-4804A8C01F61/current"
"0B85394F-8D37-69A5-E063-4704A8C07DAC","1076700","2022-03-03","EC3A 7AB","F","Y","L","APARTMENT 2207","80","HOUNDSDITCH","","LONDON","CITY OF LONDON","GREATER LONDON","A","http://landregistry.data.gov.uk/data/ppi/transaction/0B85394F-8D37-69A5-E063-4704A8C07DAC/current"
"2F7F2B42-A1F1-E08F-E063-4804A8C05A49","1838200","2024-04-30","EC3A 7AB","F","Y","L","APARTMENT 2208","80","HOUNDSDITCH","","LONDON","CITY OF LONDON","GREATER LONDON","A","http://landregistry.data.gov.uk/data/ppi/transaction/2F7F2B42-A1F1-E08F-E063-4804A8C05A49/current"
"FFA361DA-7F95-8A03-E053-4804A8C01F61","1968800","2022-08-23","EC3A 7AB","F","Y","L","APARTMENT 2208","80","HOUNDSDITCH","","LONDON","CITY OF LONDON","GREATER LONDON","A","http://landregistry.data.gov.uk/data/ppi/transaction/FFA361DA-7F95-8A03-E053-4804A8C01F61/current"
"FD226035-7B6E-4CB7-E053-4804A8C00430","2250000","2021-11-15","EC3A 7AB","F","Y","L","APARTMENT 2209","80","HOUNDSDITCH","","LONDON","CITY OF LONDON","GREATER LONDON","A","http://landregistry.data.gov.uk/data/ppi/transaction/FD226035-7B6E-4CB7-E053-4804A8C00430/current"
"FD226035-7B66-4CB7-E053-4804A8C00430","1230250","2021-11-18","EC3A 7AB","F","Y","L","APARTMENT 2302","80","HOUNDSDITCH","","LONDON","CITY OF LONDON","GREATER LONDON","A","http://landregistry.data.gov.uk/data/ppi/transaction/FD226035-7B66-4CB7-E053-4804A8C00430/current"
"045A1898-4495-9A24-E063-4804A8C048EA","1240000","2022-03-30","EC3A 7AB","F","Y","L","APARTMENT 2303","80","HOUNDSDITCH","","LONDON","CITY OF LONDON","GREATER LONDON","A","http://landregistry.data.gov.uk/data/ppi/transaction/045A1898-4495-9A24-E063-4804A8C048EA/current"
"1A0C5C63-05F7-7CBE-E063-4804A8C06C96","1991800","2023-11-01","EC3A 7AB","F","Y","L","APARTMENT 2305","80","HOUNDSDITCH","","LONDON","CITY OF LONDON","GREATER LONDON","A","http://landregistry.data.gov.uk/data/ppi/transaction/1A0C5C63-05F7-7CBE-E063-4804A8C06C96/current"
"06C9F487-F819-9388-E063-4804A8C0BD98","1064000","2021-12-16","EC3A 7AB","F","Y","L","APARTMENT 2307","80","HOUNDSDITCH","","LONDON","CITY OF LONDON","GREATER LONDON","B","http://landregistry.data.gov.uk/data/ppi/transaction/06C9F487-F819-9388-E063-4804A8C0BD98/current"
"31C68071-B241-FEE3-E063-4804A8C04F37","2020000","2024-08-05","EC3A 7AB","F","Y","L","APARTMENT 2310","80","HOUNDSDITCH","","LONDON","CITY OF LONDON","GREATER LONDON","A","http://landregistry.data.gov.uk/data/ppi/transaction/31C68071-B241-FEE3-E063-4804A8C04F37/current"
"06C9F487-1961-9388-E063-4804A8C0BD98","1255410","2022-01-14","EC3A 7AB","F","Y","L","APARTMENT 2402","80","HOUNDSDITCH","","LONDON","CITY OF LONDON","GREATER LONDON","A","http://landregistry.data.gov.uk/data/ppi/transaction/06C9F487-1961-9388-E063-4804A8C0BD98/current"
"045A1898-44E2-9A24-E063-4804A8C048EA","1290100","2022-07-05","EC3A 7AB","F","Y","L","APARTMENT 2403","80","HOUNDSDITCH","","LONDON","CITY OF LONDON","GREATER LONDON","A","http://landregistry.data.gov.uk/data/ppi/transaction/045A1898-44E2-9A24-E063-4804A8C048EA/current"
"3DCCB7CA-A4C6-5B9D-E063-4704A8C0331E","1073500","2021-12-16","EC3A 7AB","F","Y","L","APARTMENT 2407","80","HOUNDSDITCH","","LONDON","CITY OF LONDON","GREATER LONDON","B","http://landregistry.data.gov.uk/data/ppi/transaction/3DCCB7CA-A4C6-5B9D-E063-4704A8C0331E/current"
"3DCCB7C9-9538-5B9D-E063-4704A8C0331E","1674400","2024-07-25","EC3A 7AB","F","Y","L","APARTMENT 2411","80","HOUNDSDITCH","","LONDON","CITY OF LONDON","GREATER LONDON","A","http://landregistry.data.gov.uk/data/ppi/transaction/3DCCB7C9-9538-5B9D-E063-4704A8C0331E/current"
"FFA361DB-6BC5-8A03-E053-4804A8C01F61","1255800","2022-11-08","EC3A 7AB","F","Y","L","APARTMENT 2501","80","HOUNDSDITCH","","LONDON","CITY OF LONDON","GREATER LONDON","B","http://landregistry.data.gov.uk/data/ppi/transaction/FFA361DB-6BC5-8A03-E053-4804A8C01F61/current"
"F3B6C197-ABBE-6E40-E053-6C04A8C0B3B4","1250000","2021-11-16","EC3A 7AB","F","Y","L","APARTMENT 2502","80","HOUNDSDITCH","","LONDON","CITY OF LONDON","GREATER LONDON","A","http://landregistry.data.gov.uk/data/ppi/transaction/F3B6C197-ABBE-6E40-E053-6C04A8C0B3B4/current"
"FD226035-7B76-4CB7-E053-4804A8C00430","2039625","2021-12-03","EC3A 7AB","F","Y","L","APARTMENT 2505","80","HOUNDSDITCH","","LONDON","CITY OF LONDON","GREATER LONDON","A","http://landregistry.data.gov.uk/data/ppi/transaction/FD226035-7B76-4CB7-E053-4804A8C00430/current"
"3DCCB7CA-A4C7-5B9D-E063-4704A8C0331E","1083000","2021-12-16","EC3A 7AB","F","Y","L","APARTMENT 2507","80","HOUNDSDITCH","","LONDON","CITY OF LONDON","GREATER LONDON","B","http://landregistry.data.gov.uk/data/ppi/transaction/3DCCB7CA-A4C7-5B9D-E063-4704A8C0331E/current"
"045A1898-44C6-9A24-E063-4804A8C048EA","2079200","2021-12-23","EC3A 7AB","F","Y","L","APARTMENT 2510","80","HOUNDSDITCH","","LONDON","CITY OF LONDON","GREATER LONDON","A","http://landregistry.data.gov.uk/data/ppi/transaction/045A1898-44C6-9A24-E063-4804A8C048EA/current"
"31C68071-B26D-FEE3-E063-4804A8C04F37","1692600","2024-08-02","EC3A 7AB","F","Y","L","APARTMENT 2511","80","HOUNDSDITCH","","LONDON","CITY OF LONDON","GREATER LONDON","A","http://landregistry.data.gov.uk/data/ppi/transaction/31C68071-B26D-FEE3-E063-4804A8C04F37/current"
"49E87C32-B79C-591C-E063-4704A8C00C31","1363000","2025-03-28","EC3A 7AB","F","Y","L","APARTMENT 2604","80","HOUNDSDITCH","","LONDON","CITY OF LONDON","GREATER LONDON","B","http://landregistry.data.gov.uk/data/ppi/transaction/49E87C32-B79C-591C-E063-4704A8C00C31/current"
"FD226035-7B72-4CB7-E053-4804A8C00430","1104000","2021-11-30","EC3A 7AB","F","Y","L","APARTMENT 2607","80","HOUNDSDITCH","","LONDON","CITY OF LONDON","GREATER LONDON","A","http://landregistry.data.gov.uk/data/ppi/transaction/FD226035-7B72-4CB7-E053-4804A8C00430/current"
"FD226036-7AEC-4CB7-E053-4804A8C00430","2325000","2021-11-22","EC3A 7AB","F","Y","L","APARTMENT 2609","80","HOUNDSDITCH","","LONDON","CITY OF LONDON","GREATER LONDON","B","http://landregistry.data.gov.uk/data/ppi/transaction/FD226036-7AEC-4CB7-E053-4804A8C00430/current"
"FD226036-7AED-4CB7-E053-4804A8C00430","2557500","2021-11-22","EC3A 7AB","F","Y","L","APARTMENT 2610","80","HOUNDSDITCH","","LONDON","CITY OF LONDON","GREATER LONDON","B","http://landregistry.data.gov.uk/data/ppi/transaction/FD226036-7AED-4CB7-E053-4804A8C00430/current"
"FAC30766-CD8E-5E20-E053-4704A8C004EE","1268250","2021-11-19","EC3A 7AB","F","Y","L","APARTMENT 2702","80","HOUNDSDITCH","","LONDON","CITY OF LONDON","GREATER LONDON","A","http://landregistry.data.gov.uk/data/ppi/transaction/FAC30766-CD8E-5E20-E053-4704A8C004EE/current"
"045A1898-44D6-9A24-E063-4804A8C048EA","1278400","2022-06-08","EC3A 7AB","F","Y","L","APARTMENT 2703","80","HOUNDSDITCH","","LONDON","CITY OF LONDON","GREATER LONDON","A","http://landregistry.data.gov.uk/data/ppi/transaction/045A1898-44D6-9A24-E063-4804A8C048EA/current"
"1C3E72FD-C8DE-F410-E063-4804A8C0DFA6","1950400","2023-08-03","EC3A 7AB","F","Y","L","APARTMENT 2708","80","HOUNDSDITCH","","LONDON","CITY OF LONDON","GREATER LONDON","A","http://landregistry.data.gov.uk/data/ppi/transaction/1C3E72FD-C8DE-F410-E063-4804A8C0DFA6/current"
"3DCCB7C9-947B-5B9D-E063-4704A8C0331E","1630000","2025-03-11","EC3A 7AB","F","N","L","APARTMENT 2710","80","HOUNDSDITCH","","LONDON","CITY OF LONDON","GREATER LONDON","A","http://landregistry.data.gov.uk/data/ppi/transaction/3DCCB7C9-947B-5B9D-E063-4704A8C0331E/current"
"045A1899-4491-9A24-E063-4804A8C048EA","2114000","2021-12-23","EC3A 7AB","F","Y","L","APARTMENT 2710","80","HOUNDSDITCH","","LONDON","CITY OF LONDON","GREATER LONDON","B","http://landregistry.data.gov.uk/data/ppi/transaction/045A1899-4491-9A24-E063-4804A8C048EA/current"
"1C3E72FD-C842-F410-E063-4804A8C0DFA6","1385000","2023-03-06","EC3A 7AB","F","Y","L","APARTMENT 2801","80","HOUNDSDITCH","","LONDON","CITY OF LONDON","GREATER LONDON","A","http://landregistry.data.gov.uk/data/ppi/transaction/1C3E72FD-C842-F410-E063-4804A8C0DFA6/current"
"FD226035-7B69-4CB7-E053-4804A8C00430","1250850","2021-11-26","EC3A 7AB","F","Y","L","APARTMENT 2802","80","HOUNDSDITCH","","LONDON","CITY OF LONDON","GREATER LONDON","A","http://landregistry.data.gov.uk/data/ppi/transaction/FD226035-7B69-4CB7-E053-4804A8C00430/current"
"FD226035-7B6F-4CB7-E053-4804A8C00430","1396500","2021-11-15","EC3A 7AB","F","Y","L","APARTMENT 2804","80","HOUNDSDITCH","","LONDON","CITY OF LONDON","GREATER LONDON","A","http://landregistry.data.gov.uk/data/ppi/transaction/FD226035-7B6F-4CB7-E053-4804A8C00430/current"
"F3B6C199-1E18-6E40-E053-6C04A8C0B3B4","2132400","2021-12-24","EC3A 7AB","F","Y","L","APARTMENT 2810","80","HOUNDSDITCH","","LONDON","CITY OF LONDON","GREATER LONDON","B","http://landregistry.data.gov.uk/data/ppi/transaction/F3B6C199-1E18-6E40-E053-6C04A8C0B3B4/current"
"1775CCF6-DCB5-38BA-E063-4704A8C05A7C","1300800","2023-07-27","EC3A 7AB","F","Y","L","APARTMENT 2902","80","HOUNDSDITCH","","LONDON","CITY OF LONDON","GREATER LONDON","A","http://landregistry.data.gov.uk/data/ppi/transaction/1775CCF6-DCB5-38BA-E063-4704A8C05A7C/current"
"1775CCF6-DC80-38BA-E063-4704A8C05A7C","1420800","2023-06-06","EC3A 7AB","F","Y","L","APARTMENT 2904","80","HOUNDSDITCH","","LONDON","CITY OF LONDON","GREATER LONDON","A","http://landregistry.data.gov.uk/data/ppi/transaction/1775CCF6-DC80-38BA-E063-4704A8C05A7C/current"
"31C68071-B1FE-FEE3-E063-4804A8C04F37","2130000","2024-05-01","EC3A 7AB","F","Y","L","APARTMENT 2905","80","HOUNDSDITCH","","LONDON","CITY OF LONDON","GREATER LONDON","A","http://landregistry.data.gov.uk/data/ppi/transaction/31C68071-B1FE-FEE3-E063-4804A8C04F37/current"
"FD226035-7B74-4CB7-E053-4804A8C00430","1144600","2021-11-25","EC3A 7AB","F","Y","L","APARTMENT 2907","80","HOUNDSDITCH","","LONDON","CITY OF LONDON","GREATER LONDON","A","http://landregistry.data.gov.uk/data/ppi/transaction/FD226035-7B74-4CB7-E053-4804A8C00430/current"
"045A1898-44A2-9A24-E063-4804A8C048EA","2000000","2022-04-08","EC3A 7AB","F","Y","L","APARTMENT 2908","80","HOUNDSDITCH","","LONDON","CITY OF LONDON","GREATER LONDON","A","http://landregistry.data.gov.uk/data/ppi/transaction/045A1898-44A2-9A24-E063-4804A8C048EA/current"
"49E87C31-87C2-591C-E063-4704A8C00C31","1320000","2025-03-13","EC3A 7AB","F","Y","L","APARTMENT 3001","80","HOUNDSDITCH","","LONDON","CITY OF LONDON","GREATER LONDON","A","http://landregistry.data.gov.uk/data/ppi/transaction/49E87C31-87C2-591C-E063-4704A8C00C31/current"
"F87E72F8-8CDC-176C-E053-6B04A8C0D2BE","1445300","2022-07-04","EC3A 7AB","F","Y","L","APARTMENT 3004","80","HOUNDSDITCH","","LONDON","CITY OF LONDON","GREATER LONDON","A","http://landregistry.data.gov.uk/data/ppi/transaction/F87E72F8-8CDC-176C-E053-6B04A8C0D2BE/current"
"3DCCB7C9-9557-5B9D-E063-4704A8C0331E","2123000","2024-03-28","EC3A 7AB","F","Y","L","APARTMENT 3005","80","HOUNDSDITCH","","LONDON","CITY OF LONDON","GREATER LONDON","A","http://landregistry.data.gov.uk/data/ppi/transaction/3DCCB7C9-9557-5B9D-E063-4704A8C0331E/current"
"01EB45EF-675E-40F3-E063-4704A8C05FDE","1142400","2021-12-06","EC3A 7AB","F","Y","L","APARTMENT 3007","80","HOUNDSDITCH","","LONDON","CITY OF LONDON","GREATER LONDON","A","http://landregistry.data.gov.uk/data/ppi/transaction/01EB45EF-675E-40F3-E063-4704A8C05FDE/current"
"42C129E4-2A32-60A9-E063-4804A8C0C25D","1918200","2024-12-11","EC3A 7AB","F","Y","L","APARTMENT 3009","80","HOUNDSDITCH","","LONDON","CITY OF LONDON","GREATER LONDON","A","http://landregistry.data.gov.uk/data/ppi/transaction/42C129E4-2A32-60A9-E063-4804A8C0C25D/current"
"4C1B673E-CF64-D8EA-E063-4704A8C0BF7D","2024750","2025-04-08","EC3A 7AB","F","Y","L","APARTMENT 3106","80","HOUNDSDITCH","","LONDON","CITY OF LONDON","GREATER LONDON","A","http://landregistry.data.gov.uk/data/ppi/transaction/4C1B673E-CF64-D8EA-E063-4704A8C0BF7D/current"
"045A1898-44CC-9A24-E063-4804A8C048EA","1158000","2022-02-08","EC3A 7AB","F","Y","L","APARTMENT 3107","80","HOUNDSDITCH","","LONDON","CITY OF LONDON","GREATER LONDON","A","http://landregistry.data.gov.uk/data/ppi/transaction/045A1898-44CC-9A24-E063-4804A8C048EA/current"
"FFA361DB-6BAE-8A03-E053-4804A8C01F61","2024000","2022-06-21","EC3A 7AB","F","Y","L","APARTMENT 3108","80","HOUNDSDITCH","","LONDON","CITY OF LONDON","GREATER LONDON","B","http://landregistry.data.gov.uk/data/ppi/transaction/FFA361DB-6BAE-8A03-E053-4804A8C01F61/current"
"FD226036-7AEF-4CB7-E053-4804A8C00430","1353000","2021-12-03","EC3A 7AB","F","Y","L","APARTMENT 3203","80","HOUNDSDITCH","","LONDON","CITY OF LONDON","GREATER LONDON","B","http://landregistry.data.gov.uk/data/ppi/transaction/FD226036-7AEF-4CB7-E053-4804A8C00430/current"
"045A1898-44B8-9A24-E063-4804A8C048EA","1510000","2022-05-12","EC3A 7AB","F","Y","L","APARTMENT 3204","80","HOUNDSDITCH","","LONDON","CITY OF LONDON","GREATER LONDON","A","http://landregistry.data.gov.uk/data/ppi/transaction/045A1898-44B8-9A24-E063-4804A8C048EA/current"
"1C3E72FD-C85A-F410-E063-4804A8C0DFA6","1160000","2023-05-05","EC3A 7AB","F","Y","L","APARTMENT 3207","80","HOUNDSDITCH","","LONDON","CITY OF LONDON","GREATER LONDON","A","http://landregistry.data.gov.uk/data/ppi/transaction/1C3E72FD-C85A-F410-E063-4804A8C0DFA6/current"
"045A1898-44B5-9A24-E063-4804A8C048EA","2031300","2022-03-24","EC3A 7AB","F","Y","L","APARTMENT 3208","80","HOUNDSDITCH","","LONDON","CITY OF LONDON","GREATER LONDON","A","http://landregistry.data.gov.uk/data/ppi/transaction/045A1898-44B5-9A24-E063-4804A8C048EA/current"
"1A0C5C63-052B-7CBE-E063-4804A8C06C96","1334800","2023-04-04","EC3A 7AB","F","Y","L","APARTMENT 3303","80","HOUNDSDITCH","","LONDON","CITY OF LONDON","GREATER LONDON","A","http://landregistry.data.gov.uk/data/ppi/transaction/1A0C5C63-052B-7CBE-E063-4804A8C06C96/current"
"FD226036-7AF0-4CB7-E053-4804A8C00430","1489600","2021-12-02","EC3A 7AB","F","Y","L","APARTMENT 3304","80","HOUNDSDITCH","","LONDON","CITY OF LONDON","GREATER LONDON","B","http://landregistry.data.gov.uk/data/ppi/transaction/FD226036-7AF0-4CB7-E053-4804A8C00430/current"
"2D4D7608-937E-BDF9-E063-4804A8C0672F","2200000","2024-03-27","EC3A 7AB","F","Y","L","APARTMENT 3305","80","HOUNDSDITCH","","LONDON","CITY OF LONDON","GREATER LONDON","A","http://landregistry.data.gov.uk/data/ppi/transaction/2D4D7608-937E-BDF9-E063-4804A8C0672F/current"
"2D4D7608-9361-BDF9-E063-4804A8C0672F","2070000","2024-03-19","EC3A 7AB","F","Y","L","APARTMENT 3306","80","HOUNDSDITCH","","LONDON","CITY OF LONDON","GREATER LONDON","A","http://landregistry.data.gov.uk/data/ppi/transaction/2D4D7608-9361-BDF9-E063-4804A8C0672F/current"
"01EB45EF-6777-40F3-E063-4704A8C05FDE","1171200","2021-12-07","EC3A 7AB","F","Y","L","APARTMENT 3307","80","HOUNDSDITCH","","LONDON","CITY OF LONDON","GREATER LONDON","A","http://landregistry.data.gov.uk/data/ppi/transaction/01EB45EF-6777-40F3-E063-4704A8C05FDE/current"
"2131FCF5-AB1D-86E8-E063-4804A8C0372B","2085800","2023-08-30","EC3A 7AB","F","Y","L","APARTMENT 3308","80","HOUNDSDITCH","","LONDON","CITY OF LONDON","GREATER LONDON","A","http://landregistry.data.gov.uk/data/ppi/transaction/2131FCF5-AB1D-86E8-E063-4804A8C0372B/current"
"1A0C5C63-0406-7CBE-E063-4804A8C06C96","4275000","2022-12-01","EC3A 7AB","F","Y","L","APARTMENT 3403","80","HOUNDSDITCH","","LONDON","CITY OF LONDON","GREATER LONDON","A","http://landregistry.data.gov.uk/data/ppi/transaction/1A0C5C63-0406-7CBE-E063-4804A8C06C96/current"
"FD226035-7B75-4CB7-E053-4804A8C00430","3318000","2021-12-16","EC3A 7AB","F","Y","L","APARTMENT 3501","80","HOUNDSDITCH","","LONDON","CITY OF LONDON","GREATER LONDON","A","http://landregistry.data.gov.uk/data/ppi/transaction/FD226035-7B75-4CB7-E053-4804A8C00430/current"
"01EB45EF-6764-40F3-E063-4704A8C05FDE","1757500","2021-12-15","EC3A 7AB","F","Y","L","APARTMENT 3503","80","HOUNDSDITCH","","LONDON","CITY OF LONDON","GREATER LONDON","A","http://landregistry.data.gov.uk/data/ppi/transaction/01EB45EF-6764-40F3-E063-4704A8C05FDE/current"
"FFA361DA-80AE-8A03-E053-4804A8C01F61","2852000","2023-03-10","EC3A 7AB","F","Y","L","APARTMENT 3504","80","HOUNDSDITCH","","LONDON","CITY OF LONDON","GREATER LONDON","A","http://landregistry.data.gov.uk/data/ppi/transaction/FFA361DA-80AE-8A03-E053-4804A8C01F61/current"
"FD226035-7B6B-4CB7-E053-4804A8C00430","3388888","2021-11-25","EC3A 7AB","F","Y","L","APARTMENT 3601","80","HOUNDSDITCH","","LONDON","CITY OF LONDON","GREATER LONDON","A","http://landregistry.data.gov.uk/data/ppi/transaction/FD226035-7B6B-4CB7-E053-4804A8C00430/current"
"2D4D7608-9235-BDF9-E063-4804A8C0672F","2226400","2023-10-18","EC3A 7AB","F","Y","L","APARTMENT 3602","80","HOUNDSDITCH","","LONDON","CITY OF LONDON","GREATER LONDON","A","http://landregistry.data.gov.uk/data/ppi/transaction/2D4D7608-9235-BDF9-E063-4804A8C0672F/current"
"FD226036-7B58-4CB7-E053-4804A8C00430","1776000","2022-08-18","EC3A 7AB","F","Y","L","APARTMENT 3603","80","HOUNDSDITCH","","LONDON","CITY OF LONDON","GREATER LONDON","B","http://landregistry.data.gov.uk/data/ppi/transaction/FD226036-7B58-4CB7-E053-4804A8C00430/current"
"38EDC0C2-9631-0F63-E063-4704A8C00424","2800000","2025-05-23","EC3A 7AB","F","N","L","APARTMENT 3604","80","HOUNDSDITCH","","LONDON","CITY OF LONDON","GREATER LONDON","A","http://landregistry.data.gov.uk/data/ppi/transaction/38EDC0C2-9631-0F63-E063-4704A8C00424/current"
"045A1898-4570-9A24-E063-4804A8C048EA","2870400","2022-09-02","EC3A 7AB","F","Y","L","APARTMENT 3604","80","HOUNDSDITCH","","LONDON","CITY OF LONDON","GREATER LONDON","A","http://landregistry.data.gov.uk/data/ppi/transaction/045A1898-4570-9A24-E063-4804A8C048EA/current"
"5340B1C5-17DA-8052-E063-4804A8C06EE4","1805000","2025-06-02","EC3A 7AB","F","Y","L","APARTMENT 3703","80","HOUNDSDITCH","","LONDON","CITY OF LONDON","GREATER LONDON","A","http://landregistry.data.gov.uk/data/ppi/transaction/5340B1C5-17DA-8052-E063-4804A8C06EE4/current"
"1C3E72FD-C8A1-F410-E063-4804A8C0DFA6","2957400","2023-06-09","EC3A 7AB","F","Y","L","APARTMENT 3704","80","HOUNDSDITCH","","LONDON","CITY OF LONDON","GREATER LONDON","A","http://landregistry.data.gov.uk/data/ppi/transaction/1C3E72FD-C8A1-F410-E063-4804A8C0DFA6/current"
"045A1898-44EB-9A24-E063-4804A8C048EA","3879000","2022-07-21","EC3A 7AB","F","Y","L","APARTMENT 3803","80","HOUNDSDITCH","","LONDON","CITY OF LONDON","GREATER LONDON","A","http://landregistry.data.gov.uk/data/ppi/transaction/045A1898-44EB-9A24-E063-4804A8C048EA/current"
"045A1898-4578-9A24-E063-4804A8C048EA","3600000","2022-10-20","EC3A 7AB","F","Y","L","APARTMENT 3901","80","HOUNDSDITCH","","LONDON","CITY OF LONDON","GREATER LONDON","A","http://landregistry.data.gov.uk/data/ppi/transaction/045A1898-4578-9A24-E063-4804A8C048EA/current"
"045A1898-44AF-9A24-E063-4804A8C048EA","3915000","2022-04-29","EC3A 7AB","F","Y","L","APARTMENT 3903","80","HOUNDSDITCH","","LONDON","CITY OF LONDON","GREATER LONDON","A","http://landregistry.data.gov.uk/data/ppi/transaction/045A1898-44AF-9A24-E063-4804A8C048EA/current"
"2D4D7608-9356-BDF9-E063-4804A8C0672F","3600000","2024-03-01","EC3A 7AB","F","Y","L","APARTMENT 4001","80","HOUNDSDITCH","","LONDON","CITY OF LONDON","GREATER LONDON","A","http://landregistry.data.gov.uk/data/ppi/transaction/2D4D7608-9356-BDF9-E063-4804A8C0672F/current"
"5340B1C5-1742-8052-E063-4804A8C06EE4","2950000","2025-08-29","EC3A 7AB","F","N","L","APARTMENT 4003","80","HOUNDSDITCH","","LONDON","CITY OF LONDON","GREATER LONDON","A","http://landregistry.data.gov.uk/data/ppi/transaction/5340B1C5-1742-8052-E063-4804A8C06EE4/current"
"FFA361DB-6B86-8A03-E053-4804A8C01F61","3951000","2021-12-17","EC3A 7AB","F","Y","L","APARTMENT 4003","80","HOUNDSDITCH","","LONDON","CITY OF LONDON","GREATER LONDON","B","http://landregistry.data.gov.uk/data/ppi/transaction/FFA361DB-6B86-8A03-E053-4804A8C01F61/current"
"FD226035-7B64-4CB7-E053-4804A8C00430","3630000","2021-11-15","EC3A 7AB","F","Y","L","APARTMENT 4101","80","HOUNDSDITCH","","LONDON","CITY OF LONDON","GREATER LONDON","A","http://landregistry.data.gov.uk/data/ppi/transaction/FD226035-7B64-4CB7-E053-4804A8C00430/current"
"F3B6C197-ABC1-6E40-E053-6C04A8C0B3B4","3900000","2021-11-17","EC3A 7AB","F","Y","L","APARTMENT 4103","80","HOUNDSDITCH","","LONDON","CITY OF LONDON","GREATER LONDON","A","http://landregistry.data.gov.uk/data/ppi/transaction/F3B6C197-ABC1-6E40-E053-6C04A8C0B3B4/current"
"AE4D86D4-9971-4619-E053-6C04A8C03CD0","145000000","2019-10-30","EC3A 7AB","O","N","L","","80","HOUNDSDITCH","","LONDON","CITY OF LONDON","GREATER LONDON","B","http://landregistry.data.gov.uk/data/ppi/transaction/AE4D86D4-9971-4619-E053-6C04A8C03CD0/current"
"A96E4ACC-C8FE-9205-E053-6C04A8C0DA09","32656","2020-04-06","EC3A 7BA","O","N","L","SEVENTH FLOOR","6","BEVIS MARKS","","LONDON","CITY OF LONDON","GREATER LONDON","B","http://landregistry.data.gov.uk/data/ppi/transaction/A96E4ACC-C8FE-9205-E053-6C04A8C0DA09/current"
"79A74E22-7CEA-1289-E053-6B04A8C01627","232096","2018-10-05","EC3A 7BA","O","N","L","SEVENTH FLOOR PREMISES","6","BEVIS MARKS","","LONDON","CITY OF LONDON","GREATER LONDON","B","http://landregistry.data.gov.uk/data/ppi/transaction/79A74E22-7CEA-1289-E053-6B04A8C01627/current"
"773788C3-95E2-2CE4-E053-6C04A8C05E57","141063596","2018-06-02","EC3A 7BD","O","N","F","","104","HOUNDSDITCH","","LONDON","CITY OF LONDON","GREATER LONDON","B","http://landregistry.data.gov.uk/data/ppi/transaction/773788C3-95E2-2CE4-E053-6C04A8C05E57/current"
"5F54B81E-0E76-2B45-E053-6B04A8C01FB0","10000","2017-11-02","EC3A 7DB","O","N","L","","18 - 22","HOUNDSDITCH","","LONDON","CITY OF LONDON","GREATER LONDON","B","http://landregistry.data.gov.uk/data/ppi/transaction/5F54B81E-0E76-2B45-E053-6B04A8C01FB0/current"
"404A5AF4-686A-CD2B-E050-A8C063055C7B","15400000","2016-09-16","EC3A 7DB","O","N","L","","CREECHURCH HOUSE, 28 - 30","HOUNDSDITCH","","LONDON","CITY OF LONDON","GREATER LONDON","B","http://landregistry.data.gov.uk/data/ppi/transaction/404A5AF4-686A-CD2B-E050-A8C063055C7B/current"
"4E75C29D-F961-8922-E063-4804A8C094D0","5500000","2025-06-27","EC3A 7DB","O","N","L","","37","HOUNDSDITCH","","LONDON","CITY OF LONDON","GREATER LONDON","B","http://landregistry.data.gov.uk/data/ppi/transaction/4E75C29D-F961-8922-E063-4804A8C094D0/current"
"919FEC06-0D0B-9A90-E053-6C04A8C0A300","20000","2019-07-12","EC3A 7JA","O","N","L","","19","BEVIS MARKS","","LONDON","CITY OF LONDON","GREATER LONDON","B","http://landregistry.data.gov.uk/data/ppi/transaction/919FEC06-0D0B-9A90-E053-6C04A8C0A300/current"
"79A74E22-7CF0-1289-E053-6B04A8C01627","125000","2018-09-10","EC3A 7JB","O","N","L","","O'NEILLS PUBLIC HOUSE","HOUNDSDITCH","","LONDON","CITY OF LONDON","GREATER LONDON","B","http://landregistry.data.gov.uk/data/ppi/transaction/79A74E22-7CF0-1289-E053-6B04A8C01627/current"
"2859C1AC-D636-52B4-E063-4804A8C05948","4050000","2023-11-10","EC3A 7LH","O","N","L","","10","BEVIS MARKS","","LONDON","CITY OF LONDON","GREATER LONDON","B","http://landregistry.data.gov.uk/data/ppi/transaction/2859C1AC-D636-52B4-E063-4804A8C05948/current"
"EC7AD09A-AAD7-9200-E053-6C04A8C0E306","16000000","2022-09-02","EC3A 7LQ","O","N","L","","IRONGATE HOUSE, 22 - 30","DUKES PLACE","","LONDON","CITY OF LONDON","GREATER LONDON","B","http://landregistry.data.gov.uk/data/ppi/transaction/EC7AD09A-AAD7-9200-E053-6C04A8C0E306/current"
"9B361207-1278-1904-E053-6B04A8C0EEB5","1890957","2019-11-11","EC3A 8EP","O","N","L","GROUND FLOOR UNIT 2","30","ST MARY AXE","","LONDON","CITY OF LONDON","GREATER LONDON","B","http://landregistry.data.gov.uk/data/ppi/transaction/9B361207-1278-1904-E053-6B04A8C0EEB5/current"
"87E1551E-EAC1-6405-E053-6C04A8C0B2EE","1328043","2019-04-08","EC3A 8EX","O","N","L","GROUND FLOOR PREMISES","THE BALTIC EXCHANGE, 38","ST MARY AXE","","LONDON","CITY OF LONDON","GREATER LONDON","B","http://landregistry.data.gov.uk/data/ppi/transaction/87E1551E-EAC1-6405-E053-6C04A8C0B2EE/current"
"A71375FD-FD9F-7576-E053-6C04A8C0462F","6190000","2019-07-05","EC3M 1AA","O","N","L","","2A","EASTCHEAP","","LONDON","CITY OF LONDON","GREATER LONDON","B","http://landregistry.data.gov.uk/data/ppi/transaction/A71375FD-FD9F-7576-E053-6C04A8C0462F/current"
"36A61A95-4FE9-DEF2-E063-4704A8C046AE","2000000","2024-10-17","EC3M 1AE","O","N","F","","2","EASTCHEAP","","LONDON","CITY OF LONDON","GREATER LONDON","B","http://landregistry.data.gov.uk/data/ppi/transaction/36A61A95-4FE9-DEF2-E063-4704A8C046AE/current"
"6B32222D-00F7-01F1-E053-6C04A8C0D2C8","15465000","2018-03-15","EC3M 1AE","O","N","L","","2","EASTCHEAP","","LONDON","CITY OF LONDON","GREATER LONDON","B","http://landregistry.data.gov.uk/data/ppi/transaction/6B32222D-00F7-01F1-E053-6C04A8C0D2C8/current"
"404A5AF4-634F-CD2B-E050-A8C063055C7B","25598350","2016-09-29","EC3M 1AJ","O","N","F","","12","EASTCHEAP","","LONDON","CITY OF LONDON","GREATER LONDON","B","http://landregistry.data.gov.uk/data/ppi/transaction/404A5AF4-634F-CD2B-E050-A8C063055C7B/current"
"E7B085FD-4033-7E31-E053-6C04A8C0E67F","1225000","2022-08-12","EC3M 1BN","F","N","L","BASEMENT AND GROUND FLOOR PREMISES","11","EASTCHEAP","","LONDON","CITY OF LONDON","GREATER LONDON","B","http://landregistry.data.gov.uk/data/ppi/transaction/E7B085FD-4033-7E31-E053-6C04A8C0E67F/current"
"49E87C32-B72D-591C-E063-4704A8C00C31","106052","2025-01-09","EC3M 1BU","O","N","L","SECOND FLOOR","13 - 21","EASTCHEAP","","LONDON","CITY OF LONDON","GREATER LONDON","B","http://landregistry.data.gov.uk/data/ppi/transaction/49E87C32-B72D-591C-E063-4704A8C00C31/current"
"4E75C29D-FC0D-8922-E063-4804A8C094D0","144000","2025-04-25","EC3M 1BU","O","N","L","","UNIT B, 17","EASTCHEAP","","LONDON","CITY OF LONDON","GREATER LONDON","B","http://landregistry.data.gov.uk/data/ppi/transaction/4E75C29D-FC0D-8922-E063-4804A8C094D0/current"
"4E75C29E-2F3D-8922-E063-4804A8C094D0","18360775","2024-12-11","EC3M 1DT","O","N","F","","41","EASTCHEAP","","LONDON","CITY OF LONDON","GREATER LONDON","B","http://landregistry.data.gov.uk/data/ppi/transaction/4E75C29E-2F3D-8922-E063-4804A8C094D0/current"
"42C129E5-8974-60A9-E063-4804A8C0C25D","44872306","2025-07-14","EC3M 1DT","O","N","F","","51","EASTCHEAP","","LONDON","CITY OF LONDON","GREATER LONDON","B","http://landregistry.data.gov.uk/data/ppi/transaction/42C129E5-8974-60A9-E063-4804A8C0C25D/current"
"9FF0D96A-682E-11ED-E053-6C04A8C06383","50000","2019-06-14","EC3M 1EB","O","N","L","UNIT 30","PEEK HOUSE, 20","EASTCHEAP","","LONDON","CITY OF LONDON","GREATER LONDON","B","http://landregistry.data.gov.uk/data/ppi/transaction/9FF0D96A-682E-11ED-E053-6C04A8C06383/current"
"47844C80-BBE7-8986-E050-A8C063056488","23500000","2016-12-22","EC3M 1HD","O","N","F","","30 - 40","EASTCHEAP","","LONDON","CITY OF LONDON","GREATER LONDON","B","http://landregistry.data.gov.uk/data/ppi/transaction/47844C80-BBE7-8986-E050-A8C063056488/current"
"5A9D8B56-17C5-68EB-E053-6B04A8C0D293","47000000","2017-07-28","EC3M 1JP","O","N","F","","UNITED DOMINIONS HOUSE, 51","EASTCHEAP","","LONDON","CITY OF LONDON","GREATER LONDON","B","http://landregistry.data.gov.uk/data/ppi/transaction/5A9D8B56-17C5-68EB-E053-6B04A8C0D293/current"
"2859C1AC-D630-52B4-E063-4804A8C05948","1150000","2024-04-11","EC3M 3AZ","O","N","L","FLOOR 15","20","FENCHURCH STREET","","LONDON","CITY OF LONDON","GREATER LONDON","B","http://landregistry.data.gov.uk/data/ppi/transaction/2859C1AC-D630-52B4-E063-4804A8C05948/current"
"0E082197-6094-5C09-E063-4704A8C0A10E","800000","2022-10-14","EC3M 3AZ","O","N","L","FLOOR 15","20","FENCHURCH STREET","","LONDON","CITY OF LONDON","GREATER LONDON","B","http://landregistry.data.gov.uk/data/ppi/transaction/0E082197-6094-5C09-E063-4704A8C0A10E/current"
"B32EBB14-1C28-3C99-E053-6C04A8C09CA1","1450795","2020-09-07","EC3M 3AZ","O","N","L","FLOOR 30","20","FENCHURCH STREET","","LONDON","CITY OF LONDON","GREATER LONDON","B","http://landregistry.data.gov.uk/data/ppi/transaction/B32EBB14-1C28-3C99-E053-6C04A8C09CA1/current"
"B32EBB14-1C2C-3C99-E053-6C04A8C09CA1","1450795","2020-09-07","EC3M 3AZ","O","N","L","FLOOR 30","20","FENCHURCH STREET","","LONDON","CITY OF LONDON","GREATER LONDON","B","http://landregistry.data.gov.uk/data/ppi/transaction/B32EBB14-1C2C-3C99-E053-6C04A8C09CA1/current"
"8F1B26BE-7D52-53DB-E053-6C04A8C03649","40000","2019-05-08","EC3M 3BD","O","N","L","RETAIL UNIT 10","PLANTATION PLACE, 30","FENCHURCH STREET","","LONDON","CITY OF LONDON","GREATER LONDON","B","http://landregistry.data.gov.uk/data/ppi/transaction/8F1B26BE-7D52-53DB-E053-6C04A8C03649/current"
"237B17FE-C10C-22AC-E063-4804A8C0EA3A","4028126","2024-05-24","EC3M 3BD","O","N","L","LEVEL 9 WEST","30","FENCHURCH STREET","","LONDON","CITY OF LONDON","GREATER LONDON","B","http://landregistry.data.gov.uk/data/ppi/transaction/237B17FE-C10C-22AC-E063-4804A8C0EA3A/current"
"42A5A70A-2578-56E8-E050-A8C06205331E","78972407","2016-11-24","EC3M 3BE","O","N","F","","6 - 8","FENCHURCH STREET","","LONDON","CITY OF LONDON","GREATER LONDON","B","http://landregistry.data.gov.uk/data/ppi/transaction/42A5A70A-2578-56E8-E050-A8C06205331E/current"
"FFA361DB-6BAB-8A03-E053-4804A8C01F61","2499541","2022-06-20","EC3M 3JY","O","N","F","","50","FENCHURCH STREET","","LONDON","CITY OF LONDON","GREATER LONDON","B","http://landregistry.data.gov.uk/data/ppi/transaction/FFA361DB-6BAB-8A03-E053-4804A8C01F61/current"
"FFA361DB-6BAC-8A03-E053-4804A8C01F61","304449","2022-06-20","EC3M 3JY","O","N","L","","50","FENCHURCH STREET","","LONDON","CITY OF LONDON","GREATER LONDON","B","http://landregistry.data.gov.uk/data/ppi/transaction/FFA361DB-6BAC-8A03-E053-4804A8C01F61/current"
"A2479555-C461-74C7-E053-6B04A8C0887D","496650","2020-01-10","EC3M 4AF","O","N","L","","65","FENCHURCH STREET","","LONDON","CITY OF LONDON","GREATER LONDON","B","http://landregistry.data.gov.uk/data/ppi/transaction/A2479555-C461-74C7-E053-6B04A8C0887D/current"
"8CAC1318-F327-0253-E053-6B04A8C08E51","5075000","2019-06-07","EC3M 4BR","O","N","F","","67","FENCHURCH STREET","","LONDON","CITY OF LONDON","GREATER LONDON","B","http://landregistry.data.gov.uk/data/ppi/transaction/8CAC1318-F327-0253-E053-6B04A8C08E51/current"
"49B7852A-C1FF-7921-E050-A8C063056E8D","294462","2016-11-02","EC3M 4BR","O","N","L","NINTH FLOOR","71","FENCHURCH STREET","","LONDON","CITY OF LONDON","GREATER LONDON","B","http://landregistry.data.gov.uk/data/ppi/transaction/49B7852A-C1FF-7921-E050-A8C063056E8D/current"
"965B6D92-34BA-95E4-E053-6C04A8C07729","2265363","2019-03-22","EC3M 4BR","O","N","L","","72","FENCHURCH STREET","","LONDON","CITY OF LONDON","GREATER LONDON","B","http://landregistry.data.gov.uk/data/ppi/transaction/965B6D92-34BA-95E4-E053-6C04A8C07729/current"
"5376B386-3C5B-34C1-E053-6B04A8C09FF6","37500","2017-05-19","EC3M 4BY","O","N","L","","90A","FENCHURCH STREET","","LONDON","CITY OF LONDON","GREATER LONDON","B","http://landregistry.data.gov.uk/data/ppi/transaction/5376B386-3C5B-34C1-E053-6B04A8C09FF6/current"
"EED73E76-7E5A-6AF3-E053-6C04A8C08ABA","3492195","2022-03-03","EC3M 5AF","O","N","L","","FLOOR 1, 1","FEN COURT","","LONDON","CITY OF LONDON","GREATER LONDON","B","http://landregistry.data.gov.uk/data/ppi/transaction/EED73E76-7E5A-6AF3-E053-6C04A8C08ABA/current"
"AE4D86D4-9912-4619-E053-6C04A8C03CD0","24188863","2019-10-21","EC3M 5BN","O","N","L","FLOORS 10 TO 13","10","FENCHURCH AVENUE","","LONDON","CITY OF LONDON","GREATER LONDON","B","http://landregistry.data.gov.uk/data/ppi/transaction/AE4D86D4-9912-4619-E053-6C04A8C03CD0/current"
"AE4D86D4-9915-4619-E053-6C04A8C03CD0","24188863","2019-10-21","EC3M 5BN","O","N","L","FLOORS 10 TO 13","10","FENCHURCH AVENUE","","LONDON","CITY OF LONDON","GREATER LONDON","B","http://landregistry.data.gov.uk/data/ppi/transaction/AE4D86D4-9915-4619-E053-6C04A8C03CD0/current"
"2131FCF6-BF17-86E8-E063-4804A8C0372B","2229052","2023-02-27","EC3M 5BN","O","N","L","FLOORS 3 TO 6","10","FENCHURCH AVENUE","","LONDON","CITY OF LONDON","GREATER LONDON","B","http://landregistry.data.gov.uk/data/ppi/transaction/2131FCF6-BF17-86E8-E063-4804A8C0372B/current"
"9DBAD222-A943-6EB3-E053-6B04A8C0F257","73500000","2019-12-19","EC3M 5BS","O","N","L","","4","FENCHURCH AVENUE","","LONDON","CITY OF LONDON","GREATER LONDON","B","http://landregistry.data.gov.uk/data/ppi/transaction/9DBAD222-A943-6EB3-E053-6B04A8C0F257/current"
"5376B386-3BE8-34C1-E053-6B04A8C09FF6","5860000","2017-05-25","EC3M 6BB","O","N","F","","150","FENCHURCH STREET","","LONDON","CITY OF LONDON","GREATER LONDON","B","http://landregistry.data.gov.uk/data/ppi/transaction/5376B386-3BE8-34C1-E053-6B04A8C09FF6/current"
"5376B386-3BDD-34C1-E053-6B04A8C09FF6","5860000","2017-05-25","EC3M 6BB","O","N","F","","152","FENCHURCH STREET","","LONDON","CITY OF LONDON","GREATER LONDON","B","http://landregistry.data.gov.uk/data/ppi/transaction/5376B386-3BDD-34C1-E053-6B04A8C09FF6/current"
"5376B386-519B-34C1-E053-6B04A8C09FF6","3575000","2017-05-19","EC3M 6BB","O","N","F","","153","FENCHURCH STREET","","LONDON","CITY OF LONDON","GREATER LONDON","B","http://landregistry.data.gov.uk/data/ppi/transaction/5376B386-519B-34C1-E053-6B04A8C09FF6/current"
"49B7852A-C179-7921-E050-A8C063056E8D","248806","2016-08-26","EC3M 6BL","O","N","L","FIFTH FLOOR","140","FENCHURCH STREET","","LONDON","CITY OF LONDON","GREATER LONDON","B","http://landregistry.data.gov.uk/data/ppi/transaction/49B7852A-C179-7921-E050-A8C063056E8D/current"
"09266DDC-6771-AF90-E063-4704A8C02087","750000","2022-12-13","EC3M 6BL","O","N","L","","141 - 142","FENCHURCH STREET","","LONDON","CITY OF LONDON","GREATER LONDON","B","http://landregistry.data.gov.uk/data/ppi/transaction/09266DDC-6771-AF90-E063-4704A8C02087/current"
"3E0330F0-AAC4-8D89-E050-A8C062052140","25000","2016-08-25","EC3M 6BL","O","N","L","","145","FENCHURCH STREET","","LONDON","CITY OF LONDON","GREATER LONDON","B","http://landregistry.data.gov.uk/data/ppi/transaction/3E0330F0-AAC4-8D89-E050-A8C062052140/current"
"EA3278AA-F040-2676-E053-6B04A8C015F8","291000","2022-03-29","EC3M 6DE","O","N","F","","168","FENCHURCH STREET","","LONDON","CITY OF LONDON","GREATER LONDON","B","http://landregistry.data.gov.uk/data/ppi/transaction/EA3278AA-F040-2676-E053-6B04A8C015F8/current"
"5F54B81E-2C91-2B45-E053-6B04A8C01FB0","270798594","2017-10-12","EC3M 6DE","O","N","F","","168","FENCHURCH STREET","","LONDON","CITY OF LONDON","GREATER LONDON","B","http://landregistry.data.gov.uk/data/ppi/transaction/5F54B81E-2C91-2B45-E053-6B04A8C01FB0/current"
"44F406B7-20D7-1095-E063-4704A8C048D4","430000","2023-06-15","EC3M 7AW","O","N","L","FOURTH FLOOR PREMISES","40","LIME STREET","","LONDON","CITY OF LONDON","GREATER LONDON","B","http://landregistry.data.gov.uk/data/ppi/transaction/44F406B7-20D7-1095-E063-4704A8C048D4/current"
"237B17FE-DB56-22AC-E063-4804A8C0EA3A","4450000","2024-05-31","EC3M 7HR","O","N","F","","25 - 26","LIME STREET","","LONDON","CITY OF LONDON","GREATER LONDON","B","http://landregistry.data.gov.uk/data/ppi/transaction/237B17FE-DB56-22AC-E063-4804A8C0EA3A/current"
"A96E4ACC-E483-9205-E053-6C04A8C0DA09","9800000","2020-05-06","EC3M 7HR","O","N","L","","27","LIME STREET","","LONDON","CITY OF LONDON","GREATER LONDON","B","http://landregistry.data.gov.uk/data/ppi/transaction/A96E4ACC-E483-9205-E053-6C04A8C0DA09/current"
"50D10B84-A378-B8D0-E063-4704A8C08D98","12400000","2025-03-07","EC3M 7HT","O","N","F","","VAKIFBANK HOUSE, 31 - 33","LIME STREET","","LONDON","CITY OF LONDON","GREATER LONDON","B","http://landregistry.data.gov.uk/data/ppi/transaction/50D10B84-A378-B8D0-E063-4704A8C08D98/current"
"9FF0D96A-680E-11ED-E053-6C04A8C06383","20000","2020-01-13","EC3M 8AA","O","N","L","","9","PHILPOT LANE","","LONDON","CITY OF LONDON","GREATER LONDON","B","http://landregistry.data.gov.uk/data/ppi/transaction/9FF0D96A-680E-11ED-E053-6C04A8C06383/current"
"453D27A3-CE9B-EF91-E050-A8C0630574D7","156000","2016-08-10","EC3M 8AN","O","N","L","","5","PHILPOT LANE","","LONDON","CITY OF LONDON","GREATER LONDON","B","http://landregistry.data.gov.uk/data/ppi/transaction/453D27A3-CE9B-EF91-E050-A8C0630574D7/current"
"BA558B33-63BB-76EF-E053-6B04A8C0B4B7","929446","2020-03-31","EC3N 1AH","O","N","L","","9","ALDGATE HIGH STREET","","LONDON","CITY OF LONDON","GREATER LONDON","B","http://landregistry.data.gov.uk/data/ppi/transaction/BA558B33-63BB-76EF-E053-6B04A8C0B4B7/current"
"93E6821F-3621-40FD-E053-6B04A8C0C1DF","183000000","2019-08-31","EC3N 1AH","O","N","F","","ALDGATE HOUSE, 33","ALDGATE HIGH STREET","","LONDON","CITY OF LONDON","GREATER LONDON","B","http://landregistry.data.gov.uk/data/ppi/transaction/93E6821F-3621-40FD-E053-6B04A8C0C1DF/current"
"1C3E72FE-E828-F410-E063-4804A8C0DFA6","1775000","2024-02-19","EC3N 1AL","O","N","F","","48","ALDGATE HIGH STREET","","LONDON","CITY OF LONDON","GREATER LONDON","B","http://landregistry.data.gov.uk/data/ppi/transaction/1C3E72FE-E828-F410-E063-4804A8C0DFA6/current"
"B32EBB14-1C61-3C99-E053-6C04A8C09CA1","980000","2020-09-07","EC3N 1AL","O","N","L","FLAT 7","53 - 54","ALDGATE HIGH STREET","","LONDON","CITY OF LONDON","GREATER LONDON","B","http://landregistry.data.gov.uk/data/ppi/transaction/B32EBB14-1C61-3C99-E053-6C04A8C09CA1/current"
"EA3278AA-EAD4-2676-E053-6B04A8C015F8","2000000","2021-06-24","EC3N 1AL","O","N","L","","RENNIE HOUSE, 57 - 60","ALDGATE HIGH STREET","","LONDON","CITY OF LONDON","GREATER LONDON","B","http://landregistry.data.gov.uk/data/ppi/transaction/EA3278AA-EAD4-2676-E053-6B04A8C015F8/current"
"CFC9085D-669B-9A70-E053-6B04A8C09D6A","1500000","2021-06-24","EC3N 1BD","O","N","F","","62","ALDGATE HIGH STREET","","LONDON","CITY OF LONDON","GREATER LONDON","B","http://landregistry.data.gov.uk/data/ppi/transaction/CFC9085D-669B-9A70-E053-6B04A8C09D6A/current"
"AE4D86D4-999C-4619-E053-6C04A8C03CD0","599199","2019-07-05","EC3N 1BD","O","N","L","","GROUND FLOOR, 73","ALDGATE HIGH STREET","","LONDON","CITY OF LONDON","GREATER LONDON","B","http://landregistry.data.gov.uk/data/ppi/transaction/AE4D86D4-999C-4619-E053-6C04A8C03CD0/current"
"9FF0D96A-6891-11ED-E053-6C04A8C06383","995835","2019-07-05","EC3N 1BD","O","N","L","FIRST SECOND AND THIRD FLOOR PREMISES","73","ALDGATE HIGH STREET","","LONDON","CITY OF LONDON","GREATER LONDON","B","http://landregistry.data.gov.uk/data/ppi/transaction/9FF0D96A-6891-11ED-E053-6C04A8C06383/current"
"AE4D86D4-9A1C-4619-E053-6C04A8C03CD0","272637","2019-07-05","EC3N 1BD","O","N","L","","74","ALDGATE HIGH STREET","","LONDON","CITY OF LONDON","GREATER LONDON","B","http://landregistry.data.gov.uk/data/ppi/transaction/AE4D86D4-9A1C-4619-E053-6C04A8C03CD0/current"
"AE4D86D4-999E-4619-E053-6C04A8C03CD0","408957","2019-07-05","EC3N 1BD","O","N","L","","75","ALDGATE HIGH STREET","","LONDON","CITY OF LONDON","GREATER LONDON","B","http://landregistry.data.gov.uk/data/ppi/transaction/AE4D86D4-999E-4619-E053-6C04A8C03CD0/current"
"AE4D86D4-9996-4619-E053-6C04A8C03CD0","954232","2019-07-05","EC3N 1BJ","O","N","L","","1","MINORIES","","LONDON","CITY OF LONDON","GREATER LONDON","B","http://landregistry.data.gov.uk/data/ppi/transaction/AE4D86D4-9996-4619-E053-6C04A8C03CD0/current"
"1EAE3DF7-4553-9EB1-E063-4704A8C09D02","1000000","2023-05-31","EC3N 1BJ","O","N","F","","NEWMAN HOUSE, 12","MINORIES","","LONDON","CITY OF LONDON","GREATER LONDON","B","http://landregistry.data.gov.uk/data/ppi/transaction/1EAE3DF7-4553-9EB1-E063-4704A8C09D02/current"
"EC7AD09A-8B3D-9200-E053-6C04A8C0E306","3000000","2022-08-05","EC3N 1BJ","O","N","F","","NEWMAN HOUSE, 12","MINORIES","","LONDON","CITY OF LONDON","GREATER LONDON","B","http://landregistry.data.gov.uk/data/ppi/transaction/EC7AD09A-8B3D-9200-E053-6C04A8C0E306/current"
"237B17FE-C1E5-22AC-E063-4804A8C0EA3A","10300000","2022-09-27","EC3N 1BL","O","N","L","","BASEMENT, 16","MINORIES","","LONDON","CITY OF LONDON","GREATER LONDON","B","http://landregistry.data.gov.uk/data/ppi/transaction/237B17FE-C1E5-22AC-E063-4804A8C0EA3A/current"
"34222873-0F43-4D2B-E063-4704A8C07853","1002570","2024-07-31","EC3N 1BL","F","Y","L","APARTMENT 1","16","MINORIES","","LONDON","CITY OF LONDON","GREATER LONDON","B","http://landregistry.data.gov.uk/data/ppi/transaction/34222873-0F43-4D2B-E063-4704A8C07853/current"
"31C68071-B24D-FEE3-E063-4804A8C04F37","1295000","2024-08-12","EC3N 1BL","F","Y","L","APARTMENT 1001","16","MINORIES","","LONDON","CITY OF LONDON","GREATER LONDON","A","http://landregistry.data.gov.uk/data/ppi/transaction/31C68071-B24D-FEE3-E063-4804A8C04F37/current"
"2F7F2B42-A215-E08F-E063-4804A8C05A49","787750","2024-03-20","EC3N 1BL","F","Y","L","APARTMENT 1002","16","MINORIES","","LONDON","CITY OF LONDON","GREATER LONDON","A","http://landregistry.data.gov.uk/data/ppi/transaction/2F7F2B42-A215-E08F-E063-4804A8C05A49/current"
"2D4D7608-934B-BDF9-E063-4804A8C0672F","754175","2024-03-05","EC3N 1BL","F","Y","L","APARTMENT 1003","16","MINORIES","","LONDON","CITY OF LONDON","GREATER LONDON","A","http://landregistry.data.gov.uk/data/ppi/transaction/2D4D7608-934B-BDF9-E063-4804A8C0672F/current"
"2F7F2B42-A18A-E08F-E063-4804A8C05A49","897750","2024-02-23","EC3N 1BL","F","Y","L","APARTMENT 1004","16","MINORIES","","LONDON","CITY OF LONDON","GREATER LONDON","A","http://landregistry.data.gov.uk/data/ppi/transaction/2F7F2B42-A18A-E08F-E063-4804A8C05A49/current"
"2F7F2B42-A1A7-E08F-E063-4804A8C05A49","1406625","2024-03-05","EC3N 1BL","F","Y","L","APARTMENT 1005","16","MINORIES","","LONDON","CITY OF LONDON","GREATER LONDON","A","http://landregistry.data.gov.uk/data/ppi/transaction/2F7F2B42-A1A7-E08F-E063-4804A8C05A49/current"
"402A3A65-77B7-A7DF-E063-4804A8C0B80D","1412500","2025-02-12","EC3N 1BL","F","Y","L","APARTMENT 1006","16","MINORIES","","LONDON","CITY OF LONDON","GREATER LONDON","A","http://landregistry.data.gov.uk/data/ppi/transaction/402A3A65-77B7-A7DF-E063-4804A8C0B80D/current"
"2D4D7608-934C-BDF9-E063-4804A8C0672F","1035000","2024-02-23","EC3N 1BL","F","Y","L","APARTMENT 101","16","MINORIES","","LONDON","CITY OF LONDON","GREATER LONDON","A","http://landregistry.data.gov.uk/data/ppi/transaction/2D4D7608-934C-BDF9-E063-4804A8C0672F/current"
"2D4D7608-934D-BDF9-E063-4804A8C0672F","686200","2024-02-23","EC3N 1BL","F","Y","L","APARTMENT 102","16","MINORIES","","LONDON","CITY OF LONDON","GREATER LONDON","A","http://landregistry.data.gov.uk/data/ppi/transaction/2D4D7608-934D-BDF9-E063-4804A8C0672F/current"
"2F7F2B42-A1BA-E08F-E063-4804A8C05A49","1230000","2024-02-16","EC3N 1BL","F","Y","L","APARTMENT 103","16","MINORIES","","LONDON","CITY OF LONDON","GREATER LONDON","A","http://landregistry.data.gov.uk/data/ppi/transaction/2F7F2B42-A1BA-E08F-E063-4804A8C05A49/current"
"2F7F2B42-A1A3-E08F-E063-4804A8C05A49","646550","2024-03-01","EC3N 1BL","F","Y","L","APARTMENT 104","16","MINORIES","","LONDON","CITY OF LONDON","GREATER LONDON","A","http://landregistry.data.gov.uk/data/ppi/transaction/2F7F2B42-A1A3-E08F-E063-4804A8C05A49/current"
"2F7F2B42-A18D-E08F-E063-4804A8C05A49","779000","2024-02-23","EC3N 1BL","F","Y","L","APARTMENT 105","16","MINORIES","","LONDON","CITY OF LONDON","GREATER LONDON","A","http://landregistry.data.gov.uk/data/ppi/transaction/2F7F2B42-A18D-E08F-E063-4804A8C05A49/current"
"402A3A65-77AA-A7DF-E063-4804A8C0B80D","998000","2024-11-07","EC3N 1BL","F","Y","L","APARTMENT 106","16","MINORIES","","LONDON","CITY OF LONDON","GREATER LONDON","A","http://landregistry.data.gov.uk/data/ppi/transaction/402A3A65-77AA-A7DF-E063-4804A8C0B80D/current"
"2F7F2B42-A2D8-E08F-E063-4804A8C05A49","1400000","2024-11-22","EC3N 1BL","F","Y","L","APARTMENT 1101","16","MINORIES","","LONDON","CITY OF LONDON","GREATER LONDON","A","http://landregistry.data.gov.uk/data/ppi/transaction/2F7F2B42-A2D8-E08F-E063-4804A8C05A49/current"
"2F7F2B42-A1AD-E08F-E063-4804A8C05A49","920000","2024-02-22","EC3N 1BL","F","Y","L","APARTMENT 1102","16","MINORIES","","LONDON","CITY OF LONDON","GREATER LONDON","A","http://landregistry.data.gov.uk/data/ppi/transaction/2F7F2B42-A1AD-E08F-E063-4804A8C05A49/current"
"2F7F2B43-BF6D-E08F-E063-4804A8C05A49","1705000","2024-02-23","EC3N 1BL","F","Y","L","APARTMENT 1103","16","MINORIES","","LONDON","CITY OF LONDON","GREATER LONDON","B","http://landregistry.data.gov.uk/data/ppi/transaction/2F7F2B43-BF6D-E08F-E063-4804A8C05A49/current"
"2D4D7608-9336-BDF9-E063-4804A8C0672F","800250","2024-02-29","EC3N 1BL","F","Y","L","APARTMENT 1104","16","MINORIES","","LONDON","CITY OF LONDON","GREATER LONDON","A","http://landregistry.data.gov.uk/data/ppi/transaction/2D4D7608-9336-BDF9-E063-4804A8C0672F/current"
"2F7F2B42-A24E-E08F-E063-4804A8C05A49","1400000","2024-05-14","EC3N 1BL","F","Y","L","APARTMENT 1201","16","MINORIES","","LONDON","CITY OF LONDON","GREATER LONDON","A","http://landregistry.data.gov.uk/data/ppi/transaction/2F7F2B42-A24E-E08F-E063-4804A8C05A49/current"
"2F7F2B43-BFBE-E08F-E063-4804A8C05A49","875000","2024-07-12","EC3N 1BL","F","Y","L","APARTMENT 1202","16","MINORIES","","LONDON","CITY OF LONDON","GREATER LONDON","B","http://landregistry.data.gov.uk/data/ppi/transaction/2F7F2B43-BFBE-E08F-E063-4804A8C05A49/current"
"2F7F2B43-BFBD-E08F-E063-4804A8C05A49","780000","2024-07-12","EC3N 1BL","F","Y","L","APARTMENT 1203","16","MINORIES","","LONDON","CITY OF LONDON","GREATER LONDON","B","http://landregistry.data.gov.uk/data/ppi/transaction/2F7F2B43-BFBD-E08F-E063-4804A8C05A49/current"
"2F7F2B43-BFBC-E08F-E063-4804A8C05A49","1500000","2024-07-12","EC3N 1BL","F","Y","L","APARTMENT 1204","16","MINORIES","","LONDON","CITY OF LONDON","GREATER LONDON","B","http://landregistry.data.gov.uk/data/ppi/transaction/2F7F2B43-BFBC-E08F-E063-4804A8C05A49/current"
"2F7F2B43-BFBF-E08F-E063-4804A8C05A49","1400000","2024-07-12","EC3N 1BL","F","Y","L","APARTMENT 1301","16","MINORIES","","LONDON","CITY OF LONDON","GREATER LONDON","B","http://landregistry.data.gov.uk/data/ppi/transaction/2F7F2B43-BFBF-E08F-E063-4804A8C05A49/current"
"2F7F2B42-A1A9-E08F-E063-4804A8C05A49","955000","2024-04-02","EC3N 1BL","F","Y","L","APARTMENT 1302","16","MINORIES","","LONDON","CITY OF LONDON","GREATER LONDON","A","http://landregistry.data.gov.uk/data/ppi/transaction/2F7F2B42-A1A9-E08F-E063-4804A8C05A49/current"
"2F7F2B43-BF70-E08F-E063-4804A8C05A49","1627500","2024-02-23","EC3N 1BL","F","Y","L","APARTMENT 1303","16","MINORIES","","LONDON","CITY OF LONDON","GREATER LONDON","B","http://landregistry.data.gov.uk/data/ppi/transaction/2F7F2B43-BF70-E08F-E063-4804A8C05A49/current"
"5340B1C5-1860-8052-E063-4804A8C06EE4","770000","2025-08-06","EC3N 1BL","F","Y","L","APARTMENT 1304","16","MINORIES","","LONDON","CITY OF LONDON","GREATER LONDON","A","http://landregistry.data.gov.uk/data/ppi/transaction/5340B1C5-1860-8052-E063-4804A8C06EE4/current"
"2F7F2B42-A1B2-E08F-E063-4804A8C05A49","3124000","2024-02-23","EC3N 1BL","F","Y","L","APARTMENT 1402","16","MINORIES","","LONDON","CITY OF LONDON","GREATER LONDON","A","http://landregistry.data.gov.uk/data/ppi/transaction/2F7F2B42-A1B2-E08F-E063-4804A8C05A49/current"
"2F7F2B42-A253-E08F-E063-4804A8C05A49","745000","2024-06-20","EC3N 1BL","F","Y","L","APARTMENT 2","16","MINORIES","","LONDON","CITY OF LONDON","GREATER LONDON","A","http://landregistry.data.gov.uk/data/ppi/transaction/2F7F2B42-A253-E08F-E063-4804A8C05A49/current"
"34222873-0F5C-4D2B-E063-4704A8C07853","1035000","2024-07-19","EC3N 1BL","F","Y","L","APARTMENT 201","16","MINORIES","","LONDON","CITY OF LONDON","GREATER LONDON","B","http://landregistry.data.gov.uk/data/ppi/transaction/34222873-0F5C-4D2B-E063-4704A8C07853/current"
"2D4D7609-C62D-BDF9-E063-4804A8C0672F","707750","2024-02-23","EC3N 1BL","F","Y","L","APARTMENT 202","16","MINORIES","","LONDON","CITY OF LONDON","GREATER LONDON","B","http://landregistry.data.gov.uk/data/ppi/transaction/2D4D7609-C62D-BDF9-E063-4804A8C0672F/current"
"2F7F2B42-A1C7-E08F-E063-4804A8C05A49","698250","2024-03-12","EC3N 1BL","F","Y","L","APARTMENT 203","16","MINORIES","","LONDON","CITY OF LONDON","GREATER LONDON","A","http://landregistry.data.gov.uk/data/ppi/transaction/2F7F2B42-A1C7-E08F-E063-4804A8C05A49/current"
"2D4D7608-9322-BDF9-E063-4804A8C0672F","1235000","2024-02-23","EC3N 1BL","F","Y","L","APARTMENT 204","16","MINORIES","","LONDON","CITY OF LONDON","GREATER LONDON","A","http://landregistry.data.gov.uk/data/ppi/transaction/2D4D7608-9322-BDF9-E063-4804A8C0672F/current"
"2F7F2B42-A1A1-E08F-E063-4804A8C05A49","654750","2024-02-23","EC3N 1BL","F","Y","L","APARTMENT 205","16","MINORIES","","LONDON","CITY OF LONDON","GREATER LONDON","A","http://landregistry.data.gov.uk/data/ppi/transaction/2F7F2B42-A1A1-E08F-E063-4804A8C05A49/current"
"2F7F2B42-A1AE-E08F-E063-4804A8C05A49","606250","2024-02-23","EC3N 1BL","F","Y","L","APARTMENT 207","16","MINORIES","","LONDON","CITY OF LONDON","GREATER LONDON","A","http://landregistry.data.gov.uk/data/ppi/transaction/2F7F2B42-A1AE-E08F-E063-4804A8C05A49/current"
"2F7F2B43-BF6E-E08F-E063-4804A8C05A49","606250","2024-02-23","EC3N 1BL","F","Y","L","APARTMENT 208","16","MINORIES","","LONDON","CITY OF LONDON","GREATER LONDON","B","http://landregistry.data.gov.uk/data/ppi/transaction/2F7F2B43-BF6E-E08F-E063-4804A8C05A49/current"
"2F7F2B42-A1E2-E08F-E063-4804A8C05A49","1224000","2024-04-08","EC3N 1BL","F","Y","L","APARTMENT 3","16","MINORIES","","LONDON","CITY OF LONDON","GREATER LONDON","A","http://landregistry.data.gov.uk/data/ppi/transaction/2F7F2B42-A1E2-E08F-E063-4804A8C05A49/current"
"34222873-0F5B-4D2B-E063-4704A8C07853","1057500","2024-07-19","EC3N 1BL","F","Y","L","APARTMENT 301","16","MINORIES","","LONDON","CITY OF LONDON","GREATER LONDON","B","http://landregistry.data.gov.uk/data/ppi/transaction/34222873-0F5B-4D2B-E063-4704A8C07853/current"
"2D4D7608-931E-BDF9-E063-4804A8C0672F","726750","2024-02-23","EC3N 1BL","F","Y","L","APARTMENT 302","16","MINORIES","","LONDON","CITY OF LONDON","GREATER LONDON","A","http://landregistry.data.gov.uk/data/ppi/transaction/2D4D7608-931E-BDF9-E063-4804A8C0672F/current"
"34222871-EBFC-4D2B-E063-4704A8C07853","724000","2024-02-23","EC3N 1BL","F","Y","L","APARTMENT 303","16","MINORIES","","LONDON","CITY OF LONDON","GREATER LONDON","A","http://landregistry.data.gov.uk/data/ppi/transaction/34222871-EBFC-4D2B-E063-4704A8C07853/current"
"4E75C29C-CBCE-8922-E063-4804A8C094D0","1800000","2025-02-07","EC3N 1BL","F","Y","L","APARTMENT 304","16","MINORIES","","LONDON","CITY OF LONDON","GREATER LONDON","A","http://landregistry.data.gov.uk/data/ppi/transaction/4E75C29C-CBCE-8922-E063-4804A8C094D0/current"
"2F7F2B42-A181-E08F-E063-4804A8C05A49","798000","2024-02-20","EC3N 1BL","F","Y","L","APARTMENT 305","16","MINORIES","","LONDON","CITY OF LONDON","GREATER LONDON","A","http://landregistry.data.gov.uk/data/ppi/transaction/2F7F2B42-A181-E08F-E063-4804A8C05A49/current"
"34222871-EC59-4D2B-E063-4704A8C07853","1065000","2024-09-16","EC3N 1BL","F","Y","L","APARTMENT 306","16","MINORIES","","LONDON","CITY OF LONDON","GREATER LONDON","A","http://landregistry.data.gov.uk/data/ppi/transaction/34222871-EC59-4D2B-E063-4704A8C07853/current"
"2D4D7608-9329-BDF9-E063-4804A8C0672F","628800","2024-02-23","EC3N 1BL","F","Y","L","APARTMENT 4","16","MINORIES","","LONDON","CITY OF LONDON","GREATER LONDON","A","http://landregistry.data.gov.uk/data/ppi/transaction/2D4D7608-9329-BDF9-E063-4804A8C0672F/current"
"2D4D7608-939C-BDF9-E063-4804A8C0672F","1070000","2024-03-28","EC3N 1BL","F","Y","L","APARTMENT 401","16","MINORIES","","LONDON","CITY OF LONDON","GREATER LONDON","A","http://landregistry.data.gov.uk/data/ppi/transaction/2D4D7608-939C-BDF9-E063-4804A8C0672F/current"
"2F7F2B42-A19D-E08F-E063-4804A8C05A49","731500","2024-02-27","EC3N 1BL","F","Y","L","APARTMENT 402","16","MINORIES","","LONDON","CITY OF LONDON","GREATER LONDON","A","http://landregistry.data.gov.uk/data/ppi/transaction/2F7F2B42-A19D-E08F-E063-4804A8C05A49/current"
"2F7F2B42-A1B5-E08F-E063-4804A8C05A49","737900","2024-03-28","EC3N 1BL","F","Y","L","APARTMENT 403","16","MINORIES","","LONDON","CITY OF LONDON","GREATER LONDON","A","http://landregistry.data.gov.uk/data/ppi/transaction/2F7F2B42-A1B5-E08F-E063-4804A8C05A49/current"
"2F7F2B42-A1AB-E08F-E063-4804A8C05A49","1237500","2024-04-02","EC3N 1BL","F","Y","L","APARTMENT 404","16","MINORIES","","LONDON","CITY OF LONDON","GREATER LONDON","A","http://landregistry.data.gov.uk/data/ppi/transaction/2F7F2B42-A1AB-E08F-E063-4804A8C05A49/current"
"34222873-0FAB-4D2B-E063-4704A8C07853","660000","2024-11-15","EC3N 1BL","F","Y","L","APARTMENT 405","16","MINORIES","","LONDON","CITY OF LONDON","GREATER LONDON","B","http://landregistry.data.gov.uk/data/ppi/transaction/34222873-0FAB-4D2B-E063-4704A8C07853/current"
"2F7F2B42-A19E-E08F-E063-4804A8C05A49","807500","2024-02-23","EC3N 1BL","F","Y","L","APARTMENT 406","16","MINORIES","","LONDON","CITY OF LONDON","GREATER LONDON","A","http://landregistry.data.gov.uk/data/ppi/transaction/2F7F2B42-A19E-E08F-E063-4804A8C05A49/current"
"2F7F2B42-A184-E08F-E063-4804A8C05A49","637775","2024-02-29","EC3N 1BL","F","Y","L","APARTMENT 407","16","MINORIES","","LONDON","CITY OF LONDON","GREATER LONDON","A","http://landregistry.data.gov.uk/data/ppi/transaction/2F7F2B42-A184-E08F-E063-4804A8C05A49/current"
"2D4D7608-9332-BDF9-E063-4804A8C0672F","629660","2024-02-23","EC3N 1BL","F","Y","L","APARTMENT 408","16","MINORIES","","LONDON","CITY OF LONDON","GREATER LONDON","A","http://landregistry.data.gov.uk/data/ppi/transaction/2D4D7608-9332-BDF9-E063-4804A8C0672F/current"
"2F7F2B42-A1A4-E08F-E063-4804A8C05A49","731500","2024-02-23","EC3N 1BL","F","Y","L","APARTMENT 5","16","MINORIES","","LONDON","CITY OF LONDON","GREATER LONDON","A","http://landregistry.data.gov.uk/data/ppi/transaction/2F7F2B42-A1A4-E08F-E063-4804A8C05A49/current"
"2D4D7608-9328-BDF9-E063-4804A8C0672F","1150000","2024-02-23","EC3N 1BL","F","Y","L","APARTMENT 501","16","MINORIES","","LONDON","CITY OF LONDON","GREATER LONDON","A","http://landregistry.data.gov.uk/data/ppi/transaction/2D4D7608-9328-BDF9-E063-4804A8C0672F/current"
"2F7F2B42-A194-E08F-E063-4804A8C05A49","750500","2024-03-04","EC3N 1BL","F","Y","L","APARTMENT 502","16","MINORIES","","LONDON","CITY OF LONDON","GREATER LONDON","A","http://landregistry.data.gov.uk/data/ppi/transaction/2F7F2B42-A194-E08F-E063-4804A8C05A49/current"
"2F7F2B42-A280-E08F-E063-4804A8C05A49","795000","2024-08-12","EC3N 1BL","F","Y","L","APARTMENT 503","16","MINORIES","","LONDON","CITY OF LONDON","GREATER LONDON","A","http://landregistry.data.gov.uk/data/ppi/transaction/2F7F2B42-A280-E08F-E063-4804A8C05A49/current"
"2F7F2B42-A20E-E08F-E063-4804A8C05A49","1850000","2024-05-09","EC3N 1BL","F","Y","L","APARTMENT 504","16","MINORIES","","LONDON","CITY OF LONDON","GREATER LONDON","A","http://landregistry.data.gov.uk/data/ppi/transaction/2F7F2B42-A20E-E08F-E063-4804A8C05A49/current"
"2F7F2B42-A188-E08F-E063-4804A8C05A49","831250","2024-03-01","EC3N 1BL","F","Y","L","APARTMENT 505","16","MINORIES","","LONDON","CITY OF LONDON","GREATER LONDON","A","http://landregistry.data.gov.uk/data/ppi/transaction/2F7F2B42-A188-E08F-E063-4804A8C05A49/current"
"34222871-EBE3-4D2B-E063-4704A8C07853","1195050","2024-08-14","EC3N 1BL","F","Y","L","APARTMENT 506","16","MINORIES","","LONDON","CITY OF LONDON","GREATER LONDON","A","http://landregistry.data.gov.uk/data/ppi/transaction/34222871-EBE3-4D2B-E063-4704A8C07853/current"
"2D4D7608-932F-BDF9-E063-4804A8C0672F","611100","2024-02-23","EC3N 1BL","F","Y","L","APARTMENT 6","16","MINORIES","","LONDON","CITY OF LONDON","GREATER LONDON","A","http://landregistry.data.gov.uk/data/ppi/transaction/2D4D7608-932F-BDF9-E063-4804A8C0672F/current"
"34222873-0F44-4D2B-E063-4704A8C07853","1275520","2024-07-31","EC3N 1BL","F","Y","L","APARTMENT 601","16","MINORIES","","LONDON","CITY OF LONDON","GREATER LONDON","B","http://landregistry.data.gov.uk/data/ppi/transaction/34222873-0F44-4D2B-E063-4704A8C07853/current"
"34222873-0F45-4D2B-E063-4704A8C07853","787358","2024-07-31","EC3N 1BL","F","Y","L","APARTMENT 602","16","MINORIES","","LONDON","CITY OF LONDON","GREATER LONDON","B","http://landregistry.data.gov.uk/data/ppi/transaction/34222873-0F45-4D2B-E063-4704A8C07853/current"
"34222873-0F46-4D2B-E063-4704A8C07853","787358","2024-07-31","EC3N 1BL","F","Y","L","APARTMENT 603","16","MINORIES","","LONDON","CITY OF LONDON","GREATER LONDON","B","http://landregistry.data.gov.uk/data/ppi/transaction/34222873-0F46-4D2B-E063-4704A8C07853/current"
"34222873-0F47-4D2B-E063-4704A8C07853","1763683","2024-07-31","EC3N 1BL","F","Y","L","APARTMENT 604","16","MINORIES","","LONDON","CITY OF LONDON","GREATER LONDON","B","http://landregistry.data.gov.uk/data/ppi/transaction/34222873-0F47-4D2B-E063-4704A8C07853/current"
"34222871-EBE8-4D2B-E063-4704A8C07853","780000","2024-09-05","EC3N 1BL","F","Y","L","APARTMENT 605","16","MINORIES","","LONDON","CITY OF LONDON","GREATER LONDON","A","http://landregistry.data.gov.uk/data/ppi/transaction/34222871-EBE8-4D2B-E063-4704A8C07853/current"
"34222873-0F42-4D2B-E063-4704A8C07853","1328011","2024-07-31","EC3N 1BL","F","Y","L","APARTMENT 606","16","MINORIES","","LONDON","CITY OF LONDON","GREATER LONDON","B","http://landregistry.data.gov.uk/data/ppi/transaction/34222873-0F42-4D2B-E063-4704A8C07853/current"
"3DCCB7C9-95D3-5B9D-E063-4704A8C0331E","600000","2025-01-15","EC3N 1BL","F","Y","L","APARTMENT 7","16","MINORIES","","LONDON","CITY OF LONDON","GREATER LONDON","A","http://landregistry.data.gov.uk/data/ppi/transaction/3DCCB7C9-95D3-5B9D-E063-4704A8C0331E/current"
"2F7F2B42-A1AA-E08F-E063-4804A8C05A49","1269450","2024-03-25","EC3N 1BL","F","Y","L","APARTMENT 701","16","MINORIES","","LONDON","CITY OF LONDON","GREATER LONDON","A","http://landregistry.data.gov.uk/data/ppi/transaction/2F7F2B42-A1AA-E08F-E063-4804A8C05A49/current"
"2F7F2B42-A186-E08F-E063-4804A8C05A49","795625","2024-02-23","EC3N 1BL","F","Y","L","APARTMENT 702","16","MINORIES","","LONDON","CITY OF LONDON","GREATER LONDON","A","http://landregistry.data.gov.uk/data/ppi/transaction/2F7F2B42-A186-E08F-E063-4804A8C05A49/current"
"2F7F2B42-A17E-E08F-E063-4804A8C05A49","739625","2024-02-29","EC3N 1BL","F","Y","L","APARTMENT 703","16","MINORIES","","LONDON","CITY OF LONDON","GREATER LONDON","A","http://landregistry.data.gov.uk/data/ppi/transaction/2F7F2B42-A17E-E08F-E063-4804A8C05A49/current"
"2F7F2B42-A1D0-E08F-E063-4804A8C05A49","1482000","2024-03-01","EC3N 1BL","F","Y","L","APARTMENT 704","16","MINORIES","","LONDON","CITY OF LONDON","GREATER LONDON","A","http://landregistry.data.gov.uk/data/ppi/transaction/2F7F2B42-A1D0-E08F-E063-4804A8C05A49/current"
"4E75C29C-CBF5-8922-E063-4804A8C094D0","1350000","2025-07-04","EC3N 1BL","F","Y","L","APARTMENT 705","16","MINORIES","","LONDON","CITY OF LONDON","GREATER LONDON","A","http://landregistry.data.gov.uk/data/ppi/transaction/4E75C29C-CBF5-8922-E063-4804A8C094D0/current"
"2F7F2B42-A18F-E08F-E063-4804A8C05A49","670675","2024-02-28","EC3N 1BL","F","Y","L","APARTMENT 706","16","MINORIES","","LONDON","CITY OF LONDON","GREATER LONDON","A","http://landregistry.data.gov.uk/data/ppi/transaction/2F7F2B42-A18F-E08F-E063-4804A8C05A49/current"
"2F7F2B42-A1B3-E08F-E063-4804A8C05A49","727500","2024-02-23","EC3N 1BL","F","Y","L","APARTMENT 707","16","MINORIES","","LONDON","CITY OF LONDON","GREATER LONDON","A","http://landregistry.data.gov.uk/data/ppi/transaction/2F7F2B42-A1B3-E08F-E063-4804A8C05A49/current"
"34222873-0F49-4D2B-E063-4704A8C07853","1390000","2024-07-31","EC3N 1BL","F","Y","L","APARTMENT 801","16","MINORIES","","LONDON","CITY OF LONDON","GREATER LONDON","B","http://landregistry.data.gov.uk/data/ppi/transaction/34222873-0F49-4D2B-E063-4704A8C07853/current"
"34222873-0F4A-4D2B-E063-4704A8C07853","925000","2024-07-31","EC3N 1BL","F","Y","L","APARTMENT 802","16","MINORIES","","LONDON","CITY OF LONDON","GREATER LONDON","B","http://landregistry.data.gov.uk/data/ppi/transaction/34222873-0F4A-4D2B-E063-4704A8C07853/current"
"2F7F2B42-A18C-E08F-E063-4804A8C05A49","737200","2024-03-04","EC3N 1BL","F","Y","L","APARTMENT 803","16","MINORIES","","LONDON","CITY OF LONDON","GREATER LONDON","A","http://landregistry.data.gov.uk/data/ppi/transaction/2F7F2B42-A18C-E08F-E063-4804A8C05A49/current"
"34222873-0F48-4D2B-E063-4704A8C07853","1975000","2024-07-31","EC3N 1BL","F","Y","L","APARTMENT 804","16","MINORIES","","LONDON","CITY OF LONDON","GREATER LONDON","B","http://landregistry.data.gov.uk/data/ppi/transaction/34222873-0F48-4D2B-E063-4704A8C07853/current"
"34222873-0F4B-4D2B-E063-4704A8C07853","1450000","2024-07-31","EC3N 1BL","F","Y","L","APARTMENT 805","16","MINORIES","","LONDON","CITY OF LONDON","GREATER LONDON","B","http://landregistry.data.gov.uk/data/ppi/transaction/34222873-0F4B-4D2B-E063-4704A8C07853/current"
"34222873-0F4C-4D2B-E063-4704A8C07853","1475000","2024-07-31","EC3N 1BL","F","Y","L","APARTMENT 806","16","MINORIES","","LONDON","CITY OF LONDON","GREATER LONDON","B","http://landregistry.data.gov.uk/data/ppi/transaction/34222873-0F4C-4D2B-E063-4704A8C07853/current"
"34222873-0F4D-4D2B-E063-4704A8C07853","1475000","2024-07-31","EC3N 1BL","F","Y","L","APARTMENT 901","16","MINORIES","","LONDON","CITY OF LONDON","GREATER LONDON","B","http://landregistry.data.gov.uk/data/ppi/transaction/34222873-0F4D-4D2B-E063-4704A8C07853/current"
"2F7F2B42-A1CD-E08F-E063-4804A8C05A49","902500","2024-04-04","EC3N 1BL","F","Y","L","APARTMENT 902","16","MINORIES","","LONDON","CITY OF LONDON","GREATER LONDON","A","http://landregistry.data.gov.uk/data/ppi/transaction/2F7F2B42-A1CD-E08F-E063-4804A8C05A49/current"
"31C68071-B239-FEE3-E063-4804A8C04F37","787200","2024-07-19","EC3N 1BL","F","Y","L","APARTMENT 903","16","MINORIES","","LONDON","CITY OF LONDON","GREATER LONDON","A","http://landregistry.data.gov.uk/data/ppi/transaction/31C68071-B239-FEE3-E063-4804A8C04F37/current"
"2F7F2B42-A183-E08F-E063-4804A8C05A49","978075","2024-03-01","EC3N 1BL","F","Y","L","APARTMENT 904","16","MINORIES","","LONDON","CITY OF LONDON","GREATER LONDON","A","http://landregistry.data.gov.uk/data/ppi/transaction/2F7F2B42-A183-E08F-E063-4804A8C05A49/current"
"2F7F2B42-A1BE-E08F-E063-4804A8C05A49","1325000","2024-04-05","EC3N 1BL","F","Y","L","APARTMENT 905","16","MINORIES","","LONDON","CITY OF LONDON","GREATER LONDON","A","http://landregistry.data.gov.uk/data/ppi/transaction/2F7F2B42-A1BE-E08F-E063-4804A8C05A49/current"
"2F7F2B42-A189-E08F-E063-4804A8C05A49","1356000","2024-03-06","EC3N 1BL","F","Y","L","APARTMENT 906","16","MINORIES","","LONDON","CITY OF LONDON","GREATER LONDON","A","http://landregistry.data.gov.uk/data/ppi/transaction/2F7F2B42-A189-E08F-E063-4804A8C05A49/current"
"79A74E22-9BE1-1289-E053-6B04A8C01627","171849","2018-09-24","EC3N 1DD","O","N","L","BASEMENT PREMISES","ST CLARE HOUSE, 30 - 33","MINORIES","","LONDON","CITY OF LONDON","GREATER LONDON","B","http://landregistry.data.gov.uk/data/ppi/transaction/79A74E22-9BE1-1289-E053-6B04A8C01627/current"
"402A3A66-CF6D-A7DF-E063-4804A8C0B80D","675000","2025-07-28","EC3N 1DE","O","N","L","","THE THREE LORDS, 27","MINORIES","","LONDON","CITY OF LONDON","GREATER LONDON","B","http://landregistry.data.gov.uk/data/ppi/transaction/402A3A66-CF6D-A7DF-E063-4804A8C0B80D/current"
"44F406B7-44DA-1095-E063-4704A8C048D4","938422","2023-08-03","EC3N 1DE","F","N","L","FLAT 1","27","MINORIES","","LONDON","CITY OF LONDON","GREATER LONDON","B","http://landregistry.data.gov.uk/data/ppi/transaction/44F406B7-44DA-1095-E063-4704A8C048D4/current"
"2D1E4B26-96E7-FCD1-E050-A8C0630544EC","556000","2016-02-05","EC3N 1DE","F","N","L","FLAT 1","27","MINORIES","","LONDON","CITY OF LONDON","GREATER LONDON","A","http://landregistry.data.gov.uk/data/ppi/transaction/2D1E4B26-96E7-FCD1-E050-A8C0630544EC/current"
"1A0C5C64-0196-7CBE-E063-4804A8C06C96","647809","2023-08-03","EC3N 1DE","F","N","L","FLAT 2","27","MINORIES","","LONDON","CITY OF LONDON","GREATER LONDON","B","http://landregistry.data.gov.uk/data/ppi/transaction/1A0C5C64-0196-7CBE-E063-4804A8C06C96/current"
"1775CCF7-F68D-38BA-E063-4704A8C05A7C","945882","2023-08-03","EC3N 1DE","F","N","L","FLAT 3","27","MINORIES","","LONDON","CITY OF LONDON","GREATER LONDON","B","http://landregistry.data.gov.uk/data/ppi/transaction/1775CCF7-F68D-38BA-E063-4704A8C05A7C/current"
"1A0C5C64-0197-7CBE-E063-4804A8C06C96","953390","2023-08-03","EC3N 1DE","F","N","L","FLAT 5","27","MINORIES","","LONDON","CITY OF LONDON","GREATER LONDON","B","http://landregistry.data.gov.uk/data/ppi/transaction/1A0C5C64-0197-7CBE-E063-4804A8C06C96/current"
"D707E535-AAC7-0AD9-E053-6B04A8C067CC","550000","2021-08-10","EC3N 1DE","F","N","L","FLAT 6","27","MINORIES","","LONDON","CITY OF LONDON","GREATER LONDON","A","http://landregistry.data.gov.uk/data/ppi/transaction/D707E535-AAC7-0AD9-E053-6B04A8C067CC/current"
"1775CCF7-F690-38BA-E063-4704A8C05A7C","968405","2023-09-06","EC3N 1DE","F","N","L","FLAT 7","27","MINORIES","","LONDON","CITY OF LONDON","GREATER LONDON","B","http://landregistry.data.gov.uk/data/ppi/transaction/1775CCF7-F690-38BA-E063-4704A8C05A7C/current"
"152AB734-87D6-E651-E063-4704A8C061D9","675577","2023-08-03","EC3N 1DE","F","N","L","FLAT 8","27","MINORIES","","LONDON","CITY OF LONDON","GREATER LONDON","B","http://landregistry.data.gov.uk/data/ppi/transaction/152AB734-87D6-E651-E063-4704A8C061D9/current"
"0E082197-784D-5C09-E063-4704A8C0A10E","1662975","2023-09-01","EC3N 1DE","F","N","L","FLAT 9","27","MINORIES","","LONDON","CITY OF LONDON","GREATER LONDON","B","http://landregistry.data.gov.uk/data/ppi/transaction/0E082197-784D-5C09-E063-4704A8C0A10E/current"
"34222873-2D89-4D2B-E063-4704A8C07853","675000","2025-02-24","EC3N 1DR","O","N","L","","RIVER HOUSE, 119 - 121","MINORIES","","LONDON","CITY OF LONDON","GREATER LONDON","B","http://landregistry.data.gov.uk/data/ppi/transaction/34222873-2D89-4D2B-E063-4704A8C07853/current"
"582D0637-EE41-8F22-E053-6C04A8C01BAC","2728000","2017-07-10","EC3N 1DT","O","N","L","THE PEACOCK PUBLIC HOUSE","41","MINORIES","","LONDON","CITY OF LONDON","GREATER LONDON","B","http://landregistry.data.gov.uk/data/ppi/transaction/582D0637-EE41-8F22-E053-6C04A8C01BAC/current"
"8F1B26BE-9561-53DB-E053-6C04A8C03649","4000000","2019-06-20","EC3N 1DT","O","N","L","","41","MINORIES","","LONDON","CITY OF LONDON","GREATER LONDON","B","http://landregistry.data.gov.uk/data/ppi/transaction/8F1B26BE-9561-53DB-E053-6C04A8C03649/current"
"0B853950-C4AA-69A5-E063-4704A8C07DAC","643000","2023-09-28","EC3N 1JJ","O","N","L","","48 - 50","MINORIES","","LONDON","CITY OF LONDON","GREATER LONDON","B","http://landregistry.data.gov.uk/data/ppi/transaction/0B853950-C4AA-69A5-E063-4704A8C07DAC/current"
"404A5AF4-6864-CD2B-E050-A8C063055C7B","15000","2016-09-29","EC3N 1JL","O","N","F","","TOWER GATEWAY STATION","MINORIES","","LONDON","CITY OF LONDON","GREATER LONDON","B","http://landregistry.data.gov.uk/data/ppi/transaction/404A5AF4-6864-CD2B-E050-A8C063055C7B/current"
"3B5CE842-97F1-EE3A-E063-4804A8C0D6F1","5538500","2024-12-18","EC3N 1LQ","O","N","F","","HAMALWORTH HOUSE, 9","ST CLARE STREET","","LONDON","CITY OF LONDON","GREATER LONDON","B","http://landregistry.data.gov.uk/data/ppi/transaction/3B5CE842-97F1-EE3A-E063-4804A8C0D6F1/current"
"2859C1AC-FD3E-52B4-E063-4804A8C05948","5320000","2023-10-31","EC3N 1LQ","O","N","F","","16","ST CLARE STREET","","LONDON","CITY OF LONDON","GREATER LONDON","B","http://landregistry.data.gov.uk/data/ppi/transaction/2859C1AC-FD3E-52B4-E063-4804A8C05948/current"
"2131FCF6-DEBE-86E8-E063-4804A8C0372B","39000000","2023-11-08","EC3N 1LS","O","N","F","","150","MINORIES","","LONDON","CITY OF LONDON","GREATER LONDON","B","http://landregistry.data.gov.uk/data/ppi/transaction/2131FCF6-DEBE-86E8-E063-4804A8C0372B/current"
"2FD36066-4E6D-4BF8-E050-A8C0620562B1","8438750","2016-03-21","EC3N 1NT","O","N","L","","119 - 121","MINORIES","","LONDON","CITY OF LONDON","GREATER LONDON","B","http://landregistry.data.gov.uk/data/ppi/transaction/2FD36066-4E6D-4BF8-E050-A8C0620562B1/current"
"FD226036-9848-4CB7-E053-4804A8C00430","3194000","2022-07-13","EC3N 1NT","O","N","F","","122","MINORIES","","LONDON","CITY OF LONDON","GREATER LONDON","B","http://landregistry.data.gov.uk/data/ppi/transaction/FD226036-9848-4CB7-E053-4804A8C00430/current"
"FD226036-926B-4CB7-E053-4804A8C00430","3832800","2022-07-13","EC3N 1NT","O","N","L","","122","MINORIES","","LONDON","CITY OF LONDON","GREATER LONDON","B","http://landregistry.data.gov.uk/data/ppi/transaction/FD226036-926B-4CB7-E053-4804A8C00430/current"
"5A9D8B56-1C99-68EB-E053-6B04A8C0D293","2800000","2017-08-30","EC3N 1NT","O","N","F","","123","MINORIES","","LONDON","CITY OF LONDON","GREATER LONDON","B","http://landregistry.data.gov.uk/data/ppi/transaction/5A9D8B56-1C99-68EB-E053-6B04A8C0D293/current"
"3B7E0B90-C4FC-EA99-E050-A8C062057E77","475000","2016-08-01","EC3N 1NT","O","N","L","GROUND FLOOR AND BASEMENT PREMISES","ST JOHNS HOUSE, 124 - 127","MINORIES","","LONDON","CITY OF LONDON","GREATER LONDON","B","http://landregistry.data.gov.uk/data/ppi/transaction/3B7E0B90-C4FC-EA99-E050-A8C062057E77/current"
"42A5A70A-2574-56E8-E050-A8C06205331E","2405000","2016-10-19","EC3N 1NT","O","N","F","","ST. JOHNS HOUSE, 124 - 127","MINORIES","","LONDON","CITY OF LONDON","GREATER LONDON","B","http://landregistry.data.gov.uk/data/ppi/transaction/42A5A70A-2574-56E8-E050-A8C06205331E/current"
"237B17FE-E1CB-22AC-E063-4804A8C0EA3A","2332301","2023-07-07","EC3N 1NT","O","N","F","","128 - 129","MINORIES","","LONDON","CITY OF LONDON","GREATER LONDON","B","http://landregistry.data.gov.uk/data/ppi/transaction/237B17FE-E1CB-22AC-E063-4804A8C0EA3A/current"
"34222873-2DA7-4D2B-E063-4704A8C07853","450000","2022-10-21","EC3N 1NT","F","N","L","FLAT 10","FENCHURCH HOUSE, 136 - 138","MINORIES","","LONDON","CITY OF LONDON","GREATER LONDON","B","http://landregistry.data.gov.uk/data/ppi/transaction/34222873-2DA7-4D2B-E063-4704A8C07853/current"
"4C4EDFFF-AB2E-1854-E050-A8C063054F34","885000","2017-02-17","EC3N 1NT","F","N","L","FLAT 11","FENCHURCH HOUSE, 136 - 138","MINORIES","","LONDON","CITY OF LONDON","GREATER LONDON","A","http://landregistry.data.gov.uk/data/ppi/transaction/4C4EDFFF-AB2E-1854-E050-A8C063054F34/current"
"0E082197-154E-5C09-E063-4704A8C0A10E","720000","2023-10-06","EC3N 1NT","F","N","L","FLAT 12","FENCHURCH HOUSE, 136 - 138","MINORIES","","LONDON","CITY OF LONDON","GREATER LONDON","A","http://landregistry.data.gov.uk/data/ppi/transaction/0E082197-154E-5C09-E063-4704A8C0A10E/current"
"5F54B81D-7673-2B45-E053-6B04A8C01FB0","620000","2017-10-20","EC3N 1NT","F","N","L","FLAT 12","FENCHURCH HOUSE, 136 - 138","MINORIES","","LONDON","CITY OF LONDON","GREATER LONDON","A","http://landregistry.data.gov.uk/data/ppi/transaction/5F54B81D-7673-2B45-E053-6B04A8C01FB0/current"
"7011B108-FFCA-8ED6-E053-6B04A8C075C1","882500","2018-03-20","EC3N 1NT","F","N","L","FLAT 14","FENCHURCH HOUSE, 136 - 138","MINORIES","","LONDON","CITY OF LONDON","GREATER LONDON","A","http://landregistry.data.gov.uk/data/ppi/transaction/7011B108-FFCA-8ED6-E053-6B04A8C075C1/current"
"31FB4C17-B274-57B9-E050-A8C063053436","1300000","2016-03-31","EC3N 1NT","F","N","L","FLAT 15","FENCHURCH HOUSE, 136 - 138","MINORIES","","LONDON","CITY OF LONDON","GREATER LONDON","A","http://landregistry.data.gov.uk/data/ppi/transaction/31FB4C17-B274-57B9-E050-A8C063053436/current"
"2ACACE8D-1329-295E-E063-4804A8C0B0EB","530000","2024-11-27","EC3N 1NT","F","N","L","FLAT 3","FENCHURCH HOUSE, 136 - 138","MINORIES","","LONDON","CITY OF LONDON","GREATER LONDON","A","http://landregistry.data.gov.uk/data/ppi/transaction/2ACACE8D-1329-295E-E063-4804A8C0B0EB/current"
"25E9DA81-2773-555E-E063-4704A8C066F2","407500","2024-06-27","EC3N 1NT","F","N","L","FLAT 8","FENCHURCH HOUSE, 136 - 138","MINORIES","","LONDON","CITY OF LONDON","GREATER LONDON","A","http://landregistry.data.gov.uk/data/ppi/transaction/25E9DA81-2773-555E-E063-4704A8C066F2/current"
"39140479-F47C-3206-E050-A8C063057647","680000","2016-07-20","EC3N 1NT","F","N","L","FLAT 9","FENCHURCH HOUSE, 136 - 138","MINORIES","","LONDON","CITY OF LONDON","GREATER LONDON","A","http://landregistry.data.gov.uk/data/ppi/transaction/39140479-F47C-3206-E050-A8C063057647/current"
"D22473F6-8A26-7B40-E053-6C04A8C0A630","6100000","2021-09-30","EC3N 1NT","O","N","F","","139 - 141","MINORIES","","LONDON","CITY OF LONDON","GREATER LONDON","B","http://landregistry.data.gov.uk/data/ppi/transaction/D22473F6-8A26-7B40-E053-6C04A8C0A630/current"
"726BF13B-97A0-0A46-E053-6C04A8C01D0D","114004","2018-07-16","EC3N 1RE","O","N","L","","1","ALDGATE","","LONDON","CITY OF LONDON","GREATER LONDON","B","http://landregistry.data.gov.uk/data/ppi/transaction/726BF13B-97A0-0A46-E053-6C04A8C01D0D/current"
"7E86B6FB-B531-458C-E053-6B04A8C0C84C","2700000","2018-11-28","EC3N 2AE","O","N","F","","39 - 41","CRUTCHED FRIARS","","LONDON","CITY OF LONDON","GREATER LONDON","B","http://landregistry.data.gov.uk/data/ppi/transaction/7E86B6FB-B531-458C-E053-6B04A8C0C84C/current"
"AE4D86D4-3DE0-4619-E053-6C04A8C03CD0","840000","2020-07-13","EC3N 2AE","F","N","L","FIRST FLOOR FLAT","41","CRUTCHED FRIARS","","LONDON","CITY OF LONDON","GREATER LONDON","A","http://landregistry.data.gov.uk/data/ppi/transaction/AE4D86D4-3DE0-4619-E053-6C04A8C03CD0/current"
"2859C1AB-71B0-52B4-E063-4804A8C05948","385000","2024-10-25","EC3N 2AR","F","N","L","FLAT 5","25","SAVAGE GARDENS","","LONDON","CITY OF LONDON","GREATER LONDON","A","http://landregistry.data.gov.uk/data/ppi/transaction/2859C1AB-71B0-52B4-E063-4804A8C05948/current"
"5CF9903C-D016-7F13-E053-6C04A8C074B1","135000","2017-09-21","EC3N 2AR","O","N","L","","26A","SAVAGE GARDENS","","LONDON","CITY OF LONDON","GREATER LONDON","B","http://landregistry.data.gov.uk/data/ppi/transaction/5CF9903C-D016-7F13-E053-6C04A8C074B1/current"
"965B6D92-516B-95E4-E053-6C04A8C07729","218500000","2019-04-04","EC3N 2BQ","O","N","F","","GRANGE CITY HOTEL, 8 - 14","COOPERS ROW","","LONDON","CITY OF LONDON","GREATER LONDON","B","http://landregistry.data.gov.uk/data/ppi/transaction/965B6D92-516B-95E4-E053-6C04A8C07729/current"
"965B6D92-4BFC-95E4-E053-6C04A8C07729","218500000","2019-04-04","EC3N 2BQ","O","N","F","","GRANGE CITY HOTEL, 8 - 14","COOPERS ROW","","LONDON","CITY OF LONDON","GREATER LONDON","B","http://landregistry.data.gov.uk/data/ppi/transaction/965B6D92-4BFC-95E4-E053-6C04A8C07729/current"
"93E6821F-313D-40FD-E053-6B04A8C0C1DF","81936000","2019-03-29","EC3N 2BQ","O","N","F","","GRANGE CITY HOTEL, 8 - 14","COOPERS ROW","","LONDON","CITY OF LONDON","GREATER LONDON","B","http://landregistry.data.gov.uk/data/ppi/transaction/93E6821F-313D-40FD-E053-6B04A8C0C1DF/current"
"93E6821F-3629-40FD-E053-6B04A8C0C1DF","81936000","2019-03-29","EC3N 2BQ","O","N","F","","GRANGE CITY HOTEL, 8 - 14","COOPERS ROW","","LONDON","CITY OF LONDON","GREATER LONDON","B","http://landregistry.data.gov.uk/data/ppi/transaction/93E6821F-3629-40FD-E053-6B04A8C0C1DF/current"
"93E6821F-1B99-40FD-E053-6B04A8C0C1DF","162660388","2019-03-15","EC3N 2BQ","O","N","L","","GRANGE CITY HOTEL, 8 - 14","COOPERS ROW","","LONDON","CITY OF LONDON","GREATER LONDON","B","http://landregistry.data.gov.uk/data/ppi/transaction/93E6821F-1B99-40FD-E053-6B04A8C0C1DF/current"
"045A1899-60A3-9A24-E063-4804A8C048EA","101790000","2023-08-03","EC3N 2EJ","O","N","F","","FRIARY COURT","NORTHUMBERLAND ALLEY","","LONDON","CITY OF LONDON","GREATER LONDON","B","http://landregistry.data.gov.uk/data/ppi/transaction/045A1899-60A3-9A24-E063-4804A8C048EA/current"
"5340B1C6-2245-8052-E063-4804A8C06EE4","1065000","2025-10-30","EC3N 2EJ","O","N","F","","10","NORTHUMBERLAND ALLEY","","LONDON","CITY OF LONDON","GREATER LONDON","B","http://landregistry.data.gov.uk/data/ppi/transaction/5340B1C6-2245-8052-E063-4804A8C06EE4/current"
"6DA0844A-B9A4-30F2-E053-6B04A8C05F3B","1800000","2018-02-16","EC3N 2EJ","O","N","F","","10","NORTHUMBERLAND ALLEY","","LONDON","CITY OF LONDON","GREATER LONDON","B","http://landregistry.data.gov.uk/data/ppi/transaction/6DA0844A-B9A4-30F2-E053-6B04A8C05F3B/current"
"BEF7EBBF-A9C8-7A76-E053-6B04A8C092F7","31300000","2021-01-08","EC3N 2EX","O","N","F","","BOUNDARY HOUSE, 7 - 17","JEWRY STREET","","LONDON","CITY OF LONDON","GREATER LONDON","B","http://landregistry.data.gov.uk/data/ppi/transaction/BEF7EBBF-A9C8-7A76-E053-6B04A8C092F7/current"
"3E0330F0-B983-8D89-E050-A8C062052140","27780000","2016-08-30","EC3N 2EX","O","N","F","","BOUNDARY HOUSE, 7 - 17","JEWRY STREET","","LONDON","CITY OF LONDON","GREATER LONDON","B","http://landregistry.data.gov.uk/data/ppi/transaction/3E0330F0-B983-8D89-E050-A8C062052140/current"
"FD226036-9852-4CB7-E053-4804A8C00430","8650000","2022-08-02","EC3N 2HS","O","N","F","","8","INDIA STREET","","LONDON","CITY OF LONDON","GREATER LONDON","B","http://landregistry.data.gov.uk/data/ppi/transaction/FD226036-9852-4CB7-E053-4804A8C00430/current"
"453D27A3-E590-EF91-E050-A8C0630574D7","11200000","2016-11-10","EC3N 2HS","O","N","F","","8","INDIA STREET","","LONDON","CITY OF LONDON","GREATER LONDON","B","http://landregistry.data.gov.uk/data/ppi/transaction/453D27A3-E590-EF91-E050-A8C0630574D7/current"
"4C4EE000-4FF4-1854-E050-A8C063054F34","15392000","2017-01-05","EC3N 2HT","O","N","L","","ROMAN WALL HOUSE, 1 - 2","CRUTCHED FRIARS","","LONDON","CITY OF LONDON","GREATER LONDON","B","http://landregistry.data.gov.uk/data/ppi/transaction/4C4EE000-4FF4-1854-E050-A8C063054F34/current"
"4C4EE000-4F71-1854-E050-A8C063054F34","26208000","2017-01-05","EC3N 2JY","O","N","F","","9","CROSSWALL","","LONDON","CITY OF LONDON","GREATER LONDON","B","http://landregistry.data.gov.uk/data/ppi/transaction/4C4EE000-4F71-1854-E050-A8C063054F34/current"
"FD226036-980E-4CB7-E053-4804A8C00430","1596000","2022-07-13","EC3N 2LJ","O","N","L","","14","CROSSWALL","","LONDON","CITY OF LONDON","GREATER LONDON","B","http://landregistry.data.gov.uk/data/ppi/transaction/FD226036-980E-4CB7-E053-4804A8C00430/current"
"F3B6C199-4415-6E40-E053-6C04A8C0B3B4","8000000","2022-09-16","EC3N 2LS","O","N","L","","1","AMERICA SQUARE","","LONDON","CITY OF LONDON","GREATER LONDON","B","http://landregistry.data.gov.uk/data/ppi/transaction/F3B6C199-4415-6E40-E053-6C04A8C0B3B4/current"
"5CF9903C-EC4A-7F13-E053-6C04A8C074B1","129106090","2017-09-22","EC3N 2LS","O","N","L","","1","AMERICA SQUARE","","LONDON","CITY OF LONDON","GREATER LONDON","B","http://landregistry.data.gov.uk/data/ppi/transaction/5CF9903C-EC4A-7F13-E053-6C04A8C074B1/current"
"8CAC1319-0F79-0253-E053-6B04A8C08E51","27630854","2019-02-18","EC3N 2LU","O","N","L","","AMERICA HOUSE, 2","AMERICA SQUARE","","LONDON","CITY OF LONDON","GREATER LONDON","B","http://landregistry.data.gov.uk/data/ppi/transaction/8CAC1319-0F79-0253-E053-6B04A8C08E51/current"
"4777E0AF-9459-5D59-E063-4804A8C09F8E","11250000","2024-11-21","EC3N 2LY","O","N","F","","6","CRESCENT","","LONDON","CITY OF LONDON","GREATER LONDON","B","http://landregistry.data.gov.uk/data/ppi/transaction/4777E0AF-9459-5D59-E063-4804A8C09F8E/current"
"0E082197-7827-5C09-E063-4704A8C0A10E","5625000","2023-12-01","EC3N 2LY","O","N","L","","6 - 7","CRESCENT","","LONDON","CITY OF LONDON","GREATER LONDON","B","http://landregistry.data.gov.uk/data/ppi/transaction/0E082197-7827-5C09-E063-4704A8C0A10E/current"
"4777E0AF-756D-5D59-E063-4804A8C09F8E","11250000","2024-11-21","EC3N 2LY","O","N","F","","7","CRESCENT","","LONDON","CITY OF LONDON","GREATER LONDON","B","http://landregistry.data.gov.uk/data/ppi/transaction/4777E0AF-756D-5D59-E063-4804A8C09F8E/current"
"4777E0AF-945C-5D59-E063-4804A8C09F8E","11250000","2024-11-21","EC3N 2LY","O","N","F","","8 - 11","CRESCENT","","LONDON","CITY OF LONDON","GREATER LONDON","B","http://landregistry.data.gov.uk/data/ppi/transaction/4777E0AF-945C-5D59-E063-4804A8C09F8E/current"
"4777E0AF-945F-5D59-E063-4804A8C09F8E","11250000","2024-11-21","EC3N 2LY","O","N","F","","8 - 11","CRESCENT","","LONDON","CITY OF LONDON","GREATER LONDON","B","http://landregistry.data.gov.uk/data/ppi/transaction/4777E0AF-945F-5D59-E063-4804A8C09F8E/current"
"4777E0AF-945A-5D59-E063-4804A8C09F8E","11250000","2024-11-21","EC3N 2LY","O","N","F","","8 - 11","CRESCENT","","LONDON","CITY OF LONDON","GREATER LONDON","B","http://landregistry.data.gov.uk/data/ppi/transaction/4777E0AF-945A-5D59-E063-4804A8C09F8E/current"
"12A8BAB7-0285-2125-E063-4804A8C08CC1","7125000","2023-12-01","EC3N 2LY","O","N","L","","8 - 11","CRESCENT","","LONDON","CITY OF LONDON","GREATER LONDON","B","http://landregistry.data.gov.uk/data/ppi/transaction/12A8BAB7-0285-2125-E063-4804A8C08CC1/current"
"0E082197-782E-5C09-E063-4704A8C0A10E","7125000","2023-12-01","EC3N 2LY","O","N","L","","8 - 11","CRESCENT","","LONDON","CITY OF LONDON","GREATER LONDON","B","http://landregistry.data.gov.uk/data/ppi/transaction/0E082197-782E-5C09-E063-4704A8C0A10E/current"
"402A3A66-CF3B-A7DF-E063-4804A8C0B80D","106198668","2024-09-30","EC3N 2NR","O","N","F","","NOVOTEL","PEPYS STREET","","LONDON","CITY OF LONDON","GREATER LONDON","B","http://landregistry.data.gov.uk/data/ppi/transaction/402A3A66-CF3B-A7DF-E063-4804A8C0B80D/current"
"0E082197-7859-5C09-E063-4704A8C0A10E","487500","2023-11-10","EC3N 2NU","F","N","L","FLAT 111","1","PEPYS STREET","","LONDON","CITY OF LONDON","GREATER LONDON","B","http://landregistry.data.gov.uk/data/ppi/transaction/0E082197-7859-5C09-E063-4704A8C0A10E/current"
"64342BFE-91F9-422C-E053-6C04A8C0FB8A","756000","2018-01-10","EC3N 2NU","F","N","L","FLAT 207","1","PEPYS STREET","","LONDON","CITY OF LONDON","GREATER LONDON","A","http://landregistry.data.gov.uk/data/ppi/transaction/64342BFE-91F9-422C-E053-6C04A8C0FB8A/current"
"DBA933FA-80AB-669D-E053-6B04A8C0AD56","530000","2021-06-30","EC3N 2NU","F","N","L","FLAT 308","1","PEPYS STREET","","LONDON","CITY OF LONDON","GREATER LONDON","B","http://landregistry.data.gov.uk/data/ppi/transaction/DBA933FA-80AB-669D-E053-6B04A8C0AD56/current"
"7E86B6FB-1C68-458C-E053-6B04A8C0C84C","730000","2018-11-28","EC3N 2NU","F","N","L","FLAT 407","1","PEPYS STREET","","LONDON","CITY OF LONDON","GREATER LONDON","A","http://landregistry.data.gov.uk/data/ppi/transaction/7E86B6FB-1C68-458C-E053-6B04A8C0C84C/current"
"E073986B-83FC-2134-E053-6C04A8C0233B","550000","2022-04-01","EC3N 2NU","F","N","L","FLAT 408","1","PEPYS STREET","","LONDON","CITY OF LONDON","GREATER LONDON","A","http://landregistry.data.gov.uk/data/ppi/transaction/E073986B-83FC-2134-E053-6C04A8C0233B/current"
"BC8936BB-C902-0E2C-E053-6C04A8C0DBF4","530000","2020-12-09","EC3N 2NU","F","N","L","FLAT 411","1","PEPYS STREET","","LONDON","CITY OF LONDON","GREATER LONDON","A","http://landregistry.data.gov.uk/data/ppi/transaction/BC8936BB-C902-0E2C-E053-6C04A8C0DBF4/current"
"61D8894E-2602-3DE6-E053-6C04A8C01207","560000","2017-11-09","EC3N 2NU","F","N","L","FLAT 501","1","PEPYS STREET","","LONDON","CITY OF LONDON","GREATER LONDON","A","http://landregistry.data.gov.uk/data/ppi/transaction/61D8894E-2602-3DE6-E053-6C04A8C01207/current"
"49E87C32-35DE-591C-E063-4704A8C00C31","482500","2026-01-26","EC3N 2NU","F","N","L","FLAT 502","1","PEPYS STREET","","LONDON","CITY OF LONDON","GREATER LONDON","A","http://landregistry.data.gov.uk/data/ppi/transaction/49E87C32-35DE-591C-E063-4704A8C00C31/current"
"2859C1AC-3DFE-52B4-E063-4804A8C05948","520000","2024-11-15","EC3N 2NU","F","N","L","FLAT 503","1","PEPYS STREET","","LONDON","CITY OF LONDON","GREATER LONDON","A","http://landregistry.data.gov.uk/data/ppi/transaction/2859C1AC-3DFE-52B4-E063-4804A8C05948/current"
"FD226036-0DF9-4CB7-E053-4804A8C00430","737500","2022-10-21","EC3N 2NU","F","N","L","FLAT 504","1","PEPYS STREET","","LONDON","CITY OF LONDON","GREATER LONDON","A","http://landregistry.data.gov.uk/data/ppi/transaction/FD226036-0DF9-4CB7-E053-4804A8C00430/current"
"38EDC0C3-262E-0F63-E063-4704A8C00424","500000","2025-05-16","EC3N 2NU","F","N","L","FLAT 505","1","PEPYS STREET","","LONDON","CITY OF LONDON","GREATER LONDON","A","http://landregistry.data.gov.uk/data/ppi/transaction/38EDC0C3-262E-0F63-E063-4704A8C00424/current"
"2F7F2B43-4531-E08F-E063-4804A8C05A49","690000","2025-02-14","EC3N 2NU","F","N","L","FLAT 507","1","PEPYS STREET","","LONDON","CITY OF LONDON","GREATER LONDON","A","http://landregistry.data.gov.uk/data/ppi/transaction/2F7F2B43-4531-E08F-E063-4804A8C05A49/current"
"E7B085FC-8A06-7E31-E053-6C04A8C0E67F","535000","2022-07-22","EC3N 2NU","F","N","L","FLAT 508","1","PEPYS STREET","","LONDON","CITY OF LONDON","GREATER LONDON","A","http://landregistry.data.gov.uk/data/ppi/transaction/E7B085FC-8A06-7E31-E053-6C04A8C0E67F/current"
"4C1B673F-6BB7-D8EA-E063-4704A8C0BF7D","490000","2026-02-06","EC3N 2NU","F","N","L","FLAT 510","1","PEPYS STREET","","LONDON","CITY OF LONDON","GREATER LONDON","A","http://landregistry.data.gov.uk/data/ppi/transaction/4C1B673F-6BB7-D8EA-E063-4704A8C0BF7D/current"
"4C1B673F-6BB0-D8EA-E063-4704A8C0BF7D","520000","2026-02-12","EC3N 2NU","F","N","L","FLAT 603","1","PEPYS STREET","","LONDON","CITY OF LONDON","GREATER LONDON","A","http://landregistry.data.gov.uk/data/ppi/transaction/4C1B673F-6BB0-D8EA-E063-4704A8C0BF7D/current"
"4E75C29D-79BA-8922-E063-4804A8C094D0","665000","2026-02-20","EC3N 2NU","F","N","L","FLAT 604","1","PEPYS STREET","","LONDON","CITY OF LONDON","GREATER LONDON","A","http://landregistry.data.gov.uk/data/ppi/transaction/4E75C29D-79BA-8922-E063-4804A8C094D0/current"
"BC8936BB-C905-0E2C-E053-6C04A8C0DBF4","732500","2021-01-05","EC3N 2NU","F","N","L","FLAT 705","1","PEPYS STREET","","LONDON","CITY OF LONDON","GREATER LONDON","A","http://landregistry.data.gov.uk/data/ppi/transaction/BC8936BB-C905-0E2C-E053-6C04A8C0DBF4/current"
"B82222ED-A76B-6691-E053-6B04A8C02FB2","625000","2020-10-30","EC3N 2NU","F","N","L","FLAT 707","1","PEPYS STREET","","LONDON","CITY OF LONDON","GREATER LONDON","B","http://landregistry.data.gov.uk/data/ppi/transaction/B82222ED-A76B-6691-E053-6B04A8C02FB2/current"
"34222872-92D0-4D2B-E063-4704A8C07853","515000","2025-03-07","EC3N 2NU","F","N","L","FLAT 708","1","PEPYS STREET","","LONDON","CITY OF LONDON","GREATER LONDON","A","http://landregistry.data.gov.uk/data/ppi/transaction/34222872-92D0-4D2B-E063-4704A8C07853/current"
"55BDCAE6-41CD-521D-E053-6B04A8C0DD7A","592000","2017-06-23","EC3N 2NU","F","N","L","FLAT 801","1","PEPYS STREET","","LONDON","CITY OF LONDON","GREATER LONDON","A","http://landregistry.data.gov.uk/data/ppi/transaction/55BDCAE6-41CD-521D-E053-6B04A8C0DD7A/current"
"42C129E4-E0B4-60A9-E063-4804A8C0C25D","575000","2025-09-25","EC3N 2NU","F","N","L","FLAT 805","1","PEPYS STREET","","LONDON","CITY OF LONDON","GREATER LONDON","A","http://landregistry.data.gov.uk/data/ppi/transaction/42C129E4-E0B4-60A9-E063-4804A8C0C25D/current"
"2859C1AC-3E04-52B4-E063-4804A8C05948","480000","2024-10-28","EC3N 2NU","F","N","L","FLAT 807","1","PEPYS STREET","","LONDON","CITY OF LONDON","GREATER LONDON","A","http://landregistry.data.gov.uk/data/ppi/transaction/2859C1AC-3E04-52B4-E063-4804A8C05948/current"
"61D8894E-25FC-3DE6-E053-6C04A8C01207","495000","2017-11-30","EC3N 2NU","F","N","L","FLAT G03","1","PEPYS STREET","","LONDON","CITY OF LONDON","GREATER LONDON","A","http://landregistry.data.gov.uk/data/ppi/transaction/61D8894E-25FC-3DE6-E053-6C04A8C01207/current"
"C3C3F9B6-10A6-362B-E053-6B04A8C03ACC","454500","2021-03-15","EC3N 2NU","F","N","L","FLAT G05","1","PEPYS STREET","","LONDON","CITY OF LONDON","GREATER LONDON","A","http://landregistry.data.gov.uk/data/ppi/transaction/C3C3F9B6-10A6-362B-E053-6B04A8C03ACC/current"
"DBA933F9-BE01-669D-E053-6B04A8C0AD56","725000","2022-02-28","EC3N 2NU","F","N","L","FLAT G08","1","PEPYS STREET","","LONDON","CITY OF LONDON","GREATER LONDON","A","http://landregistry.data.gov.uk/data/ppi/transaction/DBA933F9-BE01-669D-E053-6B04A8C0AD56/current"
"55BDCAE6-E2D5-521D-E053-6B04A8C0DD7A","500000","2017-06-28","EC3N 2NU","F","N","L","FLAT G08","1","PEPYS STREET","","LONDON","CITY OF LONDON","GREATER LONDON","B","http://landregistry.data.gov.uk/data/ppi/transaction/55BDCAE6-E2D5-521D-E053-6B04A8C0DD7A/current"
"0B853950-B523-69A5-E063-4704A8C07DAC","50232915","2022-01-27","EC3N 2PX","O","N","L","","THE LUMINARY","VINE STREET","","LONDON","CITY OF LONDON","GREATER LONDON","B","http://landregistry.data.gov.uk/data/ppi/transaction/0B853950-B523-69A5-E063-4704A8C07DAC/current"
"402A3A66-CE63-A7DF-E063-4804A8C0B80D","12025000","2025-09-05","EC3N 3AE","O","N","F","","5","LLOYDS AVENUE","","LONDON","CITY OF LONDON","GREATER LONDON","B","http://landregistry.data.gov.uk/data/ppi/transaction/402A3A66-CE63-A7DF-E063-4804A8C0B80D/current"
"50F18103-E64B-9FD5-E050-A8C063054923","18508838","2017-04-13","EC3N 3AJ","O","N","F","","ST. OLAVES HOUSE, 10","LLOYDS AVENUE","","LONDON","CITY OF LONDON","GREATER LONDON","B","http://landregistry.data.gov.uk/data/ppi/transaction/50F18103-E64B-9FD5-E050-A8C063054923/current"
"965B6D92-33BB-95E4-E053-6C04A8C07729","30650000","2019-10-18","EC3N 3AX","O","N","F","","LLOYDS AVENUE HOUSE, 6","LLOYDS AVENUE","","LONDON","CITY OF LONDON","GREATER LONDON","B","http://landregistry.data.gov.uk/data/ppi/transaction/965B6D92-33BB-95E4-E053-6C04A8C07729/current"
"F87E72F9-BA0E-176C-E053-6B04A8C0D2BE","11400000","2022-12-19","EC3N 3EL","O","N","F","","8","LLOYDS AVENUE","","LONDON","CITY OF LONDON","GREATER LONDON","B","http://landregistry.data.gov.uk/data/ppi/transaction/F87E72F9-BA0E-176C-E053-6B04A8C0D2BE/current"
"D4D42646-11B4-27F6-E053-6C04A8C0A572","610000","2021-09-20","EC3N 4AA","F","N","L","FLAT 14","15","TRINITY SQUARE","","LONDON","CITY OF LONDON","GREATER LONDON","A","http://landregistry.data.gov.uk/data/ppi/transaction/D4D42646-11B4-27F6-E053-6C04A8C0A572/current"
"582D0637-4A73-8F22-E053-6C04A8C01BAC","550000","2017-07-06","EC3N 4AA","F","N","L","FLAT 14","15","TRINITY SQUARE","","LONDON","CITY OF LONDON","GREATER LONDON","A","http://landregistry.data.gov.uk/data/ppi/transaction/582D0637-4A73-8F22-E053-6C04A8C01BAC/current"
"6DA0844A-2E50-30F2-E053-6B04A8C05F3B","835000","2018-04-06","EC3N 4AA","F","N","L","FLAT 6","15","TRINITY SQUARE","","LONDON","CITY OF LONDON","GREATER LONDON","A","http://landregistry.data.gov.uk/data/ppi/transaction/6DA0844A-2E50-30F2-E053-6B04A8C05F3B/current"
"36A61A94-CDD2-DEF2-E063-4704A8C046AE","1000000","2025-04-01","EC3N 4AA","F","N","L","FLAT 9","15","TRINITY SQUARE","","LONDON","CITY OF LONDON","GREATER LONDON","A","http://landregistry.data.gov.uk/data/ppi/transaction/36A61A94-CDD2-DEF2-E063-4704A8C046AE/current"
"F3B6C198-7EEF-6E40-E053-6C04A8C0B3B4","1035000","2022-12-22","EC3N 4AL","F","N","L","FLAT 2","12","TRINITY SQUARE","","LONDON","CITY OF LONDON","GREATER LONDON","A","http://landregistry.data.gov.uk/data/ppi/transaction/F3B6C198-7EEF-6E40-E053-6C04A8C0B3B4/current"
"3B5CE842-0404-EE3A-E063-4804A8C0D6F1","950000","2025-06-06","EC3N 4AL","F","N","L","FLAT 5","12","TRINITY SQUARE","","LONDON","CITY OF LONDON","GREATER LONDON","A","http://landregistry.data.gov.uk/data/ppi/transaction/3B5CE842-0404-EE3A-E063-4804A8C0D6F1/current"
"965B6D91-AC59-95E4-E053-6C04A8C07729","335000","2019-07-09","EC3N 4AL","F","N","L","FLAT 6","12","TRINITY SQUARE","","LONDON","CITY OF LONDON","GREATER LONDON","A","http://landregistry.data.gov.uk/data/ppi/transaction/965B6D91-AC59-95E4-E053-6C04A8C07729/current"
"5340B1C6-0561-8052-E063-4804A8C06EE4","27247456","2026-02-26","EC3N 4AX","O","N","F","","1","SEETHING LANE","","LONDON","CITY OF LONDON","GREATER LONDON","B","http://landregistry.data.gov.uk/data/ppi/transaction/5340B1C6-0561-8052-E063-4804A8C06EE4/current"
"404A5AF4-6833-CD2B-E050-A8C063055C7B","84484999","2016-09-29","EC3N 4SG","O","N","F","","S G HOUSE, 41","TOWER HILL","","LONDON","CITY OF LONDON","GREATER LONDON","B","http://landregistry.data.gov.uk/data/ppi/transaction/404A5AF4-6833-CD2B-E050-A8C063055C7B/current"
"64342BFF-53C2-422C-E053-6C04A8C0FB8A","13700000","2017-12-20","EC3R 5AQ","O","N","F","","19 - 21","GREAT TOWER STREET","","LONDON","CITY OF LONDON","GREATER LONDON","B","http://landregistry.data.gov.uk/data/ppi/transaction/64342BFF-53C2-422C-E053-6C04A8C0FB8A/current"
"5CF9903C-EC75-7F13-E053-6C04A8C074B1","90000","2017-09-22","EC3R 5AQ","O","N","L","","19 - 21","GREAT TOWER STREET","","LONDON","CITY OF LONDON","GREATER LONDON","B","http://landregistry.data.gov.uk/data/ppi/transaction/5CF9903C-EC75-7F13-E053-6C04A8C074B1/current"
"4E75C29E-2519-8922-E063-4804A8C094D0","900000","2025-05-15","EC3R 5AQ","O","N","F","GROUND FLOOR AND LOWER GROUND FLOOR","22 - 23","GREAT TOWER STREET","","LONDON","CITY OF LONDON","GREATER LONDON","B","http://landregistry.data.gov.uk/data/ppi/transaction/4E75C29E-2519-8922-E063-4804A8C094D0/current"
"44F406B7-2031-1095-E063-4704A8C048D4","4300000","2025-05-15","EC3R 5AQ","O","N","L","APARTMENT 2","23","GREAT TOWER STREET","","LONDON","CITY OF LONDON","GREATER LONDON","B","http://landregistry.data.gov.uk/data/ppi/transaction/44F406B7-2031-1095-E063-4704A8C048D4/current"
"DBA933F9-BDC8-669D-E053-6B04A8C0AD56","645000","2021-10-28","EC3R 5AQ","F","N","L","FLAT 10","26 - 27","GREAT TOWER STREET","","LONDON","CITY OF LONDON","GREATER LONDON","A","http://landregistry.data.gov.uk/data/ppi/transaction/DBA933F9-BDC8-669D-E053-6B04A8C0AD56/current"
"453D27A3-50E6-EF91-E050-A8C0630574D7","665000","2016-11-22","EC3R 5AQ","F","N","L","FLAT 10","26 - 27","GREAT TOWER STREET","","LONDON","CITY OF LONDON","GREATER LONDON","A","http://landregistry.data.gov.uk/data/ppi/transaction/453D27A3-50E6-EF91-E050-A8C0630574D7/current"
"2D1E4B26-96F8-FCD1-E050-A8C0630544EC","745000","2016-01-29","EC3R 5AQ","F","N","L","FLAT 7","26 - 27","GREAT TOWER STREET","","LONDON","CITY OF LONDON","GREATER LONDON","A","http://landregistry.data.gov.uk/data/ppi/transaction/2D1E4B26-96F8-FCD1-E050-A8C0630544EC/current"
"BA558B33-8088-76EF-E053-6B04A8C0B4B7","70000","2020-11-25","EC3R 5BA","O","N","L","","14","BYWARD STREET","","LONDON","CITY OF LONDON","GREATER LONDON","B","http://landregistry.data.gov.uk/data/ppi/transaction/BA558B33-8088-76EF-E053-6B04A8C0B4B7/current"
"F5E8B082-455E-3A13-E053-6C04A8C060B7","17150000","2022-11-08","EC3R 5BA","O","N","L","","TOWER VIEW, 13 - 17","BYWARD STREET","","LONDON","CITY OF LONDON","GREATER LONDON","B","http://landregistry.data.gov.uk/data/ppi/transaction/F5E8B082-455E-3A13-E053-6C04A8C060B7/current"
"64342BFF-3886-422C-E053-6C04A8C0FB8A","13500","2017-10-06","EC3R 5DD","O","N","L","","ALL HALLOWS HOUSE","IDOL LANE","","LONDON","CITY OF LONDON","GREATER LONDON","B","http://landregistry.data.gov.uk/data/ppi/transaction/64342BFF-3886-422C-E053-6C04A8C0FB8A/current"
"0B853950-D90A-69A5-E063-4704A8C07DAC","27500000","2023-06-30","EC3R 5DJ","O","N","F","","5 - 10","GREAT TOWER STREET","","LONDON","CITY OF LONDON","GREATER LONDON","B","http://landregistry.data.gov.uk/data/ppi/transaction/0B853950-D90A-69A5-E063-4704A8C07DAC/current"
"FD226036-9827-4CB7-E053-4804A8C00430","40000000","2023-03-29","EC3R 5DJ","O","N","F","","5 - 10","GREAT TOWER STREET","","LONDON","CITY OF LONDON","GREATER LONDON","B","http://landregistry.data.gov.uk/data/ppi/transaction/FD226036-9827-4CB7-E053-4804A8C00430/current"
"42C129E4-2860-60A9-E063-4804A8C0C25D","1450000","2024-11-28","EC3R 6AL","F","N","L","FLAT 1","SUGAR QUAY, 1","WATER LANE","","LONDON","CITY OF LONDON","GREATER LONDON","A","http://landregistry.data.gov.uk/data/ppi/transaction/42C129E4-2860-60A9-E063-4804A8C0C25D/current"
"75050A84-AA9C-9A88-E053-6B04A8C02390","1350000","2018-06-29","EC3R 6AL","F","Y","L","FLAT 1","SUGAR QUAY, 1","WATER LANE","","LONDON","CITY OF LONDON","GREATER LONDON","A","http://landregistry.data.gov.uk/data/ppi/transaction/75050A84-AA9C-9A88-E053-6B04A8C02390/current"
"75050A84-AAE3-9A88-E053-6B04A8C02390","857000","2018-06-29","EC3R 6AL","F","Y","L","FLAT 10","SUGAR QUAY, 1","WATER LANE","","LONDON","CITY OF LONDON","GREATER LONDON","A","http://landregistry.data.gov.uk/data/ppi/transaction/75050A84-AAE3-9A88-E053-6B04A8C02390/current"
"75050A84-AAF3-9A88-E053-6B04A8C02390","1055000","2018-06-29","EC3R 6AL","F","Y","L","FLAT 11","SUGAR QUAY, 1","WATER LANE","","LONDON","CITY OF LONDON","GREATER LONDON","A","http://landregistry.data.gov.uk/data/ppi/transaction/75050A84-AAF3-9A88-E053-6B04A8C02390/current"
"75050A84-AB2F-9A88-E053-6B04A8C02390","2309400","2018-06-29","EC3R 6AL","F","Y","L","FLAT 12","SUGAR QUAY, 1","WATER LANE","","LONDON","CITY OF LONDON","GREATER LONDON","A","http://landregistry.data.gov.uk/data/ppi/transaction/75050A84-AB2F-9A88-E053-6B04A8C02390/current"
"75050A84-AB0C-9A88-E053-6B04A8C02390","1600000","2018-07-04","EC3R 6AL","F","Y","L","FLAT 13","SUGAR QUAY, 1","WATER LANE","","LONDON","CITY OF LONDON","GREATER LONDON","A","http://landregistry.data.gov.uk/data/ppi/transaction/75050A84-AB0C-9A88-E053-6B04A8C02390/current"
"75050A84-AB6E-9A88-E053-6B04A8C02390","2264400","2018-06-27","EC3R 6AL","F","Y","L","FLAT 14","SUGAR QUAY, 1","WATER LANE","","LONDON","CITY OF LONDON","GREATER LONDON","A","http://landregistry.data.gov.uk/data/ppi/transaction/75050A84-AB6E-9A88-E053-6B04A8C02390/current"
"75050A84-AAE6-9A88-E053-6B04A8C02390","2340191","2018-06-29","EC3R 6AL","F","Y","L","FLAT 15","SUGAR QUAY, 1","WATER LANE","","LONDON","CITY OF LONDON","GREATER LONDON","A","http://landregistry.data.gov.uk/data/ppi/transaction/75050A84-AAE6-9A88-E053-6B04A8C02390/current"
"85866A64-5F38-143F-E053-6B04A8C06A15","1530000","2018-11-30","EC3R 6AL","F","Y","L","FLAT 16","SUGAR QUAY, 1","WATER LANE","","LONDON","CITY OF LONDON","GREATER LONDON","B","http://landregistry.data.gov.uk/data/ppi/transaction/85866A64-5F38-143F-E053-6B04A8C06A15/current"
"8F1B26BE-7D94-53DB-E053-6C04A8C03649","2124958","2019-06-18","EC3R 6AL","F","Y","L","FLAT 17","SUGAR QUAY, 1","WATER LANE","","LONDON","CITY OF LONDON","GREATER LONDON","B","http://landregistry.data.gov.uk/data/ppi/transaction/8F1B26BE-7D94-53DB-E053-6C04A8C03649/current"
"93E6821F-1CAF-40FD-E053-6B04A8C0C1DF","2223600","2019-08-22","EC3R 6AL","F","Y","L","FLAT 18","SUGAR QUAY, 1","WATER LANE","","LONDON","CITY OF LONDON","GREATER LONDON","B","http://landregistry.data.gov.uk/data/ppi/transaction/93E6821F-1CAF-40FD-E053-6B04A8C0C1DF/current"
"80E1AA97-AA9C-7BF8-E053-6C04A8C00BF2","1525000","2018-10-26","EC3R 6AL","F","Y","L","FLAT 19","SUGAR QUAY, 1","WATER LANE","","LONDON","CITY OF LONDON","GREATER LONDON","A","http://landregistry.data.gov.uk/data/ppi/transaction/80E1AA97-AA9C-7BF8-E053-6C04A8C00BF2/current"
"8355F008-A526-55C5-E053-6B04A8C0D090","872999","2018-12-04","EC3R 6AL","F","Y","L","FLAT 2","SUGAR QUAY, 1","WATER LANE","","LONDON","CITY OF LONDON","GREATER LONDON","A","http://landregistry.data.gov.uk/data/ppi/transaction/8355F008-A526-55C5-E053-6B04A8C0D090/current"
"93E6821F-1CAE-40FD-E053-6B04A8C0C1DF","2120750","2019-08-22","EC3R 6AL","F","Y","L","FLAT 20","SUGAR QUAY, 1","WATER LANE","","LONDON","CITY OF LONDON","GREATER LONDON","B","http://landregistry.data.gov.uk/data/ppi/transaction/93E6821F-1CAE-40FD-E053-6B04A8C0C1DF/current"
"80E1AA97-AA68-7BF8-E053-6C04A8C00BF2","2635360","2018-09-28","EC3R 6AL","F","Y","L","FLAT 21","SUGAR QUAY, 1","WATER LANE","","LONDON","CITY OF LONDON","GREATER LONDON","A","http://landregistry.data.gov.uk/data/ppi/transaction/80E1AA97-AA68-7BF8-E053-6C04A8C00BF2/current"
"87E1551E-CFD4-6405-E053-6C04A8C0B2EE","3900000","2019-03-15","EC3R 6AL","F","Y","L","FLAT 22","SUGAR QUAY, 1","WATER LANE","","LONDON","CITY OF LONDON","GREATER LONDON","B","http://landregistry.data.gov.uk/data/ppi/transaction/87E1551E-CFD4-6405-E053-6C04A8C0B2EE/current"
"965B6D90-F844-95E4-E053-6C04A8C07729","2750000","2019-07-27","EC3R 6AL","F","Y","L","FLAT 23","SUGAR QUAY, 1","WATER LANE","","LONDON","CITY OF LONDON","GREATER LONDON","A","http://landregistry.data.gov.uk/data/ppi/transaction/965B6D90-F844-95E4-E053-6C04A8C07729/current"
"EED73E75-1CE3-6AF3-E053-6C04A8C08ABA","4680000","2022-01-14","EC3R 6AL","F","N","L","FLAT 24","SUGAR QUAY, 1","WATER LANE","","LONDON","CITY OF LONDON","GREATER LONDON","A","http://landregistry.data.gov.uk/data/ppi/transaction/EED73E75-1CE3-6AF3-E053-6C04A8C08ABA/current"
"80E1AA97-A90C-7BF8-E053-6C04A8C00BF2","3990000","2018-11-15","EC3R 6AL","F","Y","L","FLAT 24","SUGAR QUAY, 1","WATER LANE","","LONDON","CITY OF LONDON","GREATER LONDON","A","http://landregistry.data.gov.uk/data/ppi/transaction/80E1AA97-A90C-7BF8-E053-6C04A8C00BF2/current"
"93E6821D-E85D-40FD-E053-6B04A8C0C1DF","2545750","2019-06-18","EC3R 6AL","F","Y","L","FLAT 25","SUGAR QUAY, 1","WATER LANE","","LONDON","CITY OF LONDON","GREATER LONDON","A","http://landregistry.data.gov.uk/data/ppi/transaction/93E6821D-E85D-40FD-E053-6B04A8C0C1DF/current"
"9DBAD221-5024-6EB3-E053-6B04A8C0F257","6725000","2019-12-19","EC3R 6AL","F","Y","L","FLAT 26","SUGAR QUAY, 1","WATER LANE","","LONDON","CITY OF LONDON","GREATER LONDON","A","http://landregistry.data.gov.uk/data/ppi/transaction/9DBAD221-5024-6EB3-E053-6B04A8C0F257/current"
"9B361206-F7EA-1904-E053-6B04A8C0EEB5","4450200","2019-11-05","EC3R 6AL","F","Y","L","FLAT 27","SUGAR QUAY, 1","WATER LANE","","LONDON","CITY OF LONDON","GREATER LONDON","B","http://landregistry.data.gov.uk/data/ppi/transaction/9B361206-F7EA-1904-E053-6B04A8C0EEB5/current"
"75050A84-AB07-9A88-E053-6B04A8C02390","865000","2018-06-29","EC3R 6AL","F","Y","L","FLAT 28","SUGAR QUAY, 1","WATER LANE","","LONDON","CITY OF LONDON","GREATER LONDON","A","http://landregistry.data.gov.uk/data/ppi/transaction/75050A84-AB07-9A88-E053-6B04A8C02390/current"
"75050A84-AAE8-9A88-E053-6B04A8C02390","800000","2018-06-29","EC3R 6AL","F","Y","L","FLAT 29","SUGAR QUAY, 1","WATER LANE","","LONDON","CITY OF LONDON","GREATER LONDON","A","http://landregistry.data.gov.uk/data/ppi/transaction/75050A84-AAE8-9A88-E053-6B04A8C02390/current"
"75050A84-AB44-9A88-E053-6B04A8C02390","960000","2018-07-09","EC3R 6AL","F","Y","L","FLAT 3","SUGAR QUAY, 1","WATER LANE","","LONDON","CITY OF LONDON","GREATER LONDON","A","http://landregistry.data.gov.uk/data/ppi/transaction/75050A84-AB44-9A88-E053-6B04A8C02390/current"
"7C2D06FF-A18A-4963-E053-6B04A8C07B97","850000","2018-07-04","EC3R 6AL","F","Y","L","FLAT 30","SUGAR QUAY, 1","WATER LANE","","LONDON","CITY OF LONDON","GREATER LONDON","A","http://landregistry.data.gov.uk/data/ppi/transaction/7C2D06FF-A18A-4963-E053-6B04A8C07B97/current"
"75050A84-AB74-9A88-E053-6B04A8C02390","799000","2018-06-29","EC3R 6AL","F","Y","L","FLAT 31","SUGAR QUAY, 1","WATER LANE","","LONDON","CITY OF LONDON","GREATER LONDON","A","http://landregistry.data.gov.uk/data/ppi/transaction/75050A84-AB74-9A88-E053-6B04A8C02390/current"
"75050A84-AB0F-9A88-E053-6B04A8C02390","880000","2018-06-29","EC3R 6AL","F","Y","L","FLAT 32","SUGAR QUAY, 1","WATER LANE","","LONDON","CITY OF LONDON","GREATER LONDON","A","http://landregistry.data.gov.uk/data/ppi/transaction/75050A84-AB0F-9A88-E053-6B04A8C02390/current"
"93E6821D-E97A-40FD-E053-6B04A8C0C1DF","1720000","2019-08-29","EC3R 6AL","F","Y","L","FLAT 33","SUGAR QUAY, 1","WATER LANE","","LONDON","CITY OF LONDON","GREATER LONDON","A","http://landregistry.data.gov.uk/data/ppi/transaction/93E6821D-E97A-40FD-E053-6B04A8C0C1DF/current"
"75050A84-AB08-9A88-E053-6B04A8C02390","928250","2018-06-28","EC3R 6AL","F","Y","L","FLAT 34","SUGAR QUAY, 1","WATER LANE","","LONDON","CITY OF LONDON","GREATER LONDON","A","http://landregistry.data.gov.uk/data/ppi/transaction/75050A84-AB08-9A88-E053-6B04A8C02390/current"
"80E1AA97-A9B3-7BF8-E053-6C04A8C00BF2","1350000","2018-11-30","EC3R 6AL","F","Y","L","FLAT 35","SUGAR QUAY, 1","WATER LANE","","LONDON","CITY OF LONDON","GREATER LONDON","A","http://landregistry.data.gov.uk/data/ppi/transaction/80E1AA97-A9B3-7BF8-E053-6C04A8C00BF2/current"
"93E6821D-E7B2-40FD-E053-6B04A8C0C1DF","1500000","2019-07-31","EC3R 6AL","F","Y","L","FLAT 36","SUGAR QUAY, 1","WATER LANE","","LONDON","CITY OF LONDON","GREATER LONDON","A","http://landregistry.data.gov.uk/data/ppi/transaction/93E6821D-E7B2-40FD-E053-6B04A8C0C1DF/current"
"75050A84-AB09-9A88-E053-6B04A8C02390","750000","2018-06-29","EC3R 6AL","F","Y","L","FLAT 37","SUGAR QUAY, 1","WATER LANE","","LONDON","CITY OF LONDON","GREATER LONDON","A","http://landregistry.data.gov.uk/data/ppi/transaction/75050A84-AB09-9A88-E053-6B04A8C02390/current"
"75050A84-AACE-9A88-E053-6B04A8C02390","838950","2018-07-02","EC3R 6AL","F","Y","L","FLAT 38","SUGAR QUAY, 1","WATER LANE","","LONDON","CITY OF LONDON","GREATER LONDON","A","http://landregistry.data.gov.uk/data/ppi/transaction/75050A84-AACE-9A88-E053-6B04A8C02390/current"
"75050A84-AAA7-9A88-E053-6B04A8C02390","839050","2018-06-29","EC3R 6AL","F","Y","L","FLAT 39","SUGAR QUAY, 1","WATER LANE","","LONDON","CITY OF LONDON","GREATER LONDON","A","http://landregistry.data.gov.uk/data/ppi/transaction/75050A84-AAA7-9A88-E053-6B04A8C02390/current"
"9DBAD221-504B-6EB3-E053-6B04A8C0F257","1900000","2019-12-20","EC3R 6AL","F","Y","L","FLAT 4","SUGAR QUAY, 1","WATER LANE","","LONDON","CITY OF LONDON","GREATER LONDON","A","http://landregistry.data.gov.uk/data/ppi/transaction/9DBAD221-504B-6EB3-E053-6B04A8C0F257/current"
"79A74E21-1589-1289-E053-6B04A8C01627","825000","2018-06-29","EC3R 6AL","F","Y","L","FLAT 40","SUGAR QUAY, 1","WATER LANE","","LONDON","CITY OF LONDON","GREATER LONDON","A","http://landregistry.data.gov.uk/data/ppi/transaction/79A74E21-1589-1289-E053-6B04A8C01627/current"
"79A74E21-1538-1289-E053-6B04A8C01627","841920","2018-06-29","EC3R 6AL","F","Y","L","FLAT 41","SUGAR QUAY, 1","WATER LANE","","LONDON","CITY OF LONDON","GREATER LONDON","A","http://landregistry.data.gov.uk/data/ppi/transaction/79A74E21-1538-1289-E053-6B04A8C01627/current"
"79A74E21-1557-1289-E053-6B04A8C01627","853050","2018-08-16","EC3R 6AL","F","Y","L","FLAT 42","SUGAR QUAY, 1","WATER LANE","","LONDON","CITY OF LONDON","GREATER LONDON","A","http://landregistry.data.gov.uk/data/ppi/transaction/79A74E21-1557-1289-E053-6B04A8C01627/current"
"8CAC1317-E6B3-0253-E053-6B04A8C08E51","1832800","2019-04-30","EC3R 6AL","F","Y","L","FLAT 43","SUGAR QUAY, 1","WATER LANE","","LONDON","CITY OF LONDON","GREATER LONDON","A","http://landregistry.data.gov.uk/data/ppi/transaction/8CAC1317-E6B3-0253-E053-6B04A8C08E51/current"
"75050A84-AAAE-9A88-E053-6B04A8C02390","942350","2018-06-20","EC3R 6AL","F","Y","L","FLAT 44","SUGAR QUAY, 1","WATER LANE","","LONDON","CITY OF LONDON","GREATER LONDON","A","http://landregistry.data.gov.uk/data/ppi/transaction/75050A84-AAAE-9A88-E053-6B04A8C02390/current"
"25E9DA80-584F-555E-E063-4704A8C066F2","1250000","2024-06-26","EC3R 6AL","F","N","L","FLAT 45","SUGAR QUAY, 1","WATER LANE","","LONDON","CITY OF LONDON","GREATER LONDON","A","http://landregistry.data.gov.uk/data/ppi/transaction/25E9DA80-584F-555E-E063-4704A8C066F2/current"
"919FEC04-D4CE-9A90-E053-6C04A8C0A300","1230000","2019-06-25","EC3R 6AL","F","Y","L","FLAT 45","SUGAR QUAY, 1","WATER LANE","","LONDON","CITY OF LONDON","GREATER LONDON","A","http://landregistry.data.gov.uk/data/ppi/transaction/919FEC04-D4CE-9A90-E053-6C04A8C0A300/current"
"9B361205-E445-1904-E053-6B04A8C0EEB5","1500000","2019-10-23","EC3R 6AL","F","Y","L","FLAT 46","SUGAR QUAY, 1","WATER LANE","","LONDON","CITY OF LONDON","GREATER LONDON","A","http://landregistry.data.gov.uk/data/ppi/transaction/9B361205-E445-1904-E053-6B04A8C0EEB5/current"
"7C2D06FF-A17B-4963-E053-6B04A8C07B97","726750","2018-09-07","EC3R 6AL","F","Y","L","FLAT 47","SUGAR QUAY, 1","WATER LANE","","LONDON","CITY OF LONDON","GREATER LONDON","A","http://landregistry.data.gov.uk/data/ppi/transaction/7C2D06FF-A17B-4963-E053-6B04A8C07B97/current"
"75050A84-AAE4-9A88-E053-6B04A8C02390","845775","2018-07-04","EC3R 6AL","F","Y","L","FLAT 48","SUGAR QUAY, 1","WATER LANE","","LONDON","CITY OF LONDON","GREATER LONDON","A","http://landregistry.data.gov.uk/data/ppi/transaction/75050A84-AAE4-9A88-E053-6B04A8C02390/current"
"75050A84-AA96-9A88-E053-6B04A8C02390","821100","2018-06-20","EC3R 6AL","F","Y","L","FLAT 49","SUGAR QUAY, 1","WATER LANE","","LONDON","CITY OF LONDON","GREATER LONDON","A","http://landregistry.data.gov.uk/data/ppi/transaction/75050A84-AA96-9A88-E053-6B04A8C02390/current"
"75050A84-AAE1-9A88-E053-6B04A8C02390","1300000","2018-06-29","EC3R 6AL","F","Y","L","FLAT 5","SUGAR QUAY, 1","WATER LANE","","LONDON","CITY OF LONDON","GREATER LONDON","A","http://landregistry.data.gov.uk/data/ppi/transaction/75050A84-AAE1-9A88-E053-6B04A8C02390/current"
"75050A84-AB28-9A88-E053-6B04A8C02390","838950","2018-06-29","EC3R 6AL","F","Y","L","FLAT 50","SUGAR QUAY, 1","WATER LANE","","LONDON","CITY OF LONDON","GREATER LONDON","A","http://landregistry.data.gov.uk/data/ppi/transaction/75050A84-AB28-9A88-E053-6B04A8C02390/current"
"8355F008-A66B-55C5-E053-6B04A8C0D090","838950","2018-06-29","EC3R 6AL","F","Y","L","FLAT 51","SUGAR QUAY, 1","WATER LANE","","LONDON","CITY OF LONDON","GREATER LONDON","A","http://landregistry.data.gov.uk/data/ppi/transaction/8355F008-A66B-55C5-E053-6B04A8C0D090/current"
"7C2D06FF-A1ED-4963-E053-6B04A8C07B97","867150","2018-09-18","EC3R 6AL","F","Y","L","FLAT 52","SUGAR QUAY, 1","WATER LANE","","LONDON","CITY OF LONDON","GREATER LONDON","A","http://landregistry.data.gov.uk/data/ppi/transaction/7C2D06FF-A1ED-4963-E053-6B04A8C07B97/current"
"FFA361DA-7D8F-8A03-E053-4804A8C01F61","1700000","2022-02-21","EC3R 6AL","F","N","L","FLAT 53","SUGAR QUAY, 1","WATER LANE","","LONDON","CITY OF LONDON","GREATER LONDON","A","http://landregistry.data.gov.uk/data/ppi/transaction/FFA361DA-7D8F-8A03-E053-4804A8C01F61/current"
"965B6D90-F83F-95E4-E053-6C04A8C07729","1950000","2019-08-07","EC3R 6AL","F","Y","L","FLAT 53","SUGAR QUAY, 1","WATER LANE","","LONDON","CITY OF LONDON","GREATER LONDON","A","http://landregistry.data.gov.uk/data/ppi/transaction/965B6D90-F83F-95E4-E053-6C04A8C07729/current"
"75050A84-AB84-9A88-E053-6B04A8C02390","956450","2018-06-29","EC3R 6AL","F","Y","L","FLAT 54","SUGAR QUAY, 1","WATER LANE","","LONDON","CITY OF LONDON","GREATER LONDON","A","http://landregistry.data.gov.uk/data/ppi/transaction/75050A84-AB84-9A88-E053-6B04A8C02390/current"
"87E1551D-DDF9-6405-E053-6C04A8C0B2EE","1431106","2019-03-15","EC3R 6AL","F","Y","L","FLAT 55","SUGAR QUAY, 1","WATER LANE","","LONDON","CITY OF LONDON","GREATER LONDON","A","http://landregistry.data.gov.uk/data/ppi/transaction/87E1551D-DDF9-6405-E053-6C04A8C0B2EE/current"
"B0A9D11B-2CBD-4C1F-E053-6C04A8C0D716","1570160","2019-11-01","EC3R 6AL","F","Y","L","FLAT 56","SUGAR QUAY, 1","WATER LANE","","LONDON","CITY OF LONDON","GREATER LONDON","A","http://landregistry.data.gov.uk/data/ppi/transaction/B0A9D11B-2CBD-4C1F-E053-6C04A8C0D716/current"
"75050A84-AB2C-9A88-E053-6B04A8C02390","740000","2018-06-29","EC3R 6AL","F","Y","L","FLAT 57","SUGAR QUAY, 1","WATER LANE","","LONDON","CITY OF LONDON","GREATER LONDON","A","http://landregistry.data.gov.uk/data/ppi/transaction/75050A84-AB2C-9A88-E053-6B04A8C02390/current"
"75050A84-AB2D-9A88-E053-6B04A8C02390","867150","2018-06-29","EC3R 6AL","F","Y","L","FLAT 58","SUGAR QUAY, 1","WATER LANE","","LONDON","CITY OF LONDON","GREATER LONDON","A","http://landregistry.data.gov.uk/data/ppi/transaction/75050A84-AB2D-9A88-E053-6B04A8C02390/current"
"75050A85-FD6B-9A88-E053-6B04A8C02390","860000","2018-06-29","EC3R 6AL","F","Y","L","FLAT 59","SUGAR QUAY, 1","WATER LANE","","LONDON","CITY OF LONDON","GREATER LONDON","B","http://landregistry.data.gov.uk/data/ppi/transaction/75050A85-FD6B-9A88-E053-6B04A8C02390/current"
"75050A84-AA93-9A88-E053-6B04A8C02390","927500","2018-06-25","EC3R 6AL","F","Y","L","FLAT 6","SUGAR QUAY, 1","WATER LANE","","LONDON","CITY OF LONDON","GREATER LONDON","A","http://landregistry.data.gov.uk/data/ppi/transaction/75050A84-AA93-9A88-E053-6B04A8C02390/current"
"75050A84-AADE-9A88-E053-6B04A8C02390","842000","2018-06-29","EC3R 6AL","F","Y","L","FLAT 60","SUGAR QUAY, 1","WATER LANE","","LONDON","CITY OF LONDON","GREATER LONDON","A","http://landregistry.data.gov.uk/data/ppi/transaction/75050A84-AADE-9A88-E053-6B04A8C02390/current"
"75050A85-FD46-9A88-E053-6B04A8C02390","862125","2018-06-29","EC3R 6AL","F","Y","L","FLAT 61","SUGAR QUAY, 1","WATER LANE","","LONDON","CITY OF LONDON","GREATER LONDON","B","http://landregistry.data.gov.uk/data/ppi/transaction/75050A85-FD46-9A88-E053-6B04A8C02390/current"
"75050A84-AAEC-9A88-E053-6B04A8C02390","874125","2018-06-29","EC3R 6AL","F","Y","L","FLAT 62","SUGAR QUAY, 1","WATER LANE","","LONDON","CITY OF LONDON","GREATER LONDON","A","http://landregistry.data.gov.uk/data/ppi/transaction/75050A84-AAEC-9A88-E053-6B04A8C02390/current"
"8A78B2AF-35C1-5CB0-E053-6B04A8C0F504","2100000","2019-03-07","EC3R 6AL","F","Y","L","FLAT 63","SUGAR QUAY, 1","WATER LANE","","LONDON","CITY OF LONDON","GREATER LONDON","A","http://landregistry.data.gov.uk/data/ppi/transaction/8A78B2AF-35C1-5CB0-E053-6B04A8C0F504/current"
"75050A84-AB2A-9A88-E053-6B04A8C02390","969000","2018-06-29","EC3R 6AL","F","Y","L","FLAT 64","SUGAR QUAY, 1","WATER LANE","","LONDON","CITY OF LONDON","GREATER LONDON","A","http://landregistry.data.gov.uk/data/ppi/transaction/75050A84-AB2A-9A88-E053-6B04A8C02390/current"
"8CAC1317-E72B-0253-E053-6B04A8C08E51","1360000","2019-05-31","EC3R 6AL","F","Y","L","FLAT 65","SUGAR QUAY, 1","WATER LANE","","LONDON","CITY OF LONDON","GREATER LONDON","A","http://landregistry.data.gov.uk/data/ppi/transaction/8CAC1317-E72B-0253-E053-6B04A8C08E51/current"
"965B6D90-F801-95E4-E053-6C04A8C07729","1600000","2019-09-16","EC3R 6AL","F","Y","L","FLAT 66","SUGAR QUAY, 1","WATER LANE","","LONDON","CITY OF LONDON","GREATER LONDON","A","http://landregistry.data.gov.uk/data/ppi/transaction/965B6D90-F801-95E4-E053-6C04A8C07729/current"
"75050A84-AAE2-9A88-E053-6B04A8C02390","750000","2018-06-29","EC3R 6AL","F","Y","L","FLAT 67","SUGAR QUAY, 1","WATER LANE","","LONDON","CITY OF LONDON","GREATER LONDON","A","http://landregistry.data.gov.uk/data/ppi/transaction/75050A84-AAE2-9A88-E053-6B04A8C02390/current"
"7C2D06FF-A0D3-4963-E053-6B04A8C07B97","875000","2018-08-28","EC3R 6AL","F","Y","L","FLAT 68","SUGAR QUAY, 1","WATER LANE","","LONDON","CITY OF LONDON","GREATER LONDON","A","http://landregistry.data.gov.uk/data/ppi/transaction/7C2D06FF-A0D3-4963-E053-6B04A8C07B97/current"
"1061746E-B856-3C34-E063-4804A8C0F9E7","770000","2023-12-21","EC3R 6AL","F","N","L","FLAT 69","SUGAR QUAY, 1","WATER LANE","","LONDON","CITY OF LONDON","GREATER LONDON","B","http://landregistry.data.gov.uk/data/ppi/transaction/1061746E-B856-3C34-E063-4804A8C0F9E7/current"
"80E1AA97-A8BC-7BF8-E053-6C04A8C00BF2","828100","2018-10-26","EC3R 6AL","F","Y","L","FLAT 69","SUGAR QUAY, 1","WATER LANE","","LONDON","CITY OF LONDON","GREATER LONDON","A","http://landregistry.data.gov.uk/data/ppi/transaction/80E1AA97-A8BC-7BF8-E053-6C04A8C00BF2/current"
"75050A84-AADB-9A88-E053-6B04A8C02390","985000","2018-07-09","EC3R 6AL","F","Y","L","FLAT 7","SUGAR QUAY, 1","WATER LANE","","LONDON","CITY OF LONDON","GREATER LONDON","A","http://landregistry.data.gov.uk/data/ppi/transaction/75050A84-AADB-9A88-E053-6B04A8C02390/current"
"25E9DA80-580D-555E-E063-4704A8C066F2","775000","2023-03-13","EC3R 6AL","F","N","L","FLAT 70","SUGAR QUAY, 1","WATER LANE","","LONDON","CITY OF LONDON","GREATER LONDON","A","http://landregistry.data.gov.uk/data/ppi/transaction/25E9DA80-580D-555E-E063-4704A8C066F2/current"
"80E1AA97-A8BD-7BF8-E053-6C04A8C00BF2","828100","2018-10-26","EC3R 6AL","F","Y","L","FLAT 70","SUGAR QUAY, 1","WATER LANE","","LONDON","CITY OF LONDON","GREATER LONDON","A","http://landregistry.data.gov.uk/data/ppi/transaction/80E1AA97-A8BD-7BF8-E053-6C04A8C00BF2/current"
"7C2D06FF-A115-4963-E053-6B04A8C07B97","885000","2018-09-07","EC3R 6AL","F","Y","L","FLAT 71","SUGAR QUAY, 1","WATER LANE","","LONDON","CITY OF LONDON","GREATER LONDON","A","http://landregistry.data.gov.uk/data/ppi/transaction/7C2D06FF-A115-4963-E053-6B04A8C07B97/current"
"80E1AA97-AA0E-7BF8-E053-6C04A8C00BF2","890000","2018-11-23","EC3R 6AL","F","Y","L","FLAT 72","SUGAR QUAY, 1","WATER LANE","","LONDON","CITY OF LONDON","GREATER LONDON","A","http://landregistry.data.gov.uk/data/ppi/transaction/80E1AA97-AA0E-7BF8-E053-6C04A8C00BF2/current"
"8CAC1317-E6AC-0253-E053-6B04A8C08E51","1892800","2019-04-30","EC3R 6AL","F","Y","L","FLAT 73","SUGAR QUAY, 1","WATER LANE","","LONDON","CITY OF LONDON","GREATER LONDON","A","http://landregistry.data.gov.uk/data/ppi/transaction/8CAC1317-E6AC-0253-E053-6B04A8C08E51/current"
"80E1AA97-AA8E-7BF8-E053-6C04A8C00BF2","994650","2018-12-18","EC3R 6AL","F","Y","L","FLAT 74","SUGAR QUAY, 1","WATER LANE","","LONDON","CITY OF LONDON","GREATER LONDON","A","http://landregistry.data.gov.uk/data/ppi/transaction/80E1AA97-AA8E-7BF8-E053-6C04A8C00BF2/current"
"80E1AA97-AAAC-7BF8-E053-6C04A8C00BF2","1404070","2018-12-05","EC3R 6AL","F","Y","L","FLAT 75","SUGAR QUAY, 1","WATER LANE","","LONDON","CITY OF LONDON","GREATER LONDON","A","http://landregistry.data.gov.uk/data/ppi/transaction/80E1AA97-AAAC-7BF8-E053-6C04A8C00BF2/current"
"98C75471-7024-72E9-E053-6B04A8C042F0","1608160","2019-09-27","EC3R 6AL","F","Y","L","FLAT 76","SUGAR QUAY, 1","WATER LANE","","LONDON","CITY OF LONDON","GREATER LONDON","A","http://landregistry.data.gov.uk/data/ppi/transaction/98C75471-7024-72E9-E053-6B04A8C042F0/current"
"80E1AA97-AAB4-7BF8-E053-6C04A8C00BF2","777600","2018-12-20","EC3R 6AL","F","Y","L","FLAT 77","SUGAR QUAY, 1","WATER LANE","","LONDON","CITY OF LONDON","GREATER LONDON","A","http://landregistry.data.gov.uk/data/ppi/transaction/80E1AA97-AAB4-7BF8-E053-6C04A8C00BF2/current"
"7C2D06FF-A28B-4963-E053-6B04A8C07B97","885360","2018-10-26","EC3R 6AL","F","Y","L","FLAT 78","SUGAR QUAY, 1","WATER LANE","","LONDON","CITY OF LONDON","GREATER LONDON","A","http://landregistry.data.gov.uk/data/ppi/transaction/7C2D06FF-A28B-4963-E053-6B04A8C07B97/current"
"80E1AA98-F384-7BF8-E053-6C04A8C00BF2","880780","2018-10-26","EC3R 6AL","F","Y","L","FLAT 79","SUGAR QUAY, 1","WATER LANE","","LONDON","CITY OF LONDON","GREATER LONDON","B","http://landregistry.data.gov.uk/data/ppi/transaction/80E1AA98-F384-7BF8-E053-6C04A8C00BF2/current"
"7C2D06FF-A1C7-4963-E053-6B04A8C07B97","880780","2018-09-28","EC3R 6AL","F","Y","L","FLAT 80","SUGAR QUAY, 1","WATER LANE","","LONDON","CITY OF LONDON","GREATER LONDON","A","http://landregistry.data.gov.uk/data/ppi/transaction/7C2D06FF-A1C7-4963-E053-6B04A8C07B97/current"
"7C2D06FF-A289-4963-E053-6B04A8C07B97","871410","2018-10-26","EC3R 6AL","F","Y","L","FLAT 81","SUGAR QUAY, 1","WATER LANE","","LONDON","CITY OF LONDON","GREATER LONDON","A","http://landregistry.data.gov.uk/data/ppi/transaction/7C2D06FF-A289-4963-E053-6B04A8C07B97/current"
"80E1AA98-F3B8-7BF8-E053-6C04A8C00BF2","918650","2018-11-30","EC3R 6AL","F","Y","L","FLAT 82","SUGAR QUAY, 1","WATER LANE","","LONDON","CITY OF LONDON","GREATER LONDON","B","http://landregistry.data.gov.uk/data/ppi/transaction/80E1AA98-F3B8-7BF8-E053-6C04A8C00BF2/current"
"8CAC1318-F46E-0253-E053-6B04A8C08E51","1999999","2019-05-07","EC3R 6AL","F","Y","L","FLAT 83","SUGAR QUAY, 1","WATER LANE","","LONDON","CITY OF LONDON","GREATER LONDON","B","http://landregistry.data.gov.uk/data/ppi/transaction/8CAC1318-F46E-0253-E053-6B04A8C08E51/current"
"80E1AA97-AA1C-7BF8-E053-6C04A8C00BF2","997500","2018-11-23","EC3R 6AL","F","Y","L","FLAT 84","SUGAR QUAY, 1","WATER LANE","","LONDON","CITY OF LONDON","GREATER LONDON","A","http://landregistry.data.gov.uk/data/ppi/transaction/80E1AA97-AA1C-7BF8-E053-6C04A8C00BF2/current"
"87E1551D-DDA9-6405-E053-6C04A8C0B2EE","1275000","2019-01-10","EC3R 6AL","F","Y","L","FLAT 85","SUGAR QUAY, 1","WATER LANE","","LONDON","CITY OF LONDON","GREATER LONDON","A","http://landregistry.data.gov.uk/data/ppi/transaction/87E1551D-DDA9-6405-E053-6C04A8C0B2EE/current"
"9B361205-E533-1904-E053-6B04A8C0EEB5","1627160","2019-09-27","EC3R 6AL","F","Y","L","FLAT 86","SUGAR QUAY, 1","WATER LANE","","LONDON","CITY OF LONDON","GREATER LONDON","A","http://landregistry.data.gov.uk/data/ppi/transaction/9B361205-E533-1904-E053-6B04A8C0EEB5/current"
"7C2D06FF-A1C8-4963-E053-6B04A8C07B97","792000","2018-09-28","EC3R 6AL","F","Y","L","FLAT 87","SUGAR QUAY, 1","WATER LANE","","LONDON","CITY OF LONDON","GREATER LONDON","A","http://landregistry.data.gov.uk/data/ppi/transaction/7C2D06FF-A1C8-4963-E053-6B04A8C07B97/current"
"7C2D06FF-A13C-4963-E053-6B04A8C07B97","1400000","2018-06-29","EC3R 6AL","F","Y","L","FLAT 9","SUGAR QUAY, 1","WATER LANE","","LONDON","CITY OF LONDON","GREATER LONDON","A","http://landregistry.data.gov.uk/data/ppi/transaction/7C2D06FF-A13C-4963-E053-6B04A8C07B97/current"
"87E1551D-DD97-6405-E053-6C04A8C0B2EE","908980","2018-11-30","EC3R 6AP","F","Y","L","FLAT 100","SUGAR QUAY, 1","WATER LANE","","LONDON","CITY OF LONDON","GREATER LONDON","A","http://landregistry.data.gov.uk/data/ppi/transaction/87E1551D-DD97-6405-E053-6C04A8C0B2EE/current"
"80E1AA98-F3B0-7BF8-E053-6C04A8C00BF2","908980","2018-11-30","EC3R 6AP","F","Y","L","FLAT 101","SUGAR QUAY, 1","WATER LANE","","LONDON","CITY OF LONDON","GREATER LONDON","B","http://landregistry.data.gov.uk/data/ppi/transaction/80E1AA98-F3B0-7BF8-E053-6C04A8C00BF2/current"
"80E1AA97-AA3D-7BF8-E053-6C04A8C00BF2","930000","2018-12-07","EC3R 6AP","F","Y","L","FLAT 102","SUGAR QUAY, 1","WATER LANE","","LONDON","CITY OF LONDON","GREATER LONDON","A","http://landregistry.data.gov.uk/data/ppi/transaction/80E1AA97-AA3D-7BF8-E053-6C04A8C00BF2/current"
"87E1551D-DCAB-6405-E053-6C04A8C0B2EE","2400000","2018-12-05","EC3R 6AP","F","Y","L","FLAT 103","SUGAR QUAY, 1","WATER LANE","","LONDON","CITY OF LONDON","GREATER LONDON","A","http://landregistry.data.gov.uk/data/ppi/transaction/87E1551D-DCAB-6405-E053-6C04A8C0B2EE/current"
"80E1AA97-AA39-7BF8-E053-6C04A8C00BF2","1175000","2018-12-07","EC3R 6AP","F","Y","L","FLAT 104","SUGAR QUAY, 1","WATER LANE","","LONDON","CITY OF LONDON","GREATER LONDON","A","http://landregistry.data.gov.uk/data/ppi/transaction/80E1AA97-AA39-7BF8-E053-6C04A8C00BF2/current"
"80E1AA97-AA69-7BF8-E053-6C04A8C00BF2","1620000","2018-12-03","EC3R 6AP","F","Y","L","FLAT 105","SUGAR QUAY, 1","WATER LANE","","LONDON","CITY OF LONDON","GREATER LONDON","A","http://landregistry.data.gov.uk/data/ppi/transaction/80E1AA97-AA69-7BF8-E053-6C04A8C00BF2/current"
"A2479555-C4F1-74C7-E053-6B04A8C0887D","8062500","2019-12-06","EC3R 6AP","F","Y","L","FLAT 106","SUGAR QUAY, 1","WATER LANE","","LONDON","CITY OF LONDON","GREATER LONDON","B","http://landregistry.data.gov.uk/data/ppi/transaction/A2479555-C4F1-74C7-E053-6B04A8C0887D/current"
"8355F008-A5DA-55C5-E053-6B04A8C0D090","9141500","2018-12-17","EC3R 6AP","F","Y","L","FLAT 107","SUGAR QUAY, 1","WATER LANE","","LONDON","CITY OF LONDON","GREATER LONDON","A","http://landregistry.data.gov.uk/data/ppi/transaction/8355F008-A5DA-55C5-E053-6B04A8C0D090/current"
"85866A64-5FDC-143F-E053-6B04A8C06A15","1798600","2019-02-25","EC3R 6AP","F","Y","L","FLAT 108","SUGAR QUAY, 1","WATER LANE","","LONDON","CITY OF LONDON","GREATER LONDON","A","http://landregistry.data.gov.uk/data/ppi/transaction/85866A64-5FDC-143F-E053-6B04A8C06A15/current"
"A96E4ACB-CF7C-9205-E053-6C04A8C0DA09","650000","2020-03-17","EC3R 6AP","F","N","L","FLAT 109","SUGAR QUAY, 1","WATER LANE","","LONDON","CITY OF LONDON","GREATER LONDON","A","http://landregistry.data.gov.uk/data/ppi/transaction/A96E4ACB-CF7C-9205-E053-6C04A8C0DA09/current"
"85866A64-5FC4-143F-E053-6B04A8C06A15","900000","2019-01-31","EC3R 6AP","F","Y","L","FLAT 109","SUGAR QUAY, 1","WATER LANE","","LONDON","CITY OF LONDON","GREATER LONDON","A","http://landregistry.data.gov.uk/data/ppi/transaction/85866A64-5FC4-143F-E053-6B04A8C06A15/current"
"B0A9D11B-2D2E-4C1F-E053-6C04A8C0D716","6450000","2020-04-16","EC3R 6AP","F","Y","L","FLAT 110","SUGAR QUAY, 1","WATER LANE","","LONDON","CITY OF LONDON","GREATER LONDON","A","http://landregistry.data.gov.uk/data/ppi/transaction/B0A9D11B-2D2E-4C1F-E053-6C04A8C0D716/current"
"80E1AA97-A9EB-7BF8-E053-6C04A8C00BF2","951280","2018-11-30","EC3R 6AP","F","Y","L","FLAT 111","SUGAR QUAY, 1","WATER LANE","","LONDON","CITY OF LONDON","GREATER LONDON","A","http://landregistry.data.gov.uk/data/ppi/transaction/80E1AA97-A9EB-7BF8-E053-6C04A8C00BF2/current"
"80E1AA97-AA00-7BF8-E053-6C04A8C00BF2","941160","2018-11-30","EC3R 6AP","F","Y","L","FLAT 112","SUGAR QUAY, 1","WATER LANE","","LONDON","CITY OF LONDON","GREATER LONDON","A","http://landregistry.data.gov.uk/data/ppi/transaction/80E1AA97-AA00-7BF8-E053-6C04A8C00BF2/current"
"80E1AA97-AA0C-7BF8-E053-6C04A8C00BF2","941160","2018-11-30","EC3R 6AP","F","Y","L","FLAT 113","SUGAR QUAY, 1","WATER LANE","","LONDON","CITY OF LONDON","GREATER LONDON","A","http://landregistry.data.gov.uk/data/ppi/transaction/80E1AA97-AA0C-7BF8-E053-6C04A8C00BF2/current"
"E073986A-BFC0-2134-E053-6C04A8C0233B","6350000","2020-09-16","EC3R 6AP","F","Y","L","FLAT 114","SUGAR QUAY, 1","WATER LANE","","LONDON","CITY OF LONDON","GREATER LONDON","A","http://landregistry.data.gov.uk/data/ppi/transaction/E073986A-BFC0-2134-E053-6C04A8C0233B/current"
"9DBAD222-89B0-6EB3-E053-6B04A8C0F257","3651300","2019-10-31","EC3R 6AP","F","Y","L","FLAT 115","SUGAR QUAY, 1","WATER LANE","","LONDON","CITY OF LONDON","GREATER LONDON","B","http://landregistry.data.gov.uk/data/ppi/transaction/9DBAD222-89B0-6EB3-E053-6B04A8C0F257/current"
"8F1B26BD-471F-53DB-E053-6C04A8C03649","1000000","2019-06-17","EC3R 6AP","F","Y","L","FLAT 116","SUGAR QUAY, 1","WATER LANE","","LONDON","CITY OF LONDON","GREATER LONDON","A","http://landregistry.data.gov.uk/data/ppi/transaction/8F1B26BD-471F-53DB-E053-6C04A8C03649/current"
"80E1AA97-AAB7-7BF8-E053-6C04A8C00BF2","954350","2018-12-14","EC3R 6AP","F","Y","L","FLAT 117","SUGAR QUAY, 1","WATER LANE","","LONDON","CITY OF LONDON","GREATER LONDON","B","http://landregistry.data.gov.uk/data/ppi/transaction/80E1AA97-AAB7-7BF8-E053-6C04A8C00BF2/current"
"87E1551D-DDFC-6405-E053-6C04A8C0B2EE","1023000","2018-12-17","EC3R 6AP","F","Y","L","FLAT 118","SUGAR QUAY, 1","WATER LANE","","LONDON","CITY OF LONDON","GREATER LONDON","A","http://landregistry.data.gov.uk/data/ppi/transaction/87E1551D-DDFC-6405-E053-6C04A8C0B2EE/current"
"80E1AA97-A96F-7BF8-E053-6C04A8C00BF2","3800000","2018-11-30","EC3R 6AP","F","Y","L","FLAT 120","SUGAR QUAY, 1","WATER LANE","","LONDON","CITY OF LONDON","GREATER LONDON","A","http://landregistry.data.gov.uk/data/ppi/transaction/80E1AA97-A96F-7BF8-E053-6C04A8C00BF2/current"
"8355F008-A658-55C5-E053-6B04A8C0D090","6525000","2018-07-13","EC3R 6AP","F","Y","L","FLAT 123","SUGAR QUAY, 1","WATER LANE","","LONDON","CITY OF LONDON","GREATER LONDON","A","http://landregistry.data.gov.uk/data/ppi/transaction/8355F008-A658-55C5-E053-6B04A8C0D090/current"
"75050A84-AB21-9A88-E053-6B04A8C02390","650000","2018-07-13","EC3R 6AP","F","Y","L","FLAT 124","SUGAR QUAY, 1","WATER LANE","","LONDON","CITY OF LONDON","GREATER LONDON","A","http://landregistry.data.gov.uk/data/ppi/transaction/75050A84-AB21-9A88-E053-6B04A8C02390/current"
"75050A84-AADF-9A88-E053-6B04A8C02390","1068750","2018-06-22","EC3R 6AP","F","Y","L","FLAT 126","SUGAR QUAY, 1","WATER LANE","","LONDON","CITY OF LONDON","GREATER LONDON","A","http://landregistry.data.gov.uk/data/ppi/transaction/75050A84-AADF-9A88-E053-6B04A8C02390/current"
"75050A84-AB1B-9A88-E053-6B04A8C02390","3725000","2018-06-29","EC3R 6AP","F","Y","L","FLAT 127","SUGAR QUAY, 1","WATER LANE","","LONDON","CITY OF LONDON","GREATER LONDON","A","http://landregistry.data.gov.uk/data/ppi/transaction/75050A84-AB1B-9A88-E053-6B04A8C02390/current"
"75050A84-AAED-9A88-E053-6B04A8C02390","3893800","2018-06-29","EC3R 6AP","F","Y","L","FLAT 130","SUGAR QUAY, 1","WATER LANE","","LONDON","CITY OF LONDON","GREATER LONDON","A","http://landregistry.data.gov.uk/data/ppi/transaction/75050A84-AAED-9A88-E053-6B04A8C02390/current"
"75050A84-AA68-9A88-E053-6B04A8C02390","645050","2018-06-15","EC3R 6AP","F","Y","L","FLAT 131","SUGAR QUAY, 1","WATER LANE","","LONDON","CITY OF LONDON","GREATER LONDON","B","http://landregistry.data.gov.uk/data/ppi/transaction/75050A84-AA68-9A88-E053-6B04A8C02390/current"
"8A78B2AF-3459-5CB0-E053-6B04A8C0F504","1275000","2018-06-29","EC3R 6AP","F","Y","L","FLAT 132","SUGAR QUAY, 1","WATER LANE","","LONDON","CITY OF LONDON","GREATER LONDON","A","http://landregistry.data.gov.uk/data/ppi/transaction/8A78B2AF-3459-5CB0-E053-6B04A8C0F504/current"
"79A74E21-1528-1289-E053-6B04A8C01627","1092500","2018-06-29","EC3R 6AP","F","Y","L","FLAT 133","SUGAR QUAY, 1","WATER LANE","","LONDON","CITY OF LONDON","GREATER LONDON","A","http://landregistry.data.gov.uk/data/ppi/transaction/79A74E21-1528-1289-E053-6B04A8C01627/current"
"7C2D06FF-A0AC-4963-E053-6B04A8C07B97","3660000","2018-08-16","EC3R 6AP","F","Y","L","FLAT 134","SUGAR QUAY, 1","WATER LANE","","LONDON","CITY OF LONDON","GREATER LONDON","A","http://landregistry.data.gov.uk/data/ppi/transaction/7C2D06FF-A0AC-4963-E053-6B04A8C07B97/current"
"75050A84-AB51-9A88-E053-6B04A8C02390","2882040","2018-06-29","EC3R 6AP","F","Y","L","FLAT 135","SUGAR QUAY, 1","WATER LANE","","LONDON","CITY OF LONDON","GREATER LONDON","A","http://landregistry.data.gov.uk/data/ppi/transaction/75050A84-AB51-9A88-E053-6B04A8C02390/current"
"8CAC1317-E6AF-0253-E053-6B04A8C08E51","3000000","2019-05-03","EC3R 6AP","F","Y","L","FLAT 136","SUGAR QUAY, 1","WATER LANE","","LONDON","CITY OF LONDON","GREATER LONDON","A","http://landregistry.data.gov.uk/data/ppi/transaction/8CAC1317-E6AF-0253-E053-6B04A8C08E51/current"
"75050A84-AB0E-9A88-E053-6B04A8C02390","4266000","2018-06-29","EC3R 6AP","F","Y","L","FLAT 137","SUGAR QUAY, 1","WATER LANE","","LONDON","CITY OF LONDON","GREATER LONDON","A","http://landregistry.data.gov.uk/data/ppi/transaction/75050A84-AB0E-9A88-E053-6B04A8C02390/current"
"7C2D0700-FB85-4963-E053-6B04A8C07B97","655000","2018-06-29","EC3R 6AP","F","Y","L","FLAT 138","SUGAR QUAY, 1","WATER LANE","","LONDON","CITY OF LONDON","GREATER LONDON","B","http://landregistry.data.gov.uk/data/ppi/transaction/7C2D0700-FB85-4963-E053-6B04A8C07B97/current"
"4E75C29D-FAE2-8922-E063-4804A8C094D0","1300000","2025-07-11","EC3R 6AP","F","N","L","FLAT 139","SUGAR QUAY, 1","WATER LANE","","LONDON","CITY OF LONDON","GREATER LONDON","B","http://landregistry.data.gov.uk/data/ppi/transaction/4E75C29D-FAE2-8922-E063-4804A8C094D0/current"
"75050A84-AAEE-9A88-E053-6B04A8C02390","1222000","2018-07-06","EC3R 6AP","F","Y","L","FLAT 139","SUGAR QUAY, 1","WATER LANE","","LONDON","CITY OF LONDON","GREATER LONDON","A","http://landregistry.data.gov.uk/data/ppi/transaction/75050A84-AAEE-9A88-E053-6B04A8C02390/current"
"8355F008-A5EE-55C5-E053-6B04A8C0D090","1150000","2018-12-19","EC3R 6AP","F","Y","L","FLAT 140","SUGAR QUAY, 1","WATER LANE","","LONDON","CITY OF LONDON","GREATER LONDON","A","http://landregistry.data.gov.uk/data/ppi/transaction/8355F008-A5EE-55C5-E053-6B04A8C0D090/current"
"75050A84-AB0D-9A88-E053-6B04A8C02390","3957700","2018-07-03","EC3R 6AP","F","Y","L","FLAT 141","SUGAR QUAY, 1","WATER LANE","","LONDON","CITY OF LONDON","GREATER LONDON","A","http://landregistry.data.gov.uk/data/ppi/transaction/75050A84-AB0D-9A88-E053-6B04A8C02390/current"
"75050A84-AB7D-9A88-E053-6B04A8C02390","2890500","2018-06-29","EC3R 6AP","F","Y","L","FLAT 142","SUGAR QUAY, 1","WATER LANE","","LONDON","CITY OF LONDON","GREATER LONDON","A","http://landregistry.data.gov.uk/data/ppi/transaction/75050A84-AB7D-9A88-E053-6B04A8C02390/current"
"E7B085FD-20C0-7E31-E053-6C04A8C0E67F","2840000","2022-05-05","EC3R 6AP","F","N","L","FLAT 143","SUGAR QUAY, 1","WATER LANE","","LONDON","CITY OF LONDON","GREATER LONDON","B","http://landregistry.data.gov.uk/data/ppi/transaction/E7B085FD-20C0-7E31-E053-6C04A8C0E67F/current"
"75050A84-AB2E-9A88-E053-6B04A8C02390","3988888","2018-06-29","EC3R 6AP","F","Y","L","FLAT 144","SUGAR QUAY, 1","WATER LANE","","LONDON","CITY OF LONDON","GREATER LONDON","A","http://landregistry.data.gov.uk/data/ppi/transaction/75050A84-AB2E-9A88-E053-6B04A8C02390/current"
"75050A84-AAF5-9A88-E053-6B04A8C02390","1245500","2018-07-02","EC3R 6AP","F","Y","L","FLAT 146","SUGAR QUAY, 1","WATER LANE","","LONDON","CITY OF LONDON","GREATER LONDON","A","http://landregistry.data.gov.uk/data/ppi/transaction/75050A84-AAF5-9A88-E053-6B04A8C02390/current"
"75050A84-AB85-9A88-E053-6B04A8C02390","1150000","2018-07-13","EC3R 6AP","F","Y","L","FLAT 147","SUGAR QUAY, 1","WATER LANE","","LONDON","CITY OF LONDON","GREATER LONDON","A","http://landregistry.data.gov.uk/data/ppi/transaction/75050A84-AB85-9A88-E053-6B04A8C02390/current"
"75050A84-AB30-9A88-E053-6B04A8C02390","4050000","2018-06-29","EC3R 6AP","F","Y","L","FLAT 148","SUGAR QUAY, 1","WATER LANE","","LONDON","CITY OF LONDON","GREATER LONDON","A","http://landregistry.data.gov.uk/data/ppi/transaction/75050A84-AB30-9A88-E053-6B04A8C02390/current"
"93E6821D-E974-40FD-E053-6B04A8C0C1DF","3240000","2018-06-29","EC3R 6AP","F","Y","L","FLAT 149","SUGAR QUAY, 1","WATER LANE","","LONDON","CITY OF LONDON","GREATER LONDON","A","http://landregistry.data.gov.uk/data/ppi/transaction/93E6821D-E974-40FD-E053-6B04A8C0C1DF/current"
"7C2D06FF-A128-4963-E053-6B04A8C07B97","3029500","2018-06-29","EC3R 6AP","F","Y","L","FLAT 150","SUGAR QUAY, 1","WATER LANE","","LONDON","CITY OF LONDON","GREATER LONDON","A","http://landregistry.data.gov.uk/data/ppi/transaction/7C2D06FF-A128-4963-E053-6B04A8C07B97/current"
"7C2D06FF-A134-4963-E053-6B04A8C07B97","4336250","2018-06-29","EC3R 6AP","F","Y","L","FLAT 151","SUGAR QUAY, 1","WATER LANE","","LONDON","CITY OF LONDON","GREATER LONDON","A","http://landregistry.data.gov.uk/data/ppi/transaction/7C2D06FF-A134-4963-E053-6B04A8C07B97/current"
"7C2D06FF-A162-4963-E053-6B04A8C07B97","735000","2018-08-20","EC3R 6AP","F","Y","L","FLAT 152","SUGAR QUAY, 1","WATER LANE","","LONDON","CITY OF LONDON","GREATER LONDON","B","http://landregistry.data.gov.uk/data/ppi/transaction/7C2D06FF-A162-4963-E053-6B04A8C07B97/current"
"75050A84-AAD0-9A88-E053-6B04A8C02390","1350000","2018-06-19","EC3R 6AP","F","Y","L","FLAT 153","SUGAR QUAY, 1","WATER LANE","","LONDON","CITY OF LONDON","GREATER LONDON","A","http://landregistry.data.gov.uk/data/ppi/transaction/75050A84-AAD0-9A88-E053-6B04A8C02390/current"
"FD226035-7A39-4CB7-E053-4804A8C00430","4590000","2022-08-18","EC3R 6AP","F","N","L","FLAT 155","SUGAR QUAY, 1","WATER LANE","","LONDON","CITY OF LONDON","GREATER LONDON","A","http://landregistry.data.gov.uk/data/ppi/transaction/FD226035-7A39-4CB7-E053-4804A8C00430/current"
"75050A84-AB3D-9A88-E053-6B04A8C02390","3077500","2018-06-25","EC3R 6AP","F","Y","L","FLAT 156","SUGAR QUAY, 1","WATER LANE","","LONDON","CITY OF LONDON","GREATER LONDON","A","http://landregistry.data.gov.uk/data/ppi/transaction/75050A84-AB3D-9A88-E053-6B04A8C02390/current"
"75050A85-FD40-9A88-E053-6B04A8C02390","4310000","2018-06-28","EC3R 6AP","F","Y","L","FLAT 158","SUGAR QUAY, 1","WATER LANE","","LONDON","CITY OF LONDON","GREATER LONDON","B","http://landregistry.data.gov.uk/data/ppi/transaction/75050A85-FD40-9A88-E053-6B04A8C02390/current"
"7C2D06FF-A274-4963-E053-6B04A8C07B97","740000","2018-10-19","EC3R 6AP","F","Y","L","FLAT 159","SUGAR QUAY, 1","WATER LANE","","LONDON","CITY OF LONDON","GREATER LONDON","A","http://landregistry.data.gov.uk/data/ppi/transaction/7C2D06FF-A274-4963-E053-6B04A8C07B97/current"
"7C2D06FF-A1CF-4963-E053-6B04A8C07B97","1265000","2018-07-11","EC3R 6AP","F","Y","L","FLAT 160","SUGAR QUAY, 1","WATER LANE","","LONDON","CITY OF LONDON","GREATER LONDON","A","http://landregistry.data.gov.uk/data/ppi/transaction/7C2D06FF-A1CF-4963-E053-6B04A8C07B97/current"
"1EAE3DF6-225F-9EB1-E063-4704A8C09D02","1075000","2024-06-27","EC3R 6AP","F","N","L","FLAT 161","SUGAR QUAY, 1","WATER LANE","","LONDON","CITY OF LONDON","GREATER LONDON","A","http://landregistry.data.gov.uk/data/ppi/transaction/1EAE3DF6-225F-9EB1-E063-4704A8C09D02/current"
"75050A84-AB3F-9A88-E053-6B04A8C02390","1137500","2018-06-29","EC3R 6AP","F","Y","L","FLAT 161","SUGAR QUAY, 1","WATER LANE","","LONDON","CITY OF LONDON","GREATER LONDON","A","http://landregistry.data.gov.uk/data/ppi/transaction/75050A84-AB3F-9A88-E053-6B04A8C02390/current"
"75050A84-AB00-9A88-E053-6B04A8C02390","6764875","2018-06-29","EC3R 6AP","F","Y","L","FLAT 162","SUGAR QUAY, 1","WATER LANE","","LONDON","CITY OF LONDON","GREATER LONDON","A","http://landregistry.data.gov.uk/data/ppi/transaction/75050A84-AB00-9A88-E053-6B04A8C02390/current"
"773788C2-356C-2CE4-E053-6C04A8C05E57","2000000","2018-06-29","EC3R 6AP","F","Y","L","FLAT 163","SUGAR QUAY, 1","WATER LANE","","LONDON","CITY OF LONDON","GREATER LONDON","A","http://landregistry.data.gov.uk/data/ppi/transaction/773788C2-356C-2CE4-E053-6C04A8C05E57/current"
"80E1AA97-A9DC-7BF8-E053-6C04A8C00BF2","6600000","2018-11-30","EC3R 6AP","F","Y","L","FLAT 164","SUGAR QUAY, 1","WATER LANE","","LONDON","CITY OF LONDON","GREATER LONDON","A","http://landregistry.data.gov.uk/data/ppi/transaction/80E1AA97-A9DC-7BF8-E053-6C04A8C00BF2/current"
"75050A84-AB2B-9A88-E053-6B04A8C02390","1034160","2018-06-28","EC3R 6AP","F","Y","L","FLAT 165","SUGAR QUAY, 1","WATER LANE","","LONDON","CITY OF LONDON","GREATER LONDON","A","http://landregistry.data.gov.uk/data/ppi/transaction/75050A84-AB2B-9A88-E053-6B04A8C02390/current"
"80E1AA97-A9E6-7BF8-E053-6C04A8C00BF2","918650","2018-11-23","EC3R 6AP","F","Y","L","FLAT 88","SUGAR QUAY, 1","WATER LANE","","LONDON","CITY OF LONDON","GREATER LONDON","A","http://landregistry.data.gov.uk/data/ppi/transaction/80E1AA97-A9E6-7BF8-E053-6C04A8C00BF2/current"
"80E1AA97-A996-7BF8-E053-6C04A8C00BF2","894880","2018-11-22","EC3R 6AP","F","Y","L","FLAT 89","SUGAR QUAY, 1","WATER LANE","","LONDON","CITY OF LONDON","GREATER LONDON","A","http://landregistry.data.gov.uk/data/ppi/transaction/80E1AA97-A996-7BF8-E053-6C04A8C00BF2/current"
"7C2D06FF-A1D9-4963-E053-6B04A8C07B97","871080","2018-09-28","EC3R 6AP","F","Y","L","FLAT 90","SUGAR QUAY, 1","WATER LANE","","LONDON","CITY OF LONDON","GREATER LONDON","A","http://landregistry.data.gov.uk/data/ppi/transaction/7C2D06FF-A1D9-4963-E053-6B04A8C07B97/current"
"7C2D06FF-A1D8-4963-E053-6B04A8C07B97","871080","2018-09-28","EC3R 6AP","F","Y","L","FLAT 91","SUGAR QUAY, 1","WATER LANE","","LONDON","CITY OF LONDON","GREATER LONDON","A","http://landregistry.data.gov.uk/data/ppi/transaction/7C2D06FF-A1D8-4963-E053-6B04A8C07B97/current"
"7C2D06FF-A25D-4963-E053-6B04A8C07B97","923080","2018-10-23","EC3R 6AP","F","Y","L","FLAT 92","SUGAR QUAY, 1","WATER LANE","","LONDON","CITY OF LONDON","GREATER LONDON","A","http://landregistry.data.gov.uk/data/ppi/transaction/7C2D06FF-A25D-4963-E053-6B04A8C07B97/current"
"8CAC1317-E6BF-0253-E053-6B04A8C08E51","1920000","2019-04-25","EC3R 6AP","F","Y","L","FLAT 93","SUGAR QUAY, 1","WATER LANE","","LONDON","CITY OF LONDON","GREATER LONDON","A","http://landregistry.data.gov.uk/data/ppi/transaction/8CAC1317-E6BF-0253-E053-6B04A8C08E51/current"
"7C2D06FF-A2A6-4963-E053-6B04A8C07B97","1001100","2018-11-02","EC3R 6AP","F","Y","L","FLAT 94","SUGAR QUAY, 1","WATER LANE","","LONDON","CITY OF LONDON","GREATER LONDON","A","http://landregistry.data.gov.uk/data/ppi/transaction/7C2D06FF-A2A6-4963-E053-6B04A8C07B97/current"
"7C2D06FF-A28C-4963-E053-6B04A8C07B97","1566040","2018-10-26","EC3R 6AP","F","Y","L","FLAT 95","SUGAR QUAY, 1","WATER LANE","","LONDON","CITY OF LONDON","GREATER LONDON","A","http://landregistry.data.gov.uk/data/ppi/transaction/7C2D06FF-A28C-4963-E053-6B04A8C07B97/current"
"965B6D90-F825-95E4-E053-6C04A8C07729","1700000","2019-08-27","EC3R 6AP","F","Y","L","FLAT 96","SUGAR QUAY, 1","WATER LANE","","LONDON","CITY OF LONDON","GREATER LONDON","A","http://landregistry.data.gov.uk/data/ppi/transaction/965B6D90-F825-95E4-E053-6C04A8C07729/current"
"8A78B2AF-360A-5CB0-E053-6B04A8C0F504","795000","2018-12-11","EC3R 6AP","F","Y","L","FLAT 97","SUGAR QUAY, 1","WATER LANE","","LONDON","CITY OF LONDON","GREATER LONDON","A","http://landregistry.data.gov.uk/data/ppi/transaction/8A78B2AF-360A-5CB0-E053-6B04A8C0F504/current"
"8A78B2AF-35D5-5CB0-E053-6B04A8C0F504","923080","2018-12-04","EC3R 6AP","F","Y","L","FLAT 98","SUGAR QUAY, 1","WATER LANE","","LONDON","CITY OF LONDON","GREATER LONDON","A","http://landregistry.data.gov.uk/data/ppi/transaction/8A78B2AF-35D5-5CB0-E053-6B04A8C0F504/current"
"80E1AA97-A9EC-7BF8-E053-6C04A8C00BF2","907250","2018-11-23","EC3R 6AP","F","Y","L","FLAT 99","SUGAR QUAY, 1","WATER LANE","","LONDON","CITY OF LONDON","GREATER LONDON","A","http://landregistry.data.gov.uk/data/ppi/transaction/80E1AA97-A9EC-7BF8-E053-6C04A8C00BF2/current"
"75050A84-AAB0-9A88-E053-6B04A8C02390","1023000","2018-06-29","EC3R 6AP","F","Y","L","FLAT 119","SUGAR QUAY,, 1","WATER LANE","","LONDON","CITY OF LONDON","GREATER LONDON","A","http://landregistry.data.gov.uk/data/ppi/transaction/75050A84-AAB0-9A88-E053-6B04A8C02390/current"
"75050A84-AAB6-9A88-E053-6B04A8C02390","2835000","2018-06-25","EC3R 6AP","F","Y","L","FLAT 121","SUGAR QUAY,, 1","WATER LANE","","LONDON","CITY OF LONDON","GREATER LONDON","A","http://landregistry.data.gov.uk/data/ppi/transaction/75050A84-AAB6-9A88-E053-6B04A8C02390/current"
"75050A84-AA7E-9A88-E053-6B04A8C02390","1190040","2018-06-22","EC3R 6AP","F","Y","L","FLAT 125","SUGAR QUAY,, 1","WATER LANE","","LONDON","CITY OF LONDON","GREATER LONDON","A","http://landregistry.data.gov.uk/data/ppi/transaction/75050A84-AA7E-9A88-E053-6B04A8C02390/current"
"75050A85-FD33-9A88-E053-6B04A8C02390","2843335","2018-06-25","EC3R 6AP","F","Y","L","FLAT 128","SUGAR QUAY,, 1","WATER LANE","","LONDON","CITY OF LONDON","GREATER LONDON","B","http://landregistry.data.gov.uk/data/ppi/transaction/75050A85-FD33-9A88-E053-6B04A8C02390/current"
"75050A84-AAA8-9A88-E053-6B04A8C02390","2850000","2018-06-29","EC3R 6AP","F","Y","L","FLAT 129","SUGAR QUAY,, 1","WATER LANE","","LONDON","CITY OF LONDON","GREATER LONDON","A","http://landregistry.data.gov.uk/data/ppi/transaction/75050A84-AAA8-9A88-E053-6B04A8C02390/current"
"75050A84-AA75-9A88-E053-6B04A8C02390","2781900","2018-06-19","EC3R 6AP","F","Y","L","FLAT 143","SUGAR QUAY,, 1","WATER LANE","","LONDON","CITY OF LONDON","GREATER LONDON","B","http://landregistry.data.gov.uk/data/ppi/transaction/75050A84-AA75-9A88-E053-6B04A8C02390/current"
"75050A84-AA8A-9A88-E053-6B04A8C02390","695000","2018-06-29","EC3R 6AP","F","Y","L","FLAT 145","SUGAR QUAY,, 1","WATER LANE","","LONDON","CITY OF LONDON","GREATER LONDON","B","http://landregistry.data.gov.uk/data/ppi/transaction/75050A84-AA8A-9A88-E053-6B04A8C02390/current"
"75050A84-AA9E-9A88-E053-6B04A8C02390","1114750","2018-06-29","EC3R 6AP","F","Y","L","FLAT 154","SUGAR QUAY,, 1","WATER LANE","","LONDON","CITY OF LONDON","GREATER LONDON","A","http://landregistry.data.gov.uk/data/ppi/transaction/75050A84-AA9E-9A88-E053-6B04A8C02390/current"
"75050A85-FD3E-9A88-E053-6B04A8C02390","4390000","2018-06-29","EC3R 6AP","F","Y","L","FLAT 155","SUGAR QUAY,, 1","WATER LANE","","LONDON","CITY OF LONDON","GREATER LONDON","B","http://landregistry.data.gov.uk/data/ppi/transaction/75050A85-FD3E-9A88-E053-6B04A8C02390/current"
"75050A84-AAB2-9A88-E053-6B04A8C02390","3080000","2018-06-29","EC3R 6AP","F","Y","L","FLAT 157","SUGAR QUAY,, 1","WATER LANE","","LONDON","CITY OF LONDON","GREATER LONDON","A","http://landregistry.data.gov.uk/data/ppi/transaction/75050A84-AAB2-9A88-E053-6B04A8C02390/current"
"68FEB20C-3F95-38DA-E053-6C04A8C051AE","109000000","2018-03-15","EC3R 6BR","O","N","L","","45","FISH STREET HILL","","LONDON","CITY OF LONDON","GREATER LONDON","B","http://landregistry.data.gov.uk/data/ppi/transaction/68FEB20C-3F95-38DA-E053-6C04A8C051AE/current"
"01EB45F0-7611-40F3-E063-4704A8C05FDE","355000","2020-09-30","EC3R 6DP","O","N","L","","BAKERS HALL, 7","HARP LANE","","LONDON","CITY OF LONDON","GREATER LONDON","B","http://landregistry.data.gov.uk/data/ppi/transaction/01EB45F0-7611-40F3-E063-4704A8C05FDE/current"
"8355F009-B4F7-55C5-E053-6B04A8C0D090","10137400","2018-12-20","EC3R 6DQ","O","N","L","RETAIL UNIT","LANDMARK PLACE","LOWER THAMES STREET","","LONDON","CITY OF LONDON","GREATER LONDON","B","http://landregistry.data.gov.uk/data/ppi/transaction/8355F009-B4F7-55C5-E053-6B04A8C0D090/current"
"2131FCF6-DEB3-86E8-E063-4804A8C0372B","65000000","2023-05-15","EC3R 6EA","O","N","L","","CUSTOM HOUSE, 20","LOWER THAMES STREET","","LONDON","CITY OF LONDON","GREATER LONDON","B","http://landregistry.data.gov.uk/data/ppi/transaction/2131FCF6-DEB3-86E8-E063-4804A8C0372B/current"
"FFA361DB-6BC6-8A03-E053-4804A8C01F61","1000001","2022-10-28","EC3R 7AH","O","N","L","","CLOTHWORKERS' HALL","DUNSTER COURT","","LONDON","CITY OF LONDON","GREATER LONDON","B","http://landregistry.data.gov.uk/data/ppi/transaction/FFA361DB-6BC6-8A03-E053-4804A8C01F61/current"
"55BDCAE6-E2DA-521D-E053-6B04A8C0DD7A","85001","2017-03-16","EC3R 7NA","O","N","L","KIOSK","NEW LONDON HOUSE, 15","NEW LONDON STREET","","LONDON","CITY OF LONDON","GREATER LONDON","B","http://landregistry.data.gov.uk/data/ppi/transaction/55BDCAE6-E2DA-521D-E053-6B04A8C0DD7A/current"
"1EAE3DF7-6A8C-9EB1-E063-4704A8C09D02","56500000","2023-09-21","EC3R 7NA","O","N","F","","15","NEW LONDON STREET","","LONDON","CITY OF LONDON","GREATER LONDON","B","http://landregistry.data.gov.uk/data/ppi/transaction/1EAE3DF7-6A8C-9EB1-E063-4704A8C09D02/current"
"7C2D0700-FAEC-4963-E053-6B04A8C07B97","171790","2018-10-22","EC3R 7NB","O","N","L","","3","HART STREET","","LONDON","CITY OF LONDON","GREATER LONDON","B","http://landregistry.data.gov.uk/data/ppi/transaction/7C2D0700-FAEC-4963-E053-6B04A8C07B97/current"
"919FEC06-0CA4-9A90-E053-6C04A8C0A300","440997","2019-07-22","EC3R 7PP","O","N","L","","BALLS BROS LTD","MINSTER PAVEMENT","","LONDON","CITY OF LONDON","GREATER LONDON","B","http://landregistry.data.gov.uk/data/ppi/transaction/919FEC06-0CA4-9A90-E053-6C04A8C0A300/current"
"87E1551E-CEF3-6405-E053-6C04A8C0B2EE","506233","2019-03-25","EC3R 7YE","O","N","L","","2","MINSTER COURT","","LONDON","CITY OF LONDON","GREATER LONDON","B","http://landregistry.data.gov.uk/data/ppi/transaction/87E1551E-CEF3-6405-E053-6C04A8C0B2EE/current"
"1EAE3DF7-6B0C-9EB1-E063-4704A8C09D02","217573","2024-07-02","EC3R 8AJ","O","N","L","","16 - 18","MONUMENT STREET","","LONDON","CITY OF LONDON","GREATER LONDON","B","http://landregistry.data.gov.uk/data/ppi/transaction/1EAE3DF7-6B0C-9EB1-E063-4704A8C09D02/current"
"8CAC1319-0F5B-0253-E053-6B04A8C08E51","89939229","2019-04-30","EC3R 8AJ","O","N","F","","22","MONUMENT STREET","","LONDON","CITY OF LONDON","GREATER LONDON","B","http://landregistry.data.gov.uk/data/ppi/transaction/8CAC1319-0F5B-0253-E053-6B04A8C08E51/current"
"9DBAD222-88EF-6EB3-E053-6B04A8C0F257","415000","2019-09-26","EC3R 8AQ","O","N","L","FOURTH FLOOR","24","MONUMENT STREET","","LONDON","CITY OF LONDON","GREATER LONDON","B","http://landregistry.data.gov.uk/data/ppi/transaction/9DBAD222-88EF-6EB3-E053-6B04A8C0F257/current"
"79A74E22-9BD5-1289-E053-6B04A8C01627","545000","2018-08-10","EC3R 8BT","F","N","L","FLAT 10","WERNA HOUSE, 31","MONUMENT STREET","","LONDON","CITY OF LONDON","GREATER LONDON","B","http://landregistry.data.gov.uk/data/ppi/transaction/79A74E22-9BD5-1289-E053-6B04A8C01627/current"
"55BDCAE6-41A1-521D-E053-6B04A8C0DD7A","570000","2017-06-23","EC3R 8BT","F","N","L","FLAT 17","WERNA HOUSE, 31","MONUMENT STREET","","LONDON","CITY OF LONDON","GREATER LONDON","A","http://landregistry.data.gov.uk/data/ppi/transaction/55BDCAE6-41A1-521D-E053-6B04A8C0DD7A/current"
"2F7F2B43-44F8-E08F-E063-4804A8C05A49","680000","2025-02-03","EC3R 8BT","F","N","L","FLAT 19","WERNA HOUSE, 31","MONUMENT STREET","","LONDON","CITY OF LONDON","GREATER LONDON","A","http://landregistry.data.gov.uk/data/ppi/transaction/2F7F2B43-44F8-E08F-E063-4804A8C05A49/current"
"919FEC05-8836-9A90-E053-6C04A8C0A300","735000","2019-07-12","EC3R 8BT","F","N","L","FLAT 20","WERNA HOUSE, 31","MONUMENT STREET","","LONDON","CITY OF LONDON","GREATER LONDON","A","http://landregistry.data.gov.uk/data/ppi/transaction/919FEC05-8836-9A90-E053-6C04A8C0A300/current"
"152AB734-01F5-E651-E063-4704A8C061D9","547500","2023-03-23","EC3R 8BT","F","N","L","FLAT 23","WERNA HOUSE, 31","MONUMENT STREET","","LONDON","CITY OF LONDON","GREATER LONDON","A","http://landregistry.data.gov.uk/data/ppi/transaction/152AB734-01F5-E651-E063-4704A8C061D9/current"
"5A9D8B55-74F2-68EB-E053-6B04A8C0D293","550000","2017-08-31","EC3R 8BT","F","N","L","FLAT 23","WERNA HOUSE, 31","MONUMENT STREET","","LONDON","CITY OF LONDON","GREATER LONDON","A","http://landregistry.data.gov.uk/data/ppi/transaction/5A9D8B55-74F2-68EB-E053-6B04A8C0D293/current"
"2F7F2B43-44F9-E08F-E063-4804A8C05A49","700000","2025-01-24","EC3R 8BT","F","N","L","FLAT 26","WERNA HOUSE, 31","MONUMENT STREET","","LONDON","CITY OF LONDON","GREATER LONDON","A","http://landregistry.data.gov.uk/data/ppi/transaction/2F7F2B43-44F9-E08F-E063-4804A8C05A49/current"
"402A3A66-27F3-A7DF-E063-4804A8C0B80D","450000","2025-08-15","EC3R 8BT","F","N","L","FLAT 28","WERNA HOUSE, 31","MONUMENT STREET","","LONDON","CITY OF LONDON","GREATER LONDON","A","http://landregistry.data.gov.uk/data/ppi/transaction/402A3A66-27F3-A7DF-E063-4804A8C0B80D/current"
"F87E72F9-38C9-176C-E053-6B04A8C0D2BE","610000","2022-04-29","EC3R 8BT","F","N","L","FLAT 31","WERNA HOUSE, 31","MONUMENT STREET","","LONDON","CITY OF LONDON","GREATER LONDON","A","http://landregistry.data.gov.uk/data/ppi/transaction/F87E72F9-38C9-176C-E053-6B04A8C0D2BE/current"
"25E9DA81-275B-555E-E063-4704A8C066F2","578000","2024-09-09","EC3R 8BT","F","N","L","FLAT 4","WERNA HOUSE, 31","MONUMENT STREET","","LONDON","CITY OF LONDON","GREATER LONDON","A","http://landregistry.data.gov.uk/data/ppi/transaction/25E9DA81-275B-555E-E063-4704A8C066F2/current"
"773788C3-95FA-2CE4-E053-6C04A8C05E57","505000","2018-08-24","EC3R 8BT","O","N","L","FLAT 4","WERNA HOUSE, 31","MONUMENT STREET","","LONDON","CITY OF LONDON","GREATER LONDON","B","http://landregistry.data.gov.uk/data/ppi/transaction/773788C3-95FA-2CE4-E053-6C04A8C05E57/current"
"7011B109-A637-8ED6-E053-6B04A8C075C1","499000","2018-05-11","EC3R 8BT","F","N","L","FLAT 9","WERNA HOUSE, 31","MONUMENT STREET","","LONDON","CITY OF LONDON","GREATER LONDON","A","http://landregistry.data.gov.uk/data/ppi/transaction/7011B109-A637-8ED6-E053-6B04A8C075C1/current"
"2D1E4B27-1DE5-FCD1-E050-A8C0630544EC","8925000","2016-01-28","EC3R 8DE","O","N","F","SECOND FLOOR PREMISES","36 - 38","BOTOLPH LANE","","LONDON","CITY OF LONDON","GREATER LONDON","B","http://landregistry.data.gov.uk/data/ppi/transaction/2D1E4B27-1DE5-FCD1-E050-A8C0630544EC/current"
"4777E0AF-9441-5D59-E063-4804A8C09F8E","9584824","2025-01-30","EC3R 8DE","O","N","F","","36 - 38","BOTOLPH LANE","","LONDON","CITY OF LONDON","GREATER LONDON","B","http://landregistry.data.gov.uk/data/ppi/transaction/4777E0AF-9441-5D59-E063-4804A8C09F8E/current"
"1A0C5C63-FBAA-7CBE-E063-4804A8C06C96","8985000","2024-02-12","EC3R 8DE","O","N","F","","36 - 38","BOTOLPH LANE","","LONDON","CITY OF LONDON","GREATER LONDON","B","http://landregistry.data.gov.uk/data/ppi/transaction/1A0C5C63-FBAA-7CBE-E063-4804A8C06C96/current"
"2D1E4B27-14E4-FCD1-E050-A8C0630544EC","1250000","2016-02-23","EC3R 8DN","O","N","L","","OFFICE NO 2, 10 - 13","LOVAT LANE","","LONDON","CITY OF LONDON","GREATER LONDON","B","http://landregistry.data.gov.uk/data/ppi/transaction/2D1E4B27-14E4-FCD1-E050-A8C0630544EC/current"
"BEF7EBBF-91F8-7A76-E053-6B04A8C092F7","18000","2020-07-13","EC3R 8DR","O","N","L","GROUND FLOOR AND BASEMENT","2","BOTOLPH ALLEY","","LONDON","CITY OF LONDON","GREATER LONDON","B","http://landregistry.data.gov.uk/data/ppi/transaction/BEF7EBBF-91F8-7A76-E053-6B04A8C092F7/current"
"8F1B26BE-7C85-53DB-E053-6C04A8C03649","44732","2019-07-15","EC3R 8DR","O","N","L","GROUND FLOOR AND BASEMENT","2","BOTOLPH ALLEY","","LONDON","CITY OF LONDON","GREATER LONDON","B","http://landregistry.data.gov.uk/data/ppi/transaction/8F1B26BE-7C85-53DB-E053-6C04A8C03649/current"
"369DFB16-819B-3A19-E050-A8C0620518C6","20000","2016-05-09","EC3R 8DR","O","N","L","BASEMENT PREMISES","2 - 4","BOTOLPH ALLEY","","LONDON","CITY OF LONDON","GREATER LONDON","B","http://landregistry.data.gov.uk/data/ppi/transaction/369DFB16-819B-3A19-E050-A8C0620518C6/current"
"9B361207-126B-1904-E053-6B04A8C0EEB5","575000","2019-12-05","EC3R 8DR","F","N","L","FLAT 3","OCTAVE HOUSE, 4","BOTOLPH ALLEY","","LONDON","CITY OF LONDON","GREATER LONDON","B","http://landregistry.data.gov.uk/data/ppi/transaction/9B361207-126B-1904-E053-6B04A8C0EEB5/current"
"C6209F5F-9825-295E-E053-6C04A8C0DDCC","460000","2021-03-31","EC3R 8DR","F","N","L","FLAT 7","OCTAVE HOUSE, 4","BOTOLPH ALLEY","","LONDON","CITY OF LONDON","GREATER LONDON","A","http://landregistry.data.gov.uk/data/ppi/transaction/C6209F5F-9825-295E-E053-6C04A8C0DDCC/current"
"152AB733-7748-E651-E063-4704A8C061D9","450000","2023-12-20","EC3R 8DR","F","N","L","FLAT 1","6","BOTOLPH ALLEY","","LONDON","CITY OF LONDON","GREATER LONDON","A","http://landregistry.data.gov.uk/data/ppi/transaction/152AB733-7748-E651-E063-4704A8C061D9/current"
"31FB4C16-CA9B-57B9-E050-A8C063053436","573750","2016-03-10","EC3R 8DR","F","N","L","FLAT 1","6","BOTOLPH ALLEY","","LONDON","CITY OF LONDON","GREATER LONDON","A","http://landregistry.data.gov.uk/data/ppi/transaction/31FB4C16-CA9B-57B9-E050-A8C063053436/current"
"965B6D92-3427-95E4-E053-6C04A8C07729","515000","2019-10-18","EC3R 8DR","F","N","L","FLAT 1","9","BOTOLPH ALLEY","","LONDON","CITY OF LONDON","GREATER LONDON","B","http://landregistry.data.gov.uk/data/ppi/transaction/965B6D92-3427-95E4-E053-6C04A8C07729/current"
"2D1E4B25-E8BF-FCD1-E050-A8C0630544EC","540000","2016-02-04","EC3R 8DR","F","N","L","FLAT 1","9","BOTOLPH ALLEY","","LONDON","CITY OF LONDON","GREATER LONDON","A","http://landregistry.data.gov.uk/data/ppi/transaction/2D1E4B25-E8BF-FCD1-E050-A8C0630544EC/current"
"CFC9085C-4035-9A70-E053-6B04A8C09D6A","595000","2021-09-10","EC3R 8DR","F","N","L","FLAT 3","9","BOTOLPH ALLEY","","LONDON","CITY OF LONDON","GREATER LONDON","A","http://landregistry.data.gov.uk/data/ppi/transaction/CFC9085C-4035-9A70-E053-6B04A8C09D6A/current"
"2859C1AC-F61A-52B4-E063-4804A8C05948","10715000","2024-08-23","EC3R 8DT","O","N","F","","3","LOVAT LANE","","LONDON","CITY OF LONDON","GREATER LONDON","B","http://landregistry.data.gov.uk/data/ppi/transaction/2859C1AC-F61A-52B4-E063-4804A8C05948/current"
"3B5CE842-7D49-EE3A-E063-4804A8C0D6F1","1300000","2025-02-07","EC3R 8DT","O","N","L","","6","LOVAT LANE","","LONDON","CITY OF LONDON","GREATER LONDON","B","http://landregistry.data.gov.uk/data/ppi/transaction/3B5CE842-7D49-EE3A-E063-4804A8C0D6F1/current"
"773788C2-3218-2CE4-E053-6C04A8C05E57","1200000","2018-07-27","EC3R 8DT","F","N","L","","6","LOVAT LANE","","LONDON","CITY OF LONDON","GREATER LONDON","A","http://landregistry.data.gov.uk/data/ppi/transaction/773788C2-3218-2CE4-E053-6C04A8C05E57/current"
"31FB4C18-658B-57B9-E050-A8C063053436","385000","2016-04-19","EC3R 8DT","O","N","F","","6","LOVAT LANE","","LONDON","CITY OF LONDON","GREATER LONDON","B","http://landregistry.data.gov.uk/data/ppi/transaction/31FB4C18-658B-57B9-E050-A8C063053436/current"
"7E86B6FB-B541-458C-E053-6B04A8C0C84C","21174302","2018-12-05","EC3R 8DU","O","N","F","","36","ST MARY AT HILL","","LONDON","CITY OF LONDON","GREATER LONDON","B","http://landregistry.data.gov.uk/data/ppi/transaction/7E86B6FB-B541-458C-E053-6B04A8C0C84C/current"
"31C68072-DDE3-FEE3-E063-4804A8C04F37","4260000","2025-02-21","EC3R 8DW","O","N","F","","8 - 9","LOVAT LANE","","LONDON","CITY OF LONDON","GREATER LONDON","B","http://landregistry.data.gov.uk/data/ppi/transaction/31C68072-DDE3-FEE3-E063-4804A8C04F37/current"
"25E9DA81-BF2F-555E-E063-4704A8C066F2","4260000","2024-03-21","EC3R 8DW","O","N","F","","8 - 9","LOVAT LANE","","LONDON","CITY OF LONDON","GREATER LONDON","B","http://landregistry.data.gov.uk/data/ppi/transaction/25E9DA81-BF2F-555E-E063-4704A8C066F2/current"
"CFC9085C-40B0-9A70-E053-6B04A8C09D6A","820000","2021-06-07","EC3R 8DW","F","N","L","FLAT 5","11 - 12","LOVAT LANE","","LONDON","CITY OF LONDON","GREATER LONDON","A","http://landregistry.data.gov.uk/data/ppi/transaction/CFC9085C-40B0-9A70-E053-6B04A8C09D6A/current"
"7011B108-FE3F-8ED6-E053-6B04A8C075C1","835000","2018-03-23","EC3R 8DW","F","N","L","FLAT 5","11 - 12","LOVAT LANE","","LONDON","CITY OF LONDON","GREATER LONDON","A","http://landregistry.data.gov.uk/data/ppi/transaction/7011B108-FE3F-8ED6-E053-6B04A8C075C1/current"
"453D27A3-E508-EF91-E050-A8C0630574D7","63500","2016-11-14","EC3R 8DW","O","N","F","","13","LOVAT LANE","","LONDON","CITY OF LONDON","GREATER LONDON","B","http://landregistry.data.gov.uk/data/ppi/transaction/453D27A3-E508-EF91-E050-A8C0630574D7/current"
"FFA361DB-82EC-8A03-E053-4804A8C01F61","59153724","2023-06-26","EC3R 8DY","O","N","F","","32","ST MARY AT HILL","","LONDON","CITY OF LONDON","GREATER LONDON","B","http://landregistry.data.gov.uk/data/ppi/transaction/FFA361DB-82EC-8A03-E053-4804A8C01F61/current"
"5F54B81C-A4AA-2B45-E053-6B04A8C01FB0","1340000","2017-05-18","EC3R 8EB","F","N","L","FLAT 1","21","LOVAT LANE","","LONDON","CITY OF LONDON","GREATER LONDON","A","http://landregistry.data.gov.uk/data/ppi/transaction/5F54B81C-A4AA-2B45-E053-6B04A8C01FB0/current"
"2859C1AB-7261-52B4-E063-4804A8C05948","600000","2024-10-25","EC3R 8EB","F","N","L","FLAT 2","22","LOVAT LANE","","LONDON","CITY OF LONDON","GREATER LONDON","A","http://landregistry.data.gov.uk/data/ppi/transaction/2859C1AB-7261-52B4-E063-4804A8C05948/current"
"726BF13A-55BA-0A46-E053-6C04A8C01D0D","775000","2018-06-14","EC3R 8EB","F","N","L","FLAT 6","22","LOVAT LANE","","LONDON","CITY OF LONDON","GREATER LONDON","A","http://landregistry.data.gov.uk/data/ppi/transaction/726BF13A-55BA-0A46-E053-6C04A8C01D0D/current"
"8CAC1319-0FBF-0253-E053-6B04A8C08E51","4050000","2019-05-16","EC3R 8EE","O","N","F","","11 - 15","ST MARY AT HILL","","LONDON","CITY OF LONDON","GREATER LONDON","B","http://landregistry.data.gov.uk/data/ppi/transaction/8CAC1319-0FBF-0253-E053-6B04A8C08E51/current"
"1EAE3DF7-6AAE-9EB1-E063-4704A8C09D02","5892156","2023-09-11","EC3R 8HN","O","N","F","","PINNACLE HOUSE, 23 - 26","ST DUNSTANS HILL","","LONDON","CITY OF LONDON","GREATER LONDON","B","http://landregistry.data.gov.uk/data/ppi/transaction/1EAE3DF7-6AAE-9EB1-E063-4704A8C09D02/current"
"25E9DA81-E5F8-555E-E063-4704A8C066F2","59547290","2024-04-30","EC3V 0AE","O","N","F","","87","GRACECHURCH STREET","","LONDON","CITY OF LONDON","GREATER LONDON","B","http://landregistry.data.gov.uk/data/ppi/transaction/25E9DA81-E5F8-555E-E063-4704A8C066F2/current"
"0E082197-609A-5C09-E063-4704A8C0A10E","175000","2023-08-01","EC3V 0AG","O","N","L","","20","GRACECHURCH STREET","","LONDON","CITY OF LONDON","GREATER LONDON","B","http://landregistry.data.gov.uk/data/ppi/transaction/0E082197-609A-5C09-E063-4704A8C0A10E/current"
"F5E8B082-3004-3A13-E053-6C04A8C060B7","50000","2022-10-14","EC3V 0AS","O","N","L","BASEMENT AND GROUND FLOOR PREMISES","77 - 80","GRACECHURCH STREET","","LONDON","CITY OF LONDON","GREATER LONDON","B","http://landregistry.data.gov.uk/data/ppi/transaction/F5E8B082-3004-3A13-E053-6C04A8C060B7/current"
"42C129E5-91EA-60A9-E063-4804A8C0C25D","38404506","2024-08-15","EC3V 0AT","O","N","L","","3","GRACECHURCH STREET","","LONDON","CITY OF LONDON","GREATER LONDON","B","http://landregistry.data.gov.uk/data/ppi/transaction/42C129E5-91EA-60A9-E063-4804A8C0C25D/current"
"5CF9903C-CF54-7F13-E053-6C04A8C074B1","579290","2017-08-01","EC3V 0AT","O","N","L","","6","GRACECHURCH STREET","","LONDON","CITY OF LONDON","GREATER LONDON","B","http://landregistry.data.gov.uk/data/ppi/transaction/5CF9903C-CF54-7F13-E053-6C04A8C074B1/current"
"C3C3F9B6-9939-362B-E053-6B04A8C03ACC","1308000","2021-02-09","EC3V 0BT","O","N","L","FOURTH FLOOR","40","GRACECHURCH STREET","","LONDON","CITY OF LONDON","GREATER LONDON","B","http://landregistry.data.gov.uk/data/ppi/transaction/C3C3F9B6-9939-362B-E053-6B04A8C03ACC/current"
"4777E0AF-7698-5D59-E063-4804A8C09F8E","1121938","2025-02-03","EC3V 0EJ","O","N","L","GROUND FLOOR","51 - 54","GRACECHURCH STREET","","LONDON","CITY OF LONDON","GREATER LONDON","B","http://landregistry.data.gov.uk/data/ppi/transaction/4777E0AF-7698-5D59-E063-4804A8C09F8E/current"
"1C3E72FF-0FAC-F410-E063-4804A8C0DFA6","142250000","2023-03-13","EC3V 0HR","O","N","F","","ALLIANZ HOUSE, 60","GRACECHURCH STREET","","LONDON","CITY OF LONDON","GREATER LONDON","B","http://landregistry.data.gov.uk/data/ppi/transaction/1C3E72FF-0FAC-F410-E063-4804A8C0DFA6/current"
"49E87C32-DC2D-591C-E063-4704A8C00C31","6760000","2024-10-22","EC3V 1LP","O","N","F","","11","LEADENHALL STREET","","LONDON","CITY OF LONDON","GREATER LONDON","B","http://landregistry.data.gov.uk/data/ppi/transaction/49E87C32-DC2D-591C-E063-4704A8C00C31/current"
"666758D7-910B-3363-E053-6B04A8C0D74E","100000","2017-12-08","EC3V 1LP","O","N","L","","11","LEADENHALL STREET","","LONDON","CITY OF LONDON","GREATER LONDON","B","http://landregistry.data.gov.uk/data/ppi/transaction/666758D7-910B-3363-E053-6B04A8C0D74E/current"
"6B32222C-E648-01F1-E053-6C04A8C0D2C8","90000","2018-01-09","EC3V 1LR","O","N","L","","1 - 3","LEADENHALL MARKET","","LONDON","CITY OF LONDON","GREATER LONDON","B","http://landregistry.data.gov.uk/data/ppi/transaction/6B32222C-E648-01F1-E053-6C04A8C0D2C8/current"
"87E1551E-CEFC-6405-E053-6C04A8C0B2EE","15152286","2019-04-05","EC3V 1LU","O","N","L","GROUND FLOOR PREMISES","9 - 10","BULLS HEAD PASSAGE","","LONDON","CITY OF LONDON","GREATER LONDON","B","http://landregistry.data.gov.uk/data/ppi/transaction/87E1551E-CEFC-6405-E053-6C04A8C0B2EE/current"
"42A5A70A-259A-56E8-E050-A8C06205331E","46747763","2016-10-28","EC3V 1LY","O","N","F","","THE SWAN TAVERN","SHIP TAVERN PASSAGE","","LONDON","CITY OF LONDON","GREATER LONDON","B","http://landregistry.data.gov.uk/data/ppi/transaction/42A5A70A-259A-56E8-E050-A8C06205331E/current"
"42A5A70A-2563-56E8-E050-A8C06205331E","46747763","2016-10-28","EC3V 1LY","O","N","F","","12","SHIP TAVERN PASSAGE","","LONDON","CITY OF LONDON","GREATER LONDON","B","http://landregistry.data.gov.uk/data/ppi/transaction/42A5A70A-2563-56E8-E050-A8C06205331E/current"
"49B7852A-DB25-7921-E050-A8C063056E8D","14000000","2017-01-11","EC3V 3LT","O","N","F","","1","ROYAL EXCHANGE AVENUE","","LONDON","CITY OF LONDON","GREATER LONDON","B","http://landregistry.data.gov.uk/data/ppi/transaction/49B7852A-DB25-7921-E050-A8C063056E8D/current"
"7E86B6FB-B570-458C-E053-6B04A8C0C84C","4626203","2018-11-20","EC3V 3ND","O","N","L","GROUND FLOOR AND BASEMENT PREMISES","24","CORNHILL","","LONDON","CITY OF LONDON","GREATER LONDON","B","http://landregistry.data.gov.uk/data/ppi/transaction/7E86B6FB-B570-458C-E053-6B04A8C0C84C/current"
"8CAC1319-0F9A-0253-E053-6B04A8C08E51","31854663","2019-05-21","EC3V 3ND","O","N","F","","28","CORNHILL","","LONDON","CITY OF LONDON","GREATER LONDON","B","http://landregistry.data.gov.uk/data/ppi/transaction/8CAC1319-0F9A-0253-E053-6B04A8C08E51/current"
"4E95D758-2819-EDA1-E050-A8C0630539E2","13100000","2017-02-28","EC3V 3NG","O","N","L","","36 - 38","CORNHILL","","LONDON","CITY OF LONDON","GREATER LONDON","B","http://landregistry.data.gov.uk/data/ppi/transaction/4E95D758-2819-EDA1-E050-A8C0630539E2/current"
"AC07BBD0-A4C0-0445-E053-6C04A8C01E31","144000","2019-08-27","EC3V 3NL","O","N","L","GROUND FLOOR AND LOWER GROUND FLOOR","4 - 6","ROYAL EXCHANGE BUILDINGS","","LONDON","CITY OF LONDON","GREATER LONDON","B","http://landregistry.data.gov.uk/data/ppi/transaction/AC07BBD0-A4C0-0445-E053-6C04A8C01E31/current"
"4C1B673F-DE0F-D8EA-E063-4704A8C0BF7D","144922","2025-04-10","EC3V 3NL","O","N","L","THIRD FLOOR","4 - 6","ROYAL EXCHANGE BUILDINGS","","LONDON","CITY OF LONDON","GREATER LONDON","B","http://landregistry.data.gov.uk/data/ppi/transaction/4C1B673F-DE0F-D8EA-E063-4704A8C0BF7D/current"
"44F406B7-2173-1095-E063-4704A8C048D4","10000","2024-12-20","EC3V 3PD","O","N","L","","54 - 55","CORNHILL","","LONDON","CITY OF LONDON","GREATER LONDON","B","http://landregistry.data.gov.uk/data/ppi/transaction/44F406B7-2173-1095-E063-4704A8C048D4/current"
"7011B10A-383D-8ED6-E053-6B04A8C075C1","1560698","2018-05-25","EC3V 3PD","O","N","F","","56 - 57","CORNHILL","","LONDON","CITY OF LONDON","GREATER LONDON","B","http://landregistry.data.gov.uk/data/ppi/transaction/7011B10A-383D-8ED6-E053-6B04A8C075C1/current"
"1061746E-DBF7-3C34-E063-4804A8C0F9E7","3000000","2023-06-29","EC3V 3PD","O","N","F","","CORNHILL HOUSE, 59 - 60","CORNHILL","","LONDON","CITY OF LONDON","GREATER LONDON","B","http://landregistry.data.gov.uk/data/ppi/transaction/1061746E-DBF7-3C34-E063-4804A8C0F9E7/current"
"BA558B33-8081-76EF-E053-6B04A8C0B4B7","585000","2020-11-20","EC3V 3QQ","F","N","L","FLAT 2","THE POWERHOUSE, 74","CORNHILL","","LONDON","CITY OF LONDON","GREATER LONDON","B","http://landregistry.data.gov.uk/data/ppi/transaction/BA558B33-8081-76EF-E053-6B04A8C0B4B7/current"
"47844C80-BBC1-8986-E050-A8C063056488","28000000","2016-12-21","EC3V 3QQ","O","N","F","","75 - 77","CORNHILL","","LONDON","CITY OF LONDON","GREATER LONDON","B","http://landregistry.data.gov.uk/data/ppi/transaction/47844C80-BBC1-8986-E050-A8C063056488/current"
"3E0330F0-B9C1-8D89-E050-A8C062052140","32000000","2016-09-12","EC3V 3QT","O","N","F","","62 - 64","CORNHILL","","LONDON","CITY OF LONDON","GREATER LONDON","B","http://landregistry.data.gov.uk/data/ppi/transaction/3E0330F0-B9C1-8D89-E050-A8C062052140/current"
"79A74E22-9BE7-1289-E053-6B04A8C01627","44575486","2018-10-02","EC3V 3RA","O","N","L","","2","ROYAL EXCHANGE","","LONDON","CITY OF LONDON","GREATER LONDON","B","http://landregistry.data.gov.uk/data/ppi/transaction/79A74E22-9BE7-1289-E053-6B04A8C01627/current"
"369DFB16-87CA-3A19-E050-A8C0620518C6","20584632","2016-05-09","EC3V 3SG","O","N","F","","32","CORNHILL","","LONDON","CITY OF LONDON","GREATER LONDON","B","http://landregistry.data.gov.uk/data/ppi/transaction/369DFB16-87CA-3A19-E050-A8C0620518C6/current"
"5376B386-3CBD-34C1-E053-6B04A8C09FF6","144000","2017-03-27","EC3V 4PT","O","N","L","","UNIT 2, 122","LEADENHALL STREET","","LONDON","CITY OF LONDON","GREATER LONDON","B","http://landregistry.data.gov.uk/data/ppi/transaction/5376B386-3CBD-34C1-E053-6B04A8C09FF6/current"
"2131FCF6-BEC8-86E8-E063-4804A8C0372B","185507","2023-03-14","EC3V 4QT","O","N","L","","145","LEADENHALL STREET","","LONDON","CITY OF LONDON","GREATER LONDON","B","http://landregistry.data.gov.uk/data/ppi/transaction/2131FCF6-BEC8-86E8-E063-4804A8C0372B/current"
"9DBAD222-8902-6EB3-E053-6B04A8C0F257","356152","2020-01-07","EC3V 4QT","O","N","L","","145 - 146","LEADENHALL STREET","","LONDON","CITY OF LONDON","GREATER LONDON","B","http://landregistry.data.gov.uk/data/ppi/transaction/9DBAD222-8902-6EB3-E053-6B04A8C0F257/current"
"9DBAD222-8907-6EB3-E053-6B04A8C0F257","351932","2020-01-07","EC3V 4QT","O","N","L","","145 - 146","LEADENHALL STREET","","LONDON","CITY OF LONDON","GREATER LONDON","B","http://landregistry.data.gov.uk/data/ppi/transaction/9DBAD222-8907-6EB3-E053-6B04A8C0F257/current"
"9DBAD222-890E-6EB3-E053-6B04A8C0F257","266590","2020-01-07","EC3V 4QT","O","N","L","","145 - 146","LEADENHALL STREET","","LONDON","CITY OF LONDON","GREATER LONDON","B","http://landregistry.data.gov.uk/data/ppi/transaction/9DBAD222-890E-6EB3-E053-6B04A8C0F257/current"
"50F18103-CBCC-9FD5-E050-A8C063054923","725000","2017-05-08","EC3V 4QT","O","N","L","","147","LEADENHALL STREET","","LONDON","CITY OF LONDON","GREATER LONDON","B","http://landregistry.data.gov.uk/data/ppi/transaction/50F18103-CBCC-9FD5-E050-A8C063054923/current"
"5F54B81E-2BFB-2B45-E053-6B04A8C01FB0","34500000","2017-10-05","EC3V 4TE","O","N","F","","150","LEADENHALL STREET","","LONDON","CITY OF LONDON","GREATER LONDON","B","http://landregistry.data.gov.uk/data/ppi/transaction/5F54B81E-2BFB-2B45-E053-6B04A8C01FB0/current"
"A71375FE-07EF-7576-E053-6C04A8C0462F","1300000","2020-03-11","EC3V 9BJ","F","N","F","","3","LOMBARD COURT","","LONDON","CITY OF LONDON","GREATER LONDON","B","http://landregistry.data.gov.uk/data/ppi/transaction/A71375FE-07EF-7576-E053-6C04A8C0462F/current"
"B32EBB14-3408-3C99-E053-6C04A8C09CA1","76500000","2020-09-08","EC3V 9BQ","O","N","L","","32","LOMBARD STREET","","LONDON","CITY OF LONDON","GREATER LONDON","B","http://landregistry.data.gov.uk/data/ppi/transaction/B32EBB14-3408-3C99-E053-6C04A8C09CA1/current"
"4E75C29E-2F0F-8922-E063-4804A8C094D0","5200000","2025-02-03","EC3V 9BS","O","N","F","","38","LOMBARD STREET","","LONDON","CITY OF LONDON","GREATER LONDON","B","http://landregistry.data.gov.uk/data/ppi/transaction/4E75C29E-2F0F-8922-E063-4804A8C094D0/current"
"666758D7-AB48-3363-E053-6B04A8C0D74E","22198937","2018-02-01","EC3V 9DF","O","N","F","","ST. MICHAELS HOUSE, 1","GEORGE YARD","","LONDON","CITY OF LONDON","GREATER LONDON","B","http://landregistry.data.gov.uk/data/ppi/transaction/666758D7-AB48-3363-E053-6B04A8C0D74E/current"
"402A3A66-ABF8-A7DF-E063-4804A8C0B80D","87246","2024-12-06","EC3V 9DF","O","N","L","GROUND AND LOWER GROUND FLOORS","1","GEORGE YARD","","LONDON","CITY OF LONDON","GREATER LONDON","B","http://landregistry.data.gov.uk/data/ppi/transaction/402A3A66-ABF8-A7DF-E063-4804A8C0B80D/current"
"38EDC0C3-AE6B-0F63-E063-4704A8C00424","18650000","2024-07-10","EC3V 9DJ","O","N","F","","THE ANNEX, 7","BIRCHIN LANE","","LONDON","CITY OF LONDON","GREATER LONDON","B","http://landregistry.data.gov.uk/data/ppi/transaction/38EDC0C3-AE6B-0F63-E063-4704A8C00424/current"
"6DA0844A-A3BD-30F2-E053-6B04A8C05F3B","47000","2018-05-09","EC3V 9DL","O","N","L","","1","CASTLE COURT","","LONDON","CITY OF LONDON","GREATER LONDON","B","http://landregistry.data.gov.uk/data/ppi/transaction/6DA0844A-A3BD-30F2-E053-6B04A8C05F3B/current"
"453D27A3-D86B-EF91-E050-A8C0630574D7","3150000","2016-12-08","EC3V 9DS","O","N","F","","ST. MICHAELS RECTORY","ST MICHAELS ALLEY","","LONDON","CITY OF LONDON","GREATER LONDON","B","http://landregistry.data.gov.uk/data/ppi/transaction/453D27A3-D86B-EF91-E050-A8C0630574D7/current"
"C3C3F9B6-B4AE-362B-E053-6B04A8C03ACC","1500000","2021-02-17","EC3V 9DS","D","N","F","","3","ST MICHAELS ALLEY","","LONDON","CITY OF LONDON","GREATER LONDON","B","http://landregistry.data.gov.uk/data/ppi/transaction/C3C3F9B6-B4AE-362B-E053-6B04A8C03ACC/current"
"6DA0844A-A355-30F2-E053-6B04A8C05F3B","40700000","2018-05-21","EC3V 9EA","O","N","F","","60","LOMBARD STREET","","LONDON","CITY OF LONDON","GREATER LONDON","B","http://landregistry.data.gov.uk/data/ppi/transaction/6DA0844A-A355-30F2-E053-6B04A8C05F3B/current"
"4E75C29D-FB0F-8922-E063-4804A8C094D0","156042","2025-06-25","EC3V 9JU","O","N","L","FIFTH FLOOR WEST","1 - 6","LOMBARD STREET","","LONDON","CITY OF LONDON","GREATER LONDON","B","http://landregistry.data.gov.uk/data/ppi/transaction/4E75C29D-FB0F-8922-E063-4804A8C094D0/current"
"79A74E22-7CEC-1289-E053-6B04A8C01627","1299954","2018-09-28","EC3V 9LJ","O","N","L","EIGHTH FLOOR","67","LOMBARD STREET","","LONDON","CITY OF LONDON","GREATER LONDON","B","http://landregistry.data.gov.uk/data/ppi/transaction/79A74E22-7CEC-1289-E053-6B04A8C01627/current"
"3DCCB7CA-C569-5B9D-E063-4704A8C0331E","24900000","2024-10-09","EC3V 9LJ","O","N","F","","68","LOMBARD STREET","","LONDON","CITY OF LONDON","GREATER LONDON","B","http://landregistry.data.gov.uk/data/ppi/transaction/3DCCB7CA-C569-5B9D-E063-4704A8C0331E/current"
"47844C80-BB87-8986-E050-A8C063056488","33000000","2016-12-22","EC3V 9LJ","O","N","F","","68","LOMBARD STREET","","LONDON","CITY OF LONDON","GREATER LONDON","B","http://landregistry.data.gov.uk/data/ppi/transaction/47844C80-BB87-8986-E050-A8C063056488/current"
"DBA933FA-5BD5-669D-E053-6B04A8C0AD56","310000","2021-10-01","EC4A 1AB","O","N","L","THIRD FLOOR SOUTH","CHANCERY EXCHANGE, 10","FURNIVAL STREET","","LONDON","CITY OF LONDON","GREATER LONDON","B","http://landregistry.data.gov.uk/data/ppi/transaction/DBA933FA-5BD5-669D-E053-6B04A8C0AD56/current"
"47844C80-BBF8-8986-E050-A8C063056488","69000000","2016-12-20","EC4A 1AN","O","N","L","","3 - 4","NEW FETTER LANE","","LONDON","CITY OF LONDON","GREATER LONDON","B","http://landregistry.data.gov.uk/data/ppi/transaction/47844C80-BBF8-8986-E050-A8C063056488/current"
"582D0636-8631-8F22-E053-6C04A8C01BAC","1588180","2017-07-21","EC4A 1BF","F","N","L","APARTMENT 57","ST DUNSTANS HOUSE, 133 - 137","FETTER LANE","","LONDON","CITY OF LONDON","GREATER LONDON","A","http://landregistry.data.gov.uk/data/ppi/transaction/582D0636-8631-8F22-E053-6C04A8C01BAC/current"
"F5E8B080-D193-3A13-E053-6C04A8C060B7","710000","2023-01-20","EC4A 1BF","F","N","L","APARTMENT 16","ST. DUNSTANS HOUSE, 133 - 137","FETTER LANE","","LONDON","CITY OF LONDON","GREATER LONDON","A","http://landregistry.data.gov.uk/data/ppi/transaction/F5E8B080-D193-3A13-E053-6C04A8C060B7/current"
"2FD36065-21C4-4BF8-E050-A8C0620562B1","990000","2016-02-25","EC4A 1BF","F","N","L","APARTMENT 24","ST. DUNSTANS HOUSE, 133 - 137","FETTER LANE","","LONDON","CITY OF LONDON","GREATER LONDON","A","http://landregistry.data.gov.uk/data/ppi/transaction/2FD36065-21C4-4BF8-E050-A8C0620562B1/current"
"7011B108-FE6F-8ED6-E053-6B04A8C075C1","720000","2018-06-04","EC4A 1BF","F","N","L","APARTMENT 25","ST. DUNSTANS HOUSE, 133 - 137","FETTER LANE","","LONDON","CITY OF LONDON","GREATER LONDON","A","http://landregistry.data.gov.uk/data/ppi/transaction/7011B108-FE6F-8ED6-E053-6B04A8C075C1/current"
"49E87C31-84F6-591C-E063-4704A8C00C31","725000","2026-01-09","EC4A 1BF","F","N","L","APARTMENT 29","ST. DUNSTANS HOUSE, 133 - 137","FETTER LANE","","LONDON","CITY OF LONDON","GREATER LONDON","A","http://landregistry.data.gov.uk/data/ppi/transaction/49E87C31-84F6-591C-E063-4704A8C00C31/current"
"75050A84-A854-9A88-E053-6B04A8C02390","1050000","2018-07-31","EC4A 1BF","F","N","L","APARTMENT 34","ST. DUNSTANS HOUSE, 133 - 137","FETTER LANE","","LONDON","CITY OF LONDON","GREATER LONDON","A","http://landregistry.data.gov.uk/data/ppi/transaction/75050A84-A854-9A88-E053-6B04A8C02390/current"
"E073986A-BD9B-2134-E053-6C04A8C0233B","1085000","2022-05-10","EC4A 1BF","F","N","L","APARTMENT 37","ST. DUNSTANS HOUSE, 133 - 137","FETTER LANE","","LONDON","CITY OF LONDON","GREATER LONDON","A","http://landregistry.data.gov.uk/data/ppi/transaction/E073986A-BD9B-2134-E053-6C04A8C0233B/current"
"50D10B83-B2C4-B8D0-E063-4704A8C08D98","605000","2026-03-02","EC4A 1BF","F","N","L","APARTMENT 41","ST. DUNSTANS HOUSE, 133 - 137","FETTER LANE","","LONDON","CITY OF LONDON","GREATER LONDON","A","http://landregistry.data.gov.uk/data/ppi/transaction/50D10B83-B2C4-B8D0-E063-4704A8C08D98/current"
"E53EDD2D-479F-83EC-E053-6B04A8C03A59","830000","2021-07-02","EC4A 1BF","F","N","L","APARTMENT 58","ST. DUNSTANS HOUSE, 133 - 137","FETTER LANE","","LONDON","CITY OF LONDON","GREATER LONDON","B","http://landregistry.data.gov.uk/data/ppi/transaction/E53EDD2D-479F-83EC-E053-6B04A8C03A59/current"
"237B17FD-9316-22AC-E063-4804A8C0EA3A","650000","2024-09-13","EC4A 1BF","F","N","L","APARTMENT 64","ST. DUNSTANS HOUSE, 133 - 137","FETTER LANE","","LONDON","CITY OF LONDON","GREATER LONDON","A","http://landregistry.data.gov.uk/data/ppi/transaction/237B17FD-9316-22AC-E063-4804A8C0EA3A/current"
"3B7E0B8F-6FBC-EA99-E050-A8C062057E77","850000","2016-05-03","EC4A 1BF","F","N","L","APARTMENT 65","ST. DUNSTANS HOUSE, 133 - 137","FETTER LANE","","LONDON","CITY OF LONDON","GREATER LONDON","A","http://landregistry.data.gov.uk/data/ppi/transaction/3B7E0B8F-6FBC-EA99-E050-A8C062057E77/current"
"7C2D06FF-9F20-4963-E053-6B04A8C07B97","2150000","2018-10-10","EC4A 1BF","F","N","L","APARTMENT 68","ST. DUNSTANS HOUSE, 133 - 137","FETTER LANE","","LONDON","CITY OF LONDON","GREATER LONDON","A","http://landregistry.data.gov.uk/data/ppi/transaction/7C2D06FF-9F20-4963-E053-6B04A8C07B97/current"
"68FEB20C-5D56-38DA-E053-6C04A8C051AE","140000","2017-12-01","EC4A 1BR","O","N","L","","5 - 11","FETTER LANE","","LONDON","CITY OF LONDON","GREATER LONDON","B","http://landregistry.data.gov.uk/data/ppi/transaction/68FEB20C-5D56-38DA-E053-6C04A8C051AE/current"
"7011B10A-1E3A-8ED6-E053-6B04A8C075C1","60000","2018-06-15","EC4A 1BT","O","N","L","","140","FETTER LANE","","LONDON","CITY OF LONDON","GREATER LONDON","B","http://landregistry.data.gov.uk/data/ppi/transaction/7011B10A-1E3A-8ED6-E053-6B04A8C075C1/current"
"5CF9903B-77BC-7F13-E053-6C04A8C074B1","405000","2017-03-17","EC4A 1BX","F","N","L","FLAT 101","CLIFFORD'S INN","FETTER LANE","","LONDON","CITY OF LONDON","GREATER LONDON","A","http://landregistry.data.gov.uk/data/ppi/transaction/5CF9903B-77BC-7F13-E053-6C04A8C074B1/current"
"1A0C5C63-0394-7CBE-E063-4804A8C06C96","500000","2022-08-18","EC4A 1BX","F","N","L","FLAT 118","CLIFFORD'S INN","FETTER LANE","","LONDON","CITY OF LONDON","GREATER LONDON","A","http://landregistry.data.gov.uk/data/ppi/transaction/1A0C5C63-0394-7CBE-E063-4804A8C06C96/current"
"F5E8B080-D4B2-3A13-E053-6C04A8C060B7","500000","2022-12-16","EC4A 1BX","F","N","L","FLAT 119","CLIFFORD'S INN","FETTER LANE","","LONDON","CITY OF LONDON","GREATER LONDON","A","http://landregistry.data.gov.uk/data/ppi/transaction/F5E8B080-D4B2-3A13-E053-6C04A8C060B7/current"
"12A8BAB5-D844-2125-E063-4804A8C08CC1","490000","2023-11-13","EC4A 1BX","F","N","L","FLAT 70","CLIFFORD'S INN","FETTER LANE","","LONDON","CITY OF LONDON","GREATER LONDON","A","http://landregistry.data.gov.uk/data/ppi/transaction/12A8BAB5-D844-2125-E063-4804A8C08CC1/current"
"E2D14905-CC63-4C2D-E053-6B04A8C0422B","485000","2022-05-12","EC4A 1BX","F","N","L","FLAT 77","CLIFFORD'S INN","FETTER LANE","","LONDON","CITY OF LONDON","GREATER LONDON","A","http://landregistry.data.gov.uk/data/ppi/transaction/E2D14905-CC63-4C2D-E053-6B04A8C0422B/current"
"453D27A3-4F3C-EF91-E050-A8C0630574D7","550000","2016-11-04","EC4A 1BX","F","N","L","FLAT 85","CLIFFORD'S INN","FETTER LANE","","LONDON","CITY OF LONDON","GREATER LONDON","A","http://landregistry.data.gov.uk/data/ppi/transaction/453D27A3-4F3C-EF91-E050-A8C0630574D7/current"
"965B6D91-ACB0-95E4-E053-6C04A8C07729","415000","2019-09-10","EC4A 1BX","F","N","L","FLAT 87","CLIFFORD'S INN","FETTER LANE","","LONDON","CITY OF LONDON","GREATER LONDON","A","http://landregistry.data.gov.uk/data/ppi/transaction/965B6D91-ACB0-95E4-E053-6C04A8C07729/current"
"402A3A66-26A4-A7DF-E063-4804A8C0B80D","500000","2025-08-22","EC4A 1BX","F","N","L","FLAT 89","CLIFFORD'S INN","FETTER LANE","","LONDON","CITY OF LONDON","GREATER LONDON","A","http://landregistry.data.gov.uk/data/ppi/transaction/402A3A66-26A4-A7DF-E063-4804A8C0B80D/current"
"EA3278AA-3E02-2676-E053-6B04A8C015F8","575000","2022-09-02","EC4A 1BX","F","N","L","FLAT 89","CLIFFORD'S INN","FETTER LANE","","LONDON","CITY OF LONDON","GREATER LONDON","A","http://landregistry.data.gov.uk/data/ppi/transaction/EA3278AA-3E02-2676-E053-6B04A8C015F8/current"
"045A1898-4529-9A24-E063-4804A8C048EA","452000","2023-04-05","EC4A 1BX","F","N","L","FLAT 97","CLIFFORD'S INN","FETTER LANE","","LONDON","CITY OF LONDON","GREATER LONDON","A","http://landregistry.data.gov.uk/data/ppi/transaction/045A1898-4529-9A24-E063-4804A8C048EA/current"
"F87E72F9-3918-176C-E053-6B04A8C0D2BE","575000","2022-12-16","EC4A 1BX","F","N","L","FLAT 99","CLIFFORD'S INN","FETTER LANE","","LONDON","CITY OF LONDON","GREATER LONDON","A","http://landregistry.data.gov.uk/data/ppi/transaction/F87E72F9-3918-176C-E053-6B04A8C0D2BE/current"
"CB0035E6-0AB0-58AE-E053-6B04A8C091AF","475000","2021-03-30","EC4A 1BX","F","N","L","FLAT 99","CLIFFORD'S INN","FETTER LANE","","LONDON","CITY OF LONDON","GREATER LONDON","A","http://landregistry.data.gov.uk/data/ppi/transaction/CB0035E6-0AB0-58AE-E053-6B04A8C091AF/current"
"5F54B81E-2CB4-2B45-E053-6B04A8C01FB0","470000","2017-10-19","EC4A 1BY","F","N","L","FLAT 124","CLIFFORD'S INN","FETTER LANE","","LONDON","CITY OF LONDON","GREATER LONDON","B","http://landregistry.data.gov.uk/data/ppi/transaction/5F54B81E-2CB4-2B45-E053-6B04A8C01FB0/current"
"79A74E22-7CC3-1289-E053-6B04A8C01627","478000","2018-04-05","EC4A 1BY","F","N","L","FLAT 132","CLIFFORD'S INN","FETTER LANE","","LONDON","CITY OF LONDON","GREATER LONDON","B","http://landregistry.data.gov.uk/data/ppi/transaction/79A74E22-7CC3-1289-E053-6B04A8C01627/current"
"A96E4ACB-CE06-9205-E053-6C04A8C0DA09","470000","2020-04-30","EC4A 1BY","F","N","L","FLAT 141","CLIFFORD'S INN","FETTER LANE","","LONDON","CITY OF LONDON","GREATER LONDON","A","http://landregistry.data.gov.uk/data/ppi/transaction/A96E4ACB-CE06-9205-E053-6C04A8C0DA09/current"
"1C3E72FE-E917-F410-E063-4804A8C0DFA6","475000","2024-06-14","EC4A 1BY","F","N","L","FLAT 145","CLIFFORD'S INN","FETTER LANE","","LONDON","CITY OF LONDON","GREATER LONDON","B","http://landregistry.data.gov.uk/data/ppi/transaction/1C3E72FE-E917-F410-E063-4804A8C0DFA6/current"
"045A1898-4245-9A24-E063-4804A8C048EA","930000","2023-07-13","EC4A 1BY","F","N","L","FLAT 148","CLIFFORD'S INN","FETTER LANE","","LONDON","CITY OF LONDON","GREATER LONDON","A","http://landregistry.data.gov.uk/data/ppi/transaction/045A1898-4245-9A24-E063-4804A8C048EA/current"
"87E1551E-68DE-6405-E053-6C04A8C0B2EE","450000","2019-04-04","EC4A 1BY","F","N","L","FLAT 157","CLIFFORD'S INN","FETTER LANE","","LONDON","CITY OF LONDON","GREATER LONDON","B","http://landregistry.data.gov.uk/data/ppi/transaction/87E1551E-68DE-6405-E053-6C04A8C0B2EE/current"
"3DCCB7C9-959D-5B9D-E063-4704A8C0331E","770000","2025-03-31","EC4A 1BY","F","N","L","FLAT 168","CLIFFORD'S INN","FETTER LANE","","LONDON","CITY OF LONDON","GREATER LONDON","A","http://landregistry.data.gov.uk/data/ppi/transaction/3DCCB7C9-959D-5B9D-E063-4704A8C0331E/current"
"045A1898-D653-9A24-E063-4804A8C048EA","570000","2023-07-25","EC4A 1BY","F","N","L","FLAT 179","CLIFFORD'S INN","FETTER LANE","","LONDON","CITY OF LONDON","GREATER LONDON","A","http://landregistry.data.gov.uk/data/ppi/transaction/045A1898-D653-9A24-E063-4804A8C048EA/current"
"93E6821F-3609-40FD-E053-6B04A8C0C1DF","93200000","2019-03-12","EC4A 1DR","O","N","F","","11","NORWICH STREET","","LONDON","CITY OF LONDON","GREATER LONDON","B","http://landregistry.data.gov.uk/data/ppi/transaction/93E6821F-3609-40FD-E053-6B04A8C0C1DF/current"
"93E6821D-E579-40FD-E053-6B04A8C0C1DF","865000","2019-08-09","EC4A 1DT","F","N","L","APARTMENT 1","5","BREAMS BUILDINGS","","LONDON","CITY OF LONDON","GREATER LONDON","A","http://landregistry.data.gov.uk/data/ppi/transaction/93E6821D-E579-40FD-E053-6B04A8C0C1DF/current"
"237B17FD-9296-22AC-E063-4804A8C0EA3A","580000","2024-03-22","EC4A 1DT","F","N","L","APARTMENT 8","5","BREAMS BUILDINGS","","LONDON","CITY OF LONDON","GREATER LONDON","A","http://landregistry.data.gov.uk/data/ppi/transaction/237B17FD-9296-22AC-E063-4804A8C0EA3A/current"
"4C1B673F-FF79-D8EA-E063-4704A8C0BF7D","3560000","2025-09-09","EC4A 1DT","O","N","F","","7 - 9","BREAMS BUILDINGS","","LONDON","CITY OF LONDON","GREATER LONDON","B","http://landregistry.data.gov.uk/data/ppi/transaction/4C1B673F-FF79-D8EA-E063-4704A8C0BF7D/current"
"DBA933F8-E733-669D-E053-6B04A8C0AD56","1300000","2021-12-21","EC4A 1DT","F","N","L","FLAT 2A","11 - 13","BREAMS BUILDINGS","","LONDON","CITY OF LONDON","GREATER LONDON","A","http://landregistry.data.gov.uk/data/ppi/transaction/DBA933F8-E733-669D-E053-6B04A8C0AD56/current"
"FAC30766-CD3C-5E20-E053-4704A8C004EE","1032750","2021-06-29","EC4A 1DT","F","N","L","FLAT 2B","11 - 13","BREAMS BUILDINGS","","LONDON","CITY OF LONDON","GREATER LONDON","A","http://landregistry.data.gov.uk/data/ppi/transaction/FAC30766-CD3C-5E20-E053-4704A8C004EE/current"
"3DCCB7CA-A455-5B9D-E063-4704A8C0331E","565000","2025-08-15","EC4A 1DT","F","N","L","FLAT 7","11 - 13","BREAMS BUILDINGS","","LONDON","CITY OF LONDON","GREATER LONDON","B","http://landregistry.data.gov.uk/data/ppi/transaction/3DCCB7CA-A455-5B9D-E063-4704A8C0331E/current"
"8F1B26BD-44FA-53DB-E053-6C04A8C03649","625000","2019-07-02","EC4A 1DT","F","N","L","FLAT 7","11 - 13","BREAMS BUILDINGS","","LONDON","CITY OF LONDON","GREATER LONDON","A","http://landregistry.data.gov.uk/data/ppi/transaction/8F1B26BD-44FA-53DB-E053-6C04A8C03649/current"
"1A0C5C63-FBB8-7CBE-E063-4804A8C06C96","104181","2022-09-26","EC4A 1DT","O","N","F","","11 - 13","BREAMS BUILDINGS","","LONDON","CITY OF LONDON","GREATER LONDON","B","http://landregistry.data.gov.uk/data/ppi/transaction/1A0C5C63-FBB8-7CBE-E063-4804A8C06C96/current"
"93E6821F-1B3F-40FD-E053-6B04A8C0C1DF","93200000","2019-03-12","EC4A 1EN","O","N","F","FIFTH FLOOR","BUREAU, 90","FETTER LANE","","LONDON","CITY OF LONDON","GREATER LONDON","B","http://landregistry.data.gov.uk/data/ppi/transaction/93E6821F-1B3F-40FD-E053-6B04A8C0C1DF/current"
"79A74E21-E4F0-1289-E053-6B04A8C01627","490000","2018-09-07","EC4A 1EP","F","N","L","FLAT 8","95","FETTER LANE","","LONDON","CITY OF LONDON","GREATER LONDON","A","http://landregistry.data.gov.uk/data/ppi/transaction/79A74E21-E4F0-1289-E053-6B04A8C01627/current"
"DE2D0CDF-F797-51EE-E053-6C04A8C00671","490000","2022-01-21","EC4A 1EP","F","N","L","FLAT 9","95","FETTER LANE","","LONDON","CITY OF LONDON","GREATER LONDON","A","http://landregistry.data.gov.uk/data/ppi/transaction/DE2D0CDF-F797-51EE-E053-6C04A8C00671/current"
"4C4EE000-5010-1854-E050-A8C063054F34","1925000","2017-03-13","EC4A 1EP","O","N","L","","95","FETTER LANE","","LONDON","CITY OF LONDON","GREATER LONDON","B","http://landregistry.data.gov.uk/data/ppi/transaction/4C4EE000-5010-1854-E050-A8C063054F34/current"
"8F1B26BD-9302-53DB-E053-6C04A8C03649","552000","2019-07-19","EC4A 1EQ","F","N","L","FLAT 1","84","FETTER LANE","","LONDON","CITY OF LONDON","GREATER LONDON","A","http://landregistry.data.gov.uk/data/ppi/transaction/8F1B26BD-9302-53DB-E053-6C04A8C03649/current"
"E073986B-139A-2134-E053-6C04A8C0233B","1323000","2022-05-12","EC4A 1EQ","F","N","L","PENTHOUSE","84","FETTER LANE","","LONDON","CITY OF LONDON","GREATER LONDON","A","http://landregistry.data.gov.uk/data/ppi/transaction/E073986B-139A-2134-E053-6C04A8C0233B/current"
"404A5AF4-4E5A-CD2B-E050-A8C063055C7B","37500","2016-10-11","EC4A 1EQ","O","N","L","","84","FETTER LANE","","LONDON","CITY OF LONDON","GREATER LONDON","B","http://landregistry.data.gov.uk/data/ppi/transaction/404A5AF4-4E5A-CD2B-E050-A8C063055C7B/current"
"FD226036-0E32-4CB7-E053-4804A8C00430","1347500","2023-04-21","EC4A 1GP","F","N","L","FLAT 10","2","GREYSTOKE PLACE","","LONDON","CITY OF LONDON","GREATER LONDON","A","http://landregistry.data.gov.uk/data/ppi/transaction/FD226036-0E32-4CB7-E053-4804A8C00430/current"
"B0A9D11C-0B44-4C1F-E053-6C04A8C0D716","6840000","2020-07-31","EC4A 1HP","O","N","F","","4","BREAMS BUILDINGS","","LONDON","CITY OF LONDON","GREATER LONDON","B","http://landregistry.data.gov.uk/data/ppi/transaction/B0A9D11C-0B44-4C1F-E053-6C04A8C0D716/current"
"5376B386-51A0-34C1-E053-6B04A8C09FF6","5713432","2017-06-13","EC4A 1HP","O","N","F","","6","BREAMS BUILDINGS","","LONDON","CITY OF LONDON","GREATER LONDON","B","http://landregistry.data.gov.uk/data/ppi/transaction/5376B386-51A0-34C1-E053-6B04A8C09FF6/current"
"404A5AF4-6839-CD2B-E050-A8C063055C7B","8500000","2016-09-29","EC4A 1JQ","O","N","F","","B P A S, 30 - 31","FURNIVAL STREET","","LONDON","CITY OF LONDON","GREATER LONDON","B","http://landregistry.data.gov.uk/data/ppi/transaction/404A5AF4-6839-CD2B-E050-A8C063055C7B/current"
"9DBAD222-A907-6EB3-E053-6B04A8C0F257","10000000","2019-12-20","EC4A 1JQ","O","N","F","","FURNIVAL CHAMBERS, 30 - 31","FURNIVAL STREET","","LONDON","CITY OF LONDON","GREATER LONDON","B","http://landregistry.data.gov.uk/data/ppi/transaction/9DBAD222-A907-6EB3-E053-6B04A8C0F257/current"
"1775CCF7-D3A1-38BA-E063-4704A8C05A7C","2500000","2023-06-23","EC4A 1JQ","O","N","F","","32","FURNIVAL STREET","","LONDON","CITY OF LONDON","GREATER LONDON","B","http://landregistry.data.gov.uk/data/ppi/transaction/1775CCF7-D3A1-38BA-E063-4704A8C05A7C/current"
"BEF7EBBF-1D8B-7A76-E053-6B04A8C092F7","440000","2020-12-21","EC4A 1JQ","F","N","L","FLAT 2","34","FURNIVAL STREET","","LONDON","CITY OF LONDON","GREATER LONDON","A","http://landregistry.data.gov.uk/data/ppi/transaction/BEF7EBBF-1D8B-7A76-E053-6B04A8C092F7/current"
"9FF0D969-FC7E-11ED-E053-6C04A8C06383","545000","2020-01-17","EC4A 1JQ","F","N","L","FLAT 11","35","FURNIVAL STREET","","LONDON","CITY OF LONDON","GREATER LONDON","A","http://landregistry.data.gov.uk/data/ppi/transaction/9FF0D969-FC7E-11ED-E053-6C04A8C06383/current"
"42C129E4-E076-60A9-E063-4804A8C0C25D","425000","2025-09-23","EC4A 1JQ","F","N","L","FLAT 14","35","FURNIVAL STREET","","LONDON","CITY OF LONDON","GREATER LONDON","A","http://landregistry.data.gov.uk/data/ppi/transaction/42C129E4-E076-60A9-E063-4804A8C0C25D/current"
"5F54B81C-A36B-2B45-E053-6B04A8C01FB0","620000","2017-09-29","EC4A 1JQ","F","N","L","APARTMENT 2","ASTON HOUSE, 36 - 37","FURNIVAL STREET","","LONDON","CITY OF LONDON","GREATER LONDON","A","http://landregistry.data.gov.uk/data/ppi/transaction/5F54B81C-A36B-2B45-E053-6B04A8C01FB0/current"
"25E9DA80-5677-555E-E063-4704A8C066F2","653000","2024-10-11","EC4A 1JQ","F","N","L","APARTMENT 3","ASTON HOUSE, 36 - 37","FURNIVAL STREET","","LONDON","CITY OF LONDON","GREATER LONDON","A","http://landregistry.data.gov.uk/data/ppi/transaction/25E9DA80-5677-555E-E063-4704A8C066F2/current"
"AC07BBCF-CC95-0445-E053-6C04A8C01E31","605000","2020-06-10","EC4A 1JQ","F","N","L","APARTMENT 3","ASTON HOUSE, 36 - 37","FURNIVAL STREET","","LONDON","CITY OF LONDON","GREATER LONDON","A","http://landregistry.data.gov.uk/data/ppi/transaction/AC07BBCF-CC95-0445-E053-6C04A8C01E31/current"
"31FB4C16-CB93-57B9-E050-A8C063053436","748000","2016-03-23","EC4A 1JQ","F","N","L","APARTMENT 3","ASTON HOUSE, 36 - 37","FURNIVAL STREET","","LONDON","CITY OF LONDON","GREATER LONDON","A","http://landregistry.data.gov.uk/data/ppi/transaction/31FB4C16-CB93-57B9-E050-A8C063053436/current"
"44F406B7-202D-1095-E063-4704A8C048D4","650000","2025-01-09","EC4A 1JQ","F","N","L","APARTMENT 4","ASTON HOUSE, 36 - 37","FURNIVAL STREET","","LONDON","CITY OF LONDON","GREATER LONDON","B","http://landregistry.data.gov.uk/data/ppi/transaction/44F406B7-202D-1095-E063-4704A8C048D4/current"
"2859C1AC-D62E-52B4-E063-4804A8C05948","625000","2023-08-31","EC4A 1JQ","F","N","L","APARTMENT 6","ASTON HOUSE, 36 - 37","FURNIVAL STREET","","LONDON","CITY OF LONDON","GREATER LONDON","B","http://landregistry.data.gov.uk/data/ppi/transaction/2859C1AC-D62E-52B4-E063-4804A8C05948/current"
"2D4D7609-C422-BDF9-E063-4804A8C0672F","10000000","2024-11-29","EC4A 1JQ","O","N","F","","38 AND 39","FURNIVAL STREET","","LONDON","CITY OF LONDON","GREATER LONDON","B","http://landregistry.data.gov.uk/data/ppi/transaction/2D4D7609-C422-BDF9-E063-4804A8C0672F/current"
"FFA361DB-88D5-8A03-E053-4804A8C01F61","5750000","2023-04-04","EC4A 1JQ","O","N","F","","40","FURNIVAL STREET","","LONDON","CITY OF LONDON","GREATER LONDON","B","http://landregistry.data.gov.uk/data/ppi/transaction/FFA361DB-88D5-8A03-E053-4804A8C01F61/current"
"965B6D92-349F-95E4-E053-6C04A8C07729","618000","2019-08-09","EC4A 1JQ","O","N","L","","40","FURNIVAL STREET","","LONDON","CITY OF LONDON","GREATER LONDON","B","http://landregistry.data.gov.uk/data/ppi/transaction/965B6D92-349F-95E4-E053-6C04A8C07729/current"
"3B7E0B90-B94D-EA99-E050-A8C062057E77","2925000","2016-08-17","EC4A 1LB","O","N","F","","15","TOOKS COURT","","LONDON","CITY OF LONDON","GREATER LONDON","B","http://landregistry.data.gov.uk/data/ppi/transaction/3B7E0B90-B94D-EA99-E050-A8C062057E77/current"
"7E86B6FB-9ABC-458C-E053-6B04A8C0C84C","2090000","2018-11-28","EC4A 1LB","T","N","F","","16","TOOKS COURT","","LONDON","CITY OF LONDON","GREATER LONDON","B","http://landregistry.data.gov.uk/data/ppi/transaction/7E86B6FB-9ABC-458C-E053-6B04A8C0C84C/current"
"6DA0844A-B9B2-30F2-E053-6B04A8C05F3B","23049292","2018-05-03","EC4A 1LB","O","N","F","","20 - 21","TOOKS COURT","","LONDON","CITY OF LONDON","GREATER LONDON","B","http://landregistry.data.gov.uk/data/ppi/transaction/6DA0844A-B9B2-30F2-E053-6B04A8C05F3B/current"
"06C9F488-1288-9388-E063-4804A8C0BD98","11250000","2023-03-31","EC4A 1LL","O","N","F","","9 - 13","CURSITOR STREET","","LONDON","CITY OF LONDON","GREATER LONDON","B","http://landregistry.data.gov.uk/data/ppi/transaction/06C9F488-1288-9388-E063-4804A8C0BD98/current"
"AE4D86D4-B075-4619-E053-6C04A8C03CD0","7150000","2020-07-20","EC4A 1LL","O","N","F","","9 - 13","CURSITOR STREET","","LONDON","CITY OF LONDON","GREATER LONDON","B","http://landregistry.data.gov.uk/data/ppi/transaction/AE4D86D4-B075-4619-E053-6C04A8C03CD0/current"
"453D27A3-E57E-EF91-E050-A8C0630574D7","5750000","2016-09-09","EC4A 1LL","O","N","F","","9 - 13","CURSITOR STREET","","LONDON","CITY OF LONDON","GREATER LONDON","B","http://landregistry.data.gov.uk/data/ppi/transaction/453D27A3-E57E-EF91-E050-A8C0630574D7/current"
"01EB45F0-8FF4-40F3-E063-4704A8C05FDE","9700000","2022-01-17","EC4A 1LT","O","N","F","","19 - 19A","CURSITOR STREET","","LONDON","CITY OF LONDON","GREATER LONDON","B","http://landregistry.data.gov.uk/data/ppi/transaction/01EB45F0-8FF4-40F3-E063-4704A8C05FDE/current"
"C18F412B-977A-81A6-E053-6B04A8C0AD18","4650000","2021-01-29","EC4A 1NL","O","N","F","","SUB-BASEMENTS MEZZANINE AND BASEMENT, 7","ROLLS BUILDINGS","","LONDON","CITY OF LONDON","GREATER LONDON","B","http://landregistry.data.gov.uk/data/ppi/transaction/C18F412B-977A-81A6-E053-6B04A8C0AD18/current"
"5376B386-3C32-34C1-E053-6B04A8C09FF6","5713432","2017-06-13","EC4A 1NL","O","N","F","","SUB-BASEMENTS MEZZANINE AND BASEMENT, 7","ROLLS BUILDINGS","","LONDON","CITY OF LONDON","GREATER LONDON","B","http://landregistry.data.gov.uk/data/ppi/transaction/5376B386-3C32-34C1-E053-6B04A8C09FF6/current"
"68FEB20C-4012-38DA-E053-6C04A8C051AE","4328000","2017-12-14","EC4A 2AH","O","N","F","","193","FLEET STREET","","LONDON","CITY OF LONDON","GREATER LONDON","B","http://landregistry.data.gov.uk/data/ppi/transaction/68FEB20C-4012-38DA-E053-6C04A8C051AE/current"
"453D27A3-E112-EF91-E050-A8C0630574D7","5400000","2016-12-05","EC4A 2AT","O","N","F","","187","FLEET STREET","","LONDON","CITY OF LONDON","GREATER LONDON","B","http://landregistry.data.gov.uk/data/ppi/transaction/453D27A3-E112-EF91-E050-A8C0630574D7/current"
"D93B27B1-B980-3100-E053-6C04A8C08887","5535000","2021-01-22","EC4A 2BP","O","N","F","","143","FLEET STREET","","LONDON","CITY OF LONDON","GREATER LONDON","B","http://landregistry.data.gov.uk/data/ppi/transaction/D93B27B1-B980-3100-E053-6C04A8C08887/current"
"2F7F2B43-44E6-E08F-E063-4804A8C05A49","450000","2025-01-31","EC4A 2BU","F","N","L","FLAT C","148","FLEET STREET","","LONDON","CITY OF LONDON","GREATER LONDON","A","http://landregistry.data.gov.uk/data/ppi/transaction/2F7F2B43-44E6-E08F-E063-4804A8C05A49/current"
"42C129E5-671D-60A9-E063-4804A8C0C25D","4700000","2024-12-11","EC4A 2BU","O","N","F","","149","FLEET STREET","","LONDON","CITY OF LONDON","GREATER LONDON","B","http://landregistry.data.gov.uk/data/ppi/transaction/42C129E5-671D-60A9-E063-4804A8C0C25D/current"
"7011B10A-1D33-8ED6-E053-6B04A8C075C1","71200000","2018-06-14","EC4A 2DY","O","N","F","","HULTON HOUSE 161-166","FLEET STREET","","LONDON","CITY OF LONDON","GREATER LONDON","B","http://landregistry.data.gov.uk/data/ppi/transaction/7011B10A-1D33-8ED6-E053-6B04A8C075C1/current"
"2AC10E50-59D8-1AF6-E050-A8C063052BA1","7200000","2016-01-18","EC4A 2EJ","O","N","F","","2","CRANE COURT","","LONDON","CITY OF LONDON","GREATER LONDON","B","http://landregistry.data.gov.uk/data/ppi/transaction/2AC10E50-59D8-1AF6-E050-A8C063052BA1/current"
"152AB734-81E9-E651-E063-4704A8C061D9","1600000","2023-07-20","EC4A 2EJ","O","N","F","","3","CRANE COURT","","LONDON","CITY OF LONDON","GREATER LONDON","B","http://landregistry.data.gov.uk/data/ppi/transaction/152AB734-81E9-E651-E063-4704A8C061D9/current"
"B32EBB13-BB9F-3C99-E053-6C04A8C09CA1","385000","2020-08-28","EC4A 2EJ","F","N","L","FLAT 15","4","CRANE COURT","","LONDON","CITY OF LONDON","GREATER LONDON","A","http://landregistry.data.gov.uk/data/ppi/transaction/B32EBB13-BB9F-3C99-E053-6C04A8C09CA1/current"
"A96E4ACB-CF8E-9205-E053-6C04A8C0DA09","390000","2020-04-22","EC4A 2EJ","F","N","L","FLAT 20","4","CRANE COURT","","LONDON","CITY OF LONDON","GREATER LONDON","A","http://landregistry.data.gov.uk/data/ppi/transaction/A96E4ACB-CF8E-9205-E053-6C04A8C0DA09/current"
"2F7F2B42-9FD1-E08F-E063-4804A8C05A49","390000","2025-01-30","EC4A 2EJ","F","N","L","FLAT 22","4","CRANE COURT","","LONDON","CITY OF LONDON","GREATER LONDON","A","http://landregistry.data.gov.uk/data/ppi/transaction/2F7F2B42-9FD1-E08F-E063-4804A8C05A49/current"
"4E95D757-A517-EDA1-E050-A8C0630539E2","450000","2017-04-06","EC4A 2EJ","F","N","L","FLAT 24","4","CRANE COURT","","LONDON","CITY OF LONDON","GREATER LONDON","A","http://landregistry.data.gov.uk/data/ppi/transaction/4E95D757-A517-EDA1-E050-A8C0630539E2/current"
"5CF9903C-EC84-7F13-E053-6C04A8C074B1","60000","2017-10-06","EC4A 2EJ","O","N","L","","8","CRANE COURT","","LONDON","CITY OF LONDON","GREATER LONDON","B","http://landregistry.data.gov.uk/data/ppi/transaction/5CF9903C-EC84-7F13-E053-6C04A8C074B1/current"
"79A74E22-7CD2-1289-E053-6B04A8C01627","5000","2018-10-02","EC4A 2EN","O","N","L","","176","FLEET STREET","","LONDON","CITY OF LONDON","GREATER LONDON","B","http://landregistry.data.gov.uk/data/ppi/transaction/79A74E22-7CD2-1289-E053-6B04A8C01627/current"
"68FEB20C-3F82-38DA-E053-6C04A8C051AE","3076","2018-03-01","EC4A 2EN","O","N","L","","176","FLEET STREET","","LONDON","CITY OF LONDON","GREATER LONDON","B","http://landregistry.data.gov.uk/data/ppi/transaction/68FEB20C-3F82-38DA-E053-6C04A8C051AE/current"
"F16F63C6-7C7D-0491-E053-6C04A8C032ED","13510783","2022-07-18","EC4A 2HG","O","N","L","","180","FLEET STREET","","LONDON","CITY OF LONDON","GREATER LONDON","B","http://landregistry.data.gov.uk/data/ppi/transaction/F16F63C6-7C7D-0491-E053-6C04A8C032ED/current"
"64342BFF-38B4-422C-E053-6C04A8C0FB8A","1160000","2017-10-13","EC4A 2HR","O","N","L","","FORMER SCHOOL ROOMS, 186A","FLEET STREET","","LONDON","CITY OF LONDON","GREATER LONDON","B","http://landregistry.data.gov.uk/data/ppi/transaction/64342BFF-38B4-422C-E053-6C04A8C0FB8A/current"
"42A5A70A-25A4-56E8-E050-A8C06205331E","17250000","2016-10-14","EC4A 2LT","O","N","F","","191 - 192","FLEET STREET","","LONDON","CITY OF LONDON","GREATER LONDON","B","http://landregistry.data.gov.uk/data/ppi/transaction/42A5A70A-25A4-56E8-E050-A8C06205331E/current"
"12A8BAB7-02B7-2125-E063-4804A8C08CC1","29973000","2022-05-13","EC4A 3AE","O","N","L","","RAY HOUSE, 6 - 16","ST ANDREW STREET","","LONDON","CITY OF LONDON","GREATER LONDON","B","http://landregistry.data.gov.uk/data/ppi/transaction/12A8BAB7-02B7-2125-E063-4804A8C08CC1/current"
"5A9D8B56-1C4B-68EB-E053-6B04A8C0D293","21000000","2017-08-17","EC4A 3AF","O","N","F","","9 - 13","ST ANDREW STREET","","LONDON","CITY OF LONDON","GREATER LONDON","B","http://landregistry.data.gov.uk/data/ppi/transaction/5A9D8B56-1C4B-68EB-E053-6B04A8C0D293/current"
"09266DDC-4C83-AF90-E063-4704A8C02087","1140000","2023-06-09","EC4A 3AG","O","N","L","","20","ST ANDREW STREET","","LONDON","CITY OF LONDON","GREATER LONDON","B","http://landregistry.data.gov.uk/data/ppi/transaction/09266DDC-4C83-AF90-E063-4704A8C02087/current"
"8F1B26BE-9B4D-53DB-E053-6C04A8C03649","73800000","2019-03-14","EC4A 3AG","O","N","F","","22","ST ANDREW STREET","","LONDON","CITY OF LONDON","GREATER LONDON","B","http://landregistry.data.gov.uk/data/ppi/transaction/8F1B26BE-9B4D-53DB-E053-6C04A8C03649/current"
"152AB734-87D1-E651-E063-4704A8C061D9","539000","2024-03-15","EC4A 3AS","F","N","L","FLAT 2","PEMBERTON HOUSE, 6","EAST HARDING STREET","","LONDON","CITY OF LONDON","GREATER LONDON","B","http://landregistry.data.gov.uk/data/ppi/transaction/152AB734-87D1-E651-E063-4704A8C061D9/current"
"726BF13B-0F92-0A46-E053-6C04A8C01D0D","625000","2018-06-22","EC4A 3AS","F","N","L","FLAT 20","PEMBERTON HOUSE, 6","EAST HARDING STREET","","LONDON","CITY OF LONDON","GREATER LONDON","A","http://landregistry.data.gov.uk/data/ppi/transaction/726BF13B-0F92-0A46-E053-6C04A8C01D0D/current"
"1EAE3DF6-C9A9-9EB1-E063-4704A8C09D02","565000","2024-06-21","EC4A 3BA","F","N","L","FLAT 1","4","PEMBERTON ROW","","LONDON","CITY OF LONDON","GREATER LONDON","A","http://landregistry.data.gov.uk/data/ppi/transaction/1EAE3DF6-C9A9-9EB1-E063-4704A8C09D02/current"
"919FEC05-880D-9A90-E053-6C04A8C0A300","650000","2019-08-14","EC4A 3BA","F","N","L","FLAT 2","4","PEMBERTON ROW","","LONDON","CITY OF LONDON","GREATER LONDON","A","http://landregistry.data.gov.uk/data/ppi/transaction/919FEC05-880D-9A90-E053-6C04A8C0A300/current"
"44F406B6-ADA8-1095-E063-4704A8C048D4","537500","2025-11-14","EC4A 3BA","F","N","L","FLAT 14","PEMBERTON HOUSE, 7","PEMBERTON ROW","","LONDON","CITY OF LONDON","GREATER LONDON","A","http://landregistry.data.gov.uk/data/ppi/transaction/44F406B6-ADA8-1095-E063-4704A8C048D4/current"
"87E1551E-6880-6405-E053-6C04A8C0B2EE","990000","2019-02-28","EC4A 3BA","F","N","L","FLAT 17","PEMBERTON HOUSE, 7","PEMBERTON ROW","","LONDON","CITY OF LONDON","GREATER LONDON","A","http://landregistry.data.gov.uk/data/ppi/transaction/87E1551E-6880-6405-E053-6C04A8C0B2EE/current"
"25E9DA81-26CA-555E-E063-4704A8C066F2","565000","2024-09-27","EC4A 3BA","F","N","L","FLAT 2","PEMBERTON HOUSE, 7","PEMBERTON ROW","","LONDON","CITY OF LONDON","GREATER LONDON","A","http://landregistry.data.gov.uk/data/ppi/transaction/25E9DA81-26CA-555E-E063-4704A8C066F2/current"
"582D0637-D91A-8F22-E053-6C04A8C01BAC","980833","2017-02-15","EC4A 3BF","O","N","L","","FLOOR 11 BUILDING 6","NEW STREET SQUARE","","LONDON","CITY OF LONDON","GREATER LONDON","B","http://landregistry.data.gov.uk/data/ppi/transaction/582D0637-D91A-8F22-E053-6C04A8C01BAC/current"
"1EAE3DF7-469F-9EB1-E063-4704A8C09D02","1078558","2022-10-06","EC4A 3BF","O","N","L","TWELTH FLOOR","6","NEW STREET SQUARE","","LONDON","CITY OF LONDON","GREATER LONDON","B","http://landregistry.data.gov.uk/data/ppi/transaction/1EAE3DF7-469F-9EB1-E063-4704A8C09D02/current"
"64342BFF-5B4E-422C-E053-6C04A8C0FB8A","414341","2017-12-07","EC4A 3BF","O","N","L","","6","NEW STREET SQUARE","","LONDON","CITY OF LONDON","GREATER LONDON","B","http://landregistry.data.gov.uk/data/ppi/transaction/64342BFF-5B4E-422C-E053-6C04A8C0FB8A/current"
"2D1E4B27-2051-FCD1-E050-A8C0630544EC","1558760","2016-02-01","EC4A 3BF","O","N","L","","6","NEW STREET SQUARE","","LONDON","CITY OF LONDON","GREATER LONDON","B","http://landregistry.data.gov.uk/data/ppi/transaction/2D1E4B27-2051-FCD1-E050-A8C0630544EC/current"
"E2D14906-78A7-4C2D-E053-6B04A8C0422B","9651125","2021-12-24","EC4A 3BT","O","N","L","","3","NEW STREET SQUARE","","LONDON","CITY OF LONDON","GREATER LONDON","B","http://landregistry.data.gov.uk/data/ppi/transaction/E2D14906-78A7-4C2D-E053-6B04A8C0422B/current"
"C3C3F9B6-10FC-362B-E053-6B04A8C03ACC","1750000","2021-03-29","EC4A 3BY","T","N","F","","2","WINE OFFICE COURT","","LONDON","CITY OF LONDON","GREATER LONDON","A","http://landregistry.data.gov.uk/data/ppi/transaction/C3C3F9B6-10FC-362B-E053-6B04A8C03ACC/current"
"61D8894E-A79E-3DE6-E053-6C04A8C01207","9998000","2017-11-29","EC4A 3BY","O","N","L","","4 - 5","WINE OFFICE COURT","","LONDON","CITY OF LONDON","GREATER LONDON","B","http://landregistry.data.gov.uk/data/ppi/transaction/61D8894E-A79E-3DE6-E053-6C04A8C01207/current"
"C8A3A576-6E55-0425-E053-6C04A8C0947B","750000","2021-06-10","EC4A 3BY","F","N","L","FLAT 1","DEAN WACE HOUSE, 7","WINE OFFICE COURT","","LONDON","CITY OF LONDON","GREATER LONDON","A","http://landregistry.data.gov.uk/data/ppi/transaction/C8A3A576-6E55-0425-E053-6C04A8C0947B/current"
"C8A3A576-6E59-0425-E053-6C04A8C0947B","800000","2021-04-07","EC4A 3BY","F","N","L","FLAT 3","DEAN WACE HOUSE, 7","WINE OFFICE COURT","","LONDON","CITY OF LONDON","GREATER LONDON","A","http://landregistry.data.gov.uk/data/ppi/transaction/C8A3A576-6E59-0425-E053-6C04A8C0947B/current"
"42C129E4-E078-60A9-E063-4804A8C0C25D","615000","2025-09-25","EC4A 3BY","F","N","L","FLAT 6","DEAN WACE HOUSE, 7","WINE OFFICE COURT","","LONDON","CITY OF LONDON","GREATER LONDON","A","http://landregistry.data.gov.uk/data/ppi/transaction/42C129E4-E078-60A9-E063-4804A8C0C25D/current"
"F5E8B082-44C6-3A13-E053-6C04A8C060B7","2000000","2022-12-19","EC4A 3BY","O","N","L","","THE CROWN AND ANCHOR PUBLIC HOUSE, 18","WINE OFFICE COURT","","LONDON","CITY OF LONDON","GREATER LONDON","B","http://landregistry.data.gov.uk/data/ppi/transaction/F5E8B082-44C6-3A13-E053-6C04A8C060B7/current"
"EA3278AA-F048-2676-E053-6B04A8C015F8","1500000","2022-03-14","EC4A 3BY","O","N","L","","THE CROWN AND ANCHOR PUBLIC HOUSE, 18","WINE OFFICE COURT","","LONDON","CITY OF LONDON","GREATER LONDON","B","http://landregistry.data.gov.uk/data/ppi/transaction/EA3278AA-F048-2676-E053-6B04A8C015F8/current"
"7C2D0701-18E2-4963-E053-6B04A8C07B97","743932","2018-10-22","EC4A 3BY","O","N","L","","THE CROWN AND ANCHOR PUBLIC HOUSE, 18","WINE OFFICE COURT","","LONDON","CITY OF LONDON","GREATER LONDON","B","http://landregistry.data.gov.uk/data/ppi/transaction/7C2D0701-18E2-4963-E053-6B04A8C07B97/current"
"61D8894E-A7A0-3DE6-E053-6C04A8C01207","9998000","2017-11-29","EC4A 3DE","O","N","F","","10","GOUGH SQUARE","","LONDON","CITY OF LONDON","GREATER LONDON","B","http://landregistry.data.gov.uk/data/ppi/transaction/61D8894E-A7A0-3DE6-E053-6C04A8C01207/current"
"61D8894E-A7B0-3DE6-E053-6C04A8C01207","9998000","2017-11-29","EC4A 3DE","O","N","L","","10","GOUGH SQUARE","","LONDON","CITY OF LONDON","GREATER LONDON","B","http://landregistry.data.gov.uk/data/ppi/transaction/61D8894E-A7B0-3DE6-E053-6C04A8C01207/current"
"BC8936BC-495B-0E2C-E053-6C04A8C0DBF4","5400000","2021-01-14","EC4A 3DG","O","N","F","","9","GOUGH SQUARE","","LONDON","CITY OF LONDON","GREATER LONDON","B","http://landregistry.data.gov.uk/data/ppi/transaction/BC8936BC-495B-0E2C-E053-6C04A8C0DBF4/current"
"75050A86-130A-9A88-E053-6B04A8C02390","4600000","2018-06-27","EC4A 3DG","O","N","F","","9","GOUGH SQUARE","","LONDON","CITY OF LONDON","GREATER LONDON","B","http://landregistry.data.gov.uk/data/ppi/transaction/75050A86-130A-9A88-E053-6B04A8C02390/current"
"5A9D8B55-06F4-68EB-E053-6B04A8C0D293","1050000","2017-08-31","EC4A 3DQ","F","N","L","FLAT 21","6","BOLT COURT","","LONDON","CITY OF LONDON","GREATER LONDON","A","http://landregistry.data.gov.uk/data/ppi/transaction/5A9D8B55-06F4-68EB-E053-6B04A8C0D293/current"
"61D8894E-907E-3DE6-E053-6C04A8C01207","3200000","2017-11-22","EC4A 3DQ","O","N","F","","10","BOLT COURT","","LONDON","CITY OF LONDON","GREATER LONDON","B","http://landregistry.data.gov.uk/data/ppi/transaction/61D8894E-907E-3DE6-E053-6C04A8C01207/current"
"404A5AF4-6358-CD2B-E050-A8C063055C7B","24380692","2016-09-09","EC4A 3DW","O","N","F","","12","GOUGH SQUARE","","LONDON","CITY OF LONDON","GREATER LONDON","B","http://landregistry.data.gov.uk/data/ppi/transaction/404A5AF4-6358-CD2B-E050-A8C063055C7B/current"
"9FF0D969-FC86-11ED-E053-6C04A8C06383","715000","2019-12-13","EC4A 3EA","F","N","L","FLAT 1","4","JOHNSONS COURT","","LONDON","CITY OF LONDON","GREATER LONDON","A","http://landregistry.data.gov.uk/data/ppi/transaction/9FF0D969-FC86-11ED-E053-6C04A8C06383/current"
"1775CCF7-68FE-38BA-E063-4704A8C05A7C","462500","2024-02-27","EC4A 3EA","F","N","L","FLAT 2","4","JOHNSONS COURT","","LONDON","CITY OF LONDON","GREATER LONDON","A","http://landregistry.data.gov.uk/data/ppi/transaction/1775CCF7-68FE-38BA-E063-4704A8C05A7C/current"
"EA3278A9-7435-2676-E053-6B04A8C015F8","500000","2022-09-05","EC4A 3EA","F","N","L","FLAT 3","4","JOHNSONS COURT","","LONDON","CITY OF LONDON","GREATER LONDON","A","http://landregistry.data.gov.uk/data/ppi/transaction/EA3278A9-7435-2676-E053-6B04A8C015F8/current"
"7011B10A-3842-8ED6-E053-6B04A8C075C1","4450000","2018-05-03","EC4A 3EB","O","N","F","","1 - 3","RED LION COURT","","LONDON","CITY OF LONDON","GREATER LONDON","B","http://landregistry.data.gov.uk/data/ppi/transaction/7011B10A-3842-8ED6-E053-6B04A8C075C1/current"
"C18F412A-71A0-81A6-E053-6B04A8C0AD18","840000","2021-01-12","EC4A 3EB","F","N","L","FLAT 1","4 - 7","RED LION COURT","","LONDON","CITY OF LONDON","GREATER LONDON","A","http://landregistry.data.gov.uk/data/ppi/transaction/C18F412A-71A0-81A6-E053-6B04A8C0AD18/current"
"4C1B673E-CF3C-D8EA-E063-4704A8C0BF7D","495000","2025-03-31","EC4A 3EB","F","N","L","FLAT 1A","4 - 7","RED LION COURT","","LONDON","CITY OF LONDON","GREATER LONDON","A","http://landregistry.data.gov.uk/data/ppi/transaction/4C1B673E-CF3C-D8EA-E063-4704A8C0BF7D/current"
"87E1551D-DB3E-6405-E053-6C04A8C0B2EE","800000","2019-03-26","EC4A 3EB","F","N","L","FLAT 2","4 - 7","RED LION COURT","","LONDON","CITY OF LONDON","GREATER LONDON","A","http://landregistry.data.gov.uk/data/ppi/transaction/87E1551D-DB3E-6405-E053-6C04A8C0B2EE/current"
"80E1AA97-A606-7BF8-E053-6C04A8C00BF2","865000","2019-01-16","EC4A 3EB","F","N","L","FLAT 3","4 - 7","RED LION COURT","","LONDON","CITY OF LONDON","GREATER LONDON","A","http://landregistry.data.gov.uk/data/ppi/transaction/80E1AA97-A606-7BF8-E053-6C04A8C00BF2/current"
"25E9DA80-5630-555E-E063-4704A8C066F2","571300","2024-09-06","EC4A 3EB","F","N","L","FLAT 5","4 - 7","RED LION COURT","","LONDON","CITY OF LONDON","GREATER LONDON","A","http://landregistry.data.gov.uk/data/ppi/transaction/25E9DA80-5630-555E-E063-4704A8C066F2/current"
"C3C3F9B5-4F92-362B-E053-6B04A8C03ACC","580000","2021-02-05","EC4A 3EB","F","N","L","FLAT 9","4 - 7","RED LION COURT","","LONDON","CITY OF LONDON","GREATER LONDON","A","http://landregistry.data.gov.uk/data/ppi/transaction/C3C3F9B5-4F92-362B-E053-6B04A8C03ACC/current"
"5376B386-51C1-34C1-E053-6B04A8C09FF6","7400000","2017-06-12","EC4A 3EB","O","N","F","","18","RED LION COURT","","LONDON","CITY OF LONDON","GREATER LONDON","B","http://landregistry.data.gov.uk/data/ppi/transaction/5376B386-51C1-34C1-E053-6B04A8C09FF6/current"
"EED73E76-A06F-6AF3-E053-6C04A8C08ABA","4000000","2022-02-28","EC4A 3EB","O","N","F","","HOLYER HOUSE 20-21","RED LION COURT","","LONDON","CITY OF LONDON","GREATER LONDON","B","http://landregistry.data.gov.uk/data/ppi/transaction/EED73E76-A06F-6AF3-E053-6C04A8C08ABA/current"
"E7B085FD-1FC4-7E31-E053-6C04A8C0E67F","12600000","2022-06-29","EC4A 3EP","O","N","F","","1","GUNPOWDER SQUARE","","LONDON","CITY OF LONDON","GREATER LONDON","B","http://landregistry.data.gov.uk/data/ppi/transaction/E7B085FD-1FC4-7E31-E053-6C04A8C0E67F/current"
"152AB734-8746-E651-E063-4704A8C061D9","191200000","2022-09-13","EC4A 4AB","O","N","F","","14","FARRINGDON STREET","","LONDON","CITY OF LONDON","GREATER LONDON","B","http://landregistry.data.gov.uk/data/ppi/transaction/152AB734-8746-E651-E063-4704A8C061D9/current"
"919FEC06-18F4-9A90-E053-6C04A8C0A300","60000","2019-08-08","EC4A 4AS","O","N","L","GROUND FLOOR AND BASEMENT PREMISES","13","ST BRIDE STREET","","LONDON","CITY OF LONDON","GREATER LONDON","B","http://landregistry.data.gov.uk/data/ppi/transaction/919FEC06-18F4-9A90-E053-6C04A8C0A300/current"
"50F18103-D7F5-9FD5-E050-A8C063054923","86000","2017-04-19","EC4A 4AS","O","N","L","GROUND FLOOR AND BASEMENT PREMISES","13","ST BRIDE STREET","","LONDON","CITY OF LONDON","GREATER LONDON","B","http://landregistry.data.gov.uk/data/ppi/transaction/50F18103-D7F5-9FD5-E050-A8C063054923/current"
"404A5AF3-C757-CD2B-E050-A8C063055C7B","585000","2016-10-04","EC4A 4AX","F","N","L","FLAT C","SOVEREIGN HOUSE, 5","POPPINS COURT","","LONDON","CITY OF LONDON","GREATER LONDON","A","http://landregistry.data.gov.uk/data/ppi/transaction/404A5AF3-C757-CD2B-E050-A8C063055C7B/current"
"31FB4C17-B11A-57B9-E050-A8C063053436","664000","2016-03-31","EC4A 4AX","F","N","L","FLAT E","SOVEREIGN HOUSE, 5","POPPINS COURT","","LONDON","CITY OF LONDON","GREATER LONDON","A","http://landregistry.data.gov.uk/data/ppi/transaction/31FB4C17-B11A-57B9-E050-A8C063053436/current"
"5CF9903C-EC82-7F13-E053-6C04A8C074B1","75000","2017-09-18","EC4A 4BD","O","N","L","","THE PLUM TREE, 54","FARRINGDON STREET","","LONDON","CITY OF LONDON","GREATER LONDON","B","http://landregistry.data.gov.uk/data/ppi/transaction/5CF9903C-EC82-7F13-E053-6C04A8C074B1/current"
"D707E536-8786-0AD9-E053-6B04A8C067CC","37500000","2021-12-21","EC4A 4HH","D","N","F","","LEXIS HOUSE, 30","FARRINGDON STREET","","LONDON","CITY OF LONDON","GREATER LONDON","B","http://landregistry.data.gov.uk/data/ppi/transaction/D707E536-8786-0AD9-E053-6B04A8C067CC/current"
"25E9DA81-E58A-555E-E063-4704A8C066F2","67370530","2023-08-30","EC4M 5SB","O","N","F","","WATLING HOUSE, 33","CANNON STREET","","LONDON","CITY OF LONDON","GREATER LONDON","B","http://landregistry.data.gov.uk/data/ppi/transaction/25E9DA81-E58A-555E-E063-4704A8C066F2/current"
"55BDCAE6-C746-521D-E053-6B04A8C0DD7A","500000","2017-03-27","EC4M 7AA","O","N","L","UNIT 3","1A","LUDGATE HILL","","LONDON","CITY OF LONDON","GREATER LONDON","B","http://landregistry.data.gov.uk/data/ppi/transaction/55BDCAE6-C746-521D-E053-6B04A8C0DD7A/current"
"4C4EE000-3251-1854-E050-A8C063054F34","250000","2017-03-24","EC4M 7AA","O","N","L","","UNIT 3, 1","ST PAULS CHURCHYARD","","LONDON","CITY OF LONDON","GREATER LONDON","B","http://landregistry.data.gov.uk/data/ppi/transaction/4C4EE000-3251-1854-E050-A8C063054F34/current"
"38EDC0C3-AEE7-0F63-E063-4704A8C00424","3350000","2024-09-20","EC4M 7AE","O","N","L","","19 - 20","LUDGATE HILL","","LONDON","CITY OF LONDON","GREATER LONDON","B","http://landregistry.data.gov.uk/data/ppi/transaction/38EDC0C3-AEE7-0F63-E063-4704A8C00424/current"
"C6209F60-2540-295E-E053-6C04A8C0DDCC","9148593","2021-03-26","EC4M 7AN","O","N","L","SECOND FLOOR","20","OLD BAILEY","","LONDON","CITY OF LONDON","GREATER LONDON","B","http://landregistry.data.gov.uk/data/ppi/transaction/C6209F60-2540-295E-E053-6C04A8C0DDCC/current"
"402A3A66-27F9-A7DF-E063-4804A8C0B80D","625000","2025-08-21","EC4M 7AS","F","N","L","15","1 - 3","LUDGATE SQUARE","","LONDON","CITY OF LONDON","GREATER LONDON","A","http://landregistry.data.gov.uk/data/ppi/transaction/402A3A66-27F9-A7DF-E063-4804A8C0B80D/current"
"E7B085FC-89DB-7E31-E053-6C04A8C0E67F","697000","2022-08-05","EC4M 7AS","F","N","L","15","1 - 3","LUDGATE SQUARE","","LONDON","CITY OF LONDON","GREATER LONDON","A","http://landregistry.data.gov.uk/data/ppi/transaction/E7B085FC-89DB-7E31-E053-6C04A8C0E67F/current"
"045A1898-D619-9A24-E063-4804A8C048EA","660000","2023-03-24","EC4M 7AS","F","N","L","21","1 - 3","LUDGATE SQUARE","","LONDON","CITY OF LONDON","GREATER LONDON","A","http://landregistry.data.gov.uk/data/ppi/transaction/045A1898-D619-9A24-E063-4804A8C048EA/current"
"F87E72F9-38E4-176C-E053-6B04A8C0D2BE","975000","2022-11-18","EC4M 7AS","F","N","L","22","1 - 3","LUDGATE SQUARE","","LONDON","CITY OF LONDON","GREATER LONDON","A","http://landregistry.data.gov.uk/data/ppi/transaction/F87E72F9-38E4-176C-E053-6B04A8C0D2BE/current"
"09266DDB-F19A-AF90-E063-4704A8C02087","431596","2023-08-04","EC4M 7AS","F","N","L","3","1 - 3","LUDGATE SQUARE","","LONDON","CITY OF LONDON","GREATER LONDON","A","http://landregistry.data.gov.uk/data/ppi/transaction/09266DDB-F19A-AF90-E063-4704A8C02087/current"
"EED73E75-E902-6AF3-E053-6C04A8C08ABA","870000","2022-03-07","EC4M 7AS","F","N","L","FLAT 14","LAMBERT HOUSE, 2","LUDGATE SQUARE","","LONDON","CITY OF LONDON","GREATER LONDON","A","http://landregistry.data.gov.uk/data/ppi/transaction/EED73E75-E902-6AF3-E053-6C04A8C08ABA/current"
"12A8BAB6-7010-2125-E063-4804A8C08CC1","750000","2023-11-10","EC4M 7AS","F","N","L","FLAT 6","LAMBERT HOUSE, 2","LUDGATE SQUARE","","LONDON","CITY OF LONDON","GREATER LONDON","A","http://landregistry.data.gov.uk/data/ppi/transaction/12A8BAB6-7010-2125-E063-4804A8C08CC1/current"
"666758D7-1743-3363-E053-6B04A8C0D74E","590000","2018-02-23","EC4M 7AS","F","N","L","FLAT 8","LAMBERT HOUSE, 2","LUDGATE SQUARE","","LONDON","CITY OF LONDON","GREATER LONDON","A","http://landregistry.data.gov.uk/data/ppi/transaction/666758D7-1743-3363-E053-6B04A8C0D74E/current"
"87E1551E-68A7-6405-E053-6C04A8C0B2EE","600000","2019-04-01","EC4M 7AS","F","N","L","FLAT 10","3","LUDGATE SQUARE","","LONDON","CITY OF LONDON","GREATER LONDON","A","http://landregistry.data.gov.uk/data/ppi/transaction/87E1551E-68A7-6405-E053-6C04A8C0B2EE/current"
"237B17FE-40EC-22AC-E063-4804A8C0EA3A","700000","2024-04-17","EC4M 7AS","F","N","L","FLAT 11","3","LUDGATE SQUARE","","LONDON","CITY OF LONDON","GREATER LONDON","A","http://landregistry.data.gov.uk/data/ppi/transaction/237B17FE-40EC-22AC-E063-4804A8C0EA3A/current"
"D22473F5-BA90-7B40-E053-6C04A8C0A630","530000","2021-09-30","EC4M 7AS","F","N","L","FLAT 6","3","LUDGATE SQUARE","","LONDON","CITY OF LONDON","GREATER LONDON","A","http://landregistry.data.gov.uk/data/ppi/transaction/D22473F5-BA90-7B40-E053-6C04A8C0A630/current"
"1A0C5C64-019B-7CBE-E063-4804A8C06C96","490000","2024-04-30","EC4M 7AS","F","N","L","FLAT 8","3","LUDGATE SQUARE","","LONDON","CITY OF LONDON","GREATER LONDON","B","http://landregistry.data.gov.uk/data/ppi/transaction/1A0C5C64-019B-7CBE-E063-4804A8C06C96/current"
"5F54B81E-2C93-2B45-E053-6B04A8C01FB0","9788659","2017-11-21","EC4M 7AS","O","N","F","","6 - 7","LUDGATE SQUARE","","LONDON","CITY OF LONDON","GREATER LONDON","B","http://landregistry.data.gov.uk/data/ppi/transaction/5F54B81E-2C93-2B45-E053-6B04A8C01FB0/current"
"B32EBB14-1C97-3C99-E053-6C04A8C09CA1","165094","2019-10-02","EC4M 7AU","O","N","L","LEVEL B2","MIZUHO HOUSE, 30","OLD BAILEY","","LONDON","CITY OF LONDON","GREATER LONDON","B","http://landregistry.data.gov.uk/data/ppi/transaction/B32EBB14-1C97-3C99-E053-6C04A8C09CA1/current"
"9B361206-F72F-1904-E053-6B04A8C0EEB5","29999","2019-11-15","EC4M 7AU","O","N","L","UNIT 6","MIZUHO HOUSE, 30","OLD BAILEY","","LONDON","CITY OF LONDON","GREATER LONDON","B","http://landregistry.data.gov.uk/data/ppi/transaction/9B361206-F72F-1904-E053-6B04A8C0EEB5/current"
"5CF9903C-CF4B-7F13-E053-6C04A8C074B1","240000","2017-09-13","EC4M 7AU","O","N","L","UNIT 6","MIZUHO HOUSE, 30","OLD BAILEY","","LONDON","CITY OF LONDON","GREATER LONDON","B","http://landregistry.data.gov.uk/data/ppi/transaction/5CF9903C-CF4B-7F13-E053-6C04A8C074B1/current"
"DBA933FA-8083-669D-E053-6B04A8C0AD56","42800000","2021-11-08","EC4M 7BP","O","N","F","","ST. PAULS HOUSE, 8 - 12","WARWICK LANE","","LONDON","CITY OF LONDON","GREATER LONDON","B","http://landregistry.data.gov.uk/data/ppi/transaction/DBA933FA-8083-669D-E053-6B04A8C0AD56/current"
"42A5A70A-25E1-56E8-E050-A8C06205331E","34500000","2016-10-21","EC4M 7BP","O","N","F","","ST. PAULS HOUSE, 8 - 12","WARWICK LANE","","LONDON","CITY OF LONDON","GREATER LONDON","B","http://landregistry.data.gov.uk/data/ppi/transaction/42A5A70A-25E1-56E8-E050-A8C06205331E/current"
"1C3E72FE-6C62-F410-E063-4804A8C0DFA6","900000","2024-04-02","EC4M 7BY","F","N","L","FLAT 11","AMEN LODGE","WARWICK LANE","","LONDON","CITY OF LONDON","GREATER LONDON","A","http://landregistry.data.gov.uk/data/ppi/transaction/1C3E72FE-6C62-F410-E063-4804A8C0DFA6/current"
"DE2D0CDF-920D-51EE-E053-6C04A8C00671","445000","2021-12-17","EC4M 7BY","F","N","L","FLAT 5","AMEN LODGE","WARWICK LANE","","LONDON","CITY OF LONDON","GREATER LONDON","A","http://landregistry.data.gov.uk/data/ppi/transaction/DE2D0CDF-920D-51EE-E053-6C04A8C00671/current"
"E073986A-BEF4-2134-E053-6C04A8C0233B","950000","2022-01-07","EC4M 7BY","F","N","L","FLAT 8","AMEN LODGE","WARWICK LANE","","LONDON","CITY OF LONDON","GREATER LONDON","A","http://landregistry.data.gov.uk/data/ppi/transaction/E073986A-BEF4-2134-E053-6C04A8C0233B/current"
"666758D7-AB64-3363-E053-6B04A8C0D74E","240000","2018-01-03","EC4M 7BY","O","N","F","","AMEN LODGE","WARWICK LANE","","LONDON","CITY OF LONDON","GREATER LONDON","B","http://landregistry.data.gov.uk/data/ppi/transaction/666758D7-AB64-3363-E053-6B04A8C0D74E/current"
"2F7F2B43-BF3F-E08F-E063-4804A8C05A49","38991","2021-10-14","EC4M 7DE","O","N","L","FLAT 17","THE GALLERY, 38","LUDGATE HILL","","LONDON","CITY OF LONDON","GREATER LONDON","B","http://landregistry.data.gov.uk/data/ppi/transaction/2F7F2B43-BF3F-E08F-E063-4804A8C05A49/current"
"E7B085FC-898E-7E31-E053-6C04A8C0E67F","550000","2022-07-11","EC4M 7DE","F","N","L","FLAT 6","THE GALLERY, 38","LUDGATE HILL","","LONDON","CITY OF LONDON","GREATER LONDON","A","http://landregistry.data.gov.uk/data/ppi/transaction/E7B085FC-898E-7E31-E053-6C04A8C0E67F/current"
"0B853950-35CB-69A5-E063-4704A8C07DAC","980000","2022-02-14","EC4M 7DE","F","N","L","FLAT 7","THE GALLERY, 38","LUDGATE HILL","","LONDON","CITY OF LONDON","GREATER LONDON","A","http://landregistry.data.gov.uk/data/ppi/transaction/0B853950-35CB-69A5-E063-4704A8C07DAC/current"
"C3C3F9B6-103A-362B-E053-6B04A8C03ACC","510000","2021-02-25","EC4M 7DE","F","N","L","FLAT 9","THE GALLERY, 38","LUDGATE HILL","","LONDON","CITY OF LONDON","GREATER LONDON","A","http://landregistry.data.gov.uk/data/ppi/transaction/C3C3F9B6-103A-362B-E053-6B04A8C03ACC/current"
"3DCCB7CA-C5C9-5B9D-E063-4704A8C0331E","24500000","2024-06-13","EC4M 7DX","O","N","L","UNIT 7A","1","PATERNOSTER SQUARE","","LONDON","CITY OF LONDON","GREATER LONDON","B","http://landregistry.data.gov.uk/data/ppi/transaction/3DCCB7CA-C5C9-5B9D-E063-4704A8C0331E/current"
"64342BFF-5B1C-422C-E053-6C04A8C0FB8A","133549187","2018-01-08","EC4M 7DX","O","N","L","","ERNEST JONES, 4","PATERNOSTER SQUARE","","LONDON","CITY OF LONDON","GREATER LONDON","B","http://landregistry.data.gov.uk/data/ppi/transaction/64342BFF-5B1C-422C-E053-6C04A8C0FB8A/current"
"4C1B6740-07A0-D8EA-E063-4704A8C0BF7D","7098660","2025-01-17","EC4M 7LH","O","N","L","","6","FARRINGDON STREET","","LONDON","CITY OF LONDON","GREATER LONDON","B","http://landregistry.data.gov.uk/data/ppi/transaction/4C1B6740-07A0-D8EA-E063-4704A8C0BF7D/current"
"4C1B673F-F021-D8EA-E063-4704A8C0BF7D","4201340","2025-01-17","EC4M 7LH","F","N","F","","6","FARRINGDON STREET","","LONDON","CITY OF LONDON","GREATER LONDON","B","http://landregistry.data.gov.uk/data/ppi/transaction/4C1B673F-F021-D8EA-E063-4704A8C0BF7D/current"
"7011B10A-1DB5-8ED6-E053-6B04A8C075C1","485000","2018-05-02","EC4M 7NR","O","N","L","UNIT B","1","FLEET PLACE","","LONDON","CITY OF LONDON","GREATER LONDON","B","http://landregistry.data.gov.uk/data/ppi/transaction/7011B10A-1DB5-8ED6-E053-6B04A8C075C1/current"
"7011B10A-1DB4-8ED6-E053-6B04A8C075C1","485000","2018-05-02","EC4M 7RA","O","N","L","UNIT A","1","FLEET PLACE","","LONDON","CITY OF LONDON","GREATER LONDON","B","http://landregistry.data.gov.uk/data/ppi/transaction/7011B10A-1DB4-8ED6-E053-6B04A8C075C1/current"
"9DBAD222-891C-6EB3-E053-6B04A8C0F257","1000","2020-01-10","EC4M 7RD","O","N","L","UNIT D","1","FLEET PLACE","","LONDON","CITY OF LONDON","GREATER LONDON","B","http://landregistry.data.gov.uk/data/ppi/transaction/9DBAD222-891C-6EB3-E053-6B04A8C0F257/current"
"AC07BBD0-A4D8-0445-E053-6C04A8C01E31","120000","2019-08-30","EC4M 8AY","O","N","L","BASEMENT AND GROUND FLOOR PREMISES","4","ST PAULS CHURCHYARD","","LONDON","CITY OF LONDON","GREATER LONDON","B","http://landregistry.data.gov.uk/data/ppi/transaction/AC07BBD0-A4D8-0445-E053-6C04A8C01E31/current"
"E073986C-11BB-2134-E053-6C04A8C0233B","21000000","2021-11-10","EC4M 8AY","O","N","F","","4","ST PAULS CHURCHYARD","","LONDON","CITY OF LONDON","GREATER LONDON","B","http://landregistry.data.gov.uk/data/ppi/transaction/E073986C-11BB-2134-E053-6C04A8C0233B/current"
"A96E4ACC-C8CD-9205-E053-6C04A8C0DA09","300000","2020-04-04","EC4M 9AF","O","N","L","","1","NEW CHANGE","","LONDON","CITY OF LONDON","GREATER LONDON","B","http://landregistry.data.gov.uk/data/ppi/transaction/A96E4ACC-C8CD-9205-E053-6C04A8C0DA09/current"
"5A9D8B56-0354-68EB-E053-6B04A8C0D293","25000","2017-04-03","EC4M 9AG","O","N","L","","13","NEW CHANGE PASSAGE","","LONDON","CITY OF LONDON","GREATER LONDON","B","http://landregistry.data.gov.uk/data/ppi/transaction/5A9D8B56-0354-68EB-E053-6B04A8C0D293/current"
"1061746E-B85F-3C34-E063-4804A8C0F9E7","138000","2023-09-28","EC4M 9AG","O","N","L","UNIT SU25","ONE NEW CHANGE, 15","NEW CHANGE PASSAGE","","LONDON","CITY OF LONDON","GREATER LONDON","B","http://landregistry.data.gov.uk/data/ppi/transaction/1061746E-B85F-3C34-E063-4804A8C0F9E7/current"
"4E75C29D-FBAE-8922-E063-4804A8C094D0","30000","2025-11-07","EC4M 9AY","O","N","L","","37","BOW LANE","","LONDON","CITY OF LONDON","GREATER LONDON","B","http://landregistry.data.gov.uk/data/ppi/transaction/4E75C29D-FBAE-8922-E063-4804A8C094D0/current"
"E7B085FD-207F-7E31-E053-6C04A8C0E67F","499999","2022-01-17","EC4M 9BE","O","N","L","SIXTH FLOOR","BOW BELLS HOUSE","BREAD STREET","","LONDON","CITY OF LONDON","GREATER LONDON","B","http://landregistry.data.gov.uk/data/ppi/transaction/E7B085FD-207F-7E31-E053-6C04A8C0E67F/current"
"404A5AF4-4F5A-CD2B-E050-A8C063055C7B","5000","2016-09-29","EC4M 9BJ","O","N","L","","77","WATLING STREET","","LONDON","CITY OF LONDON","GREATER LONDON","B","http://landregistry.data.gov.uk/data/ppi/transaction/404A5AF4-4F5A-CD2B-E050-A8C063055C7B/current"
"85866A65-8298-143F-E053-6B04A8C06A15","30000","2019-03-08","EC4M 9BR","O","N","L","UNIT 8","19 - 26","WATLING STREET","","LONDON","CITY OF LONDON","GREATER LONDON","B","http://landregistry.data.gov.uk/data/ppi/transaction/85866A65-8298-143F-E053-6B04A8C06A15/current"
"1775CCF7-D4ED-38BA-E063-4704A8C05A7C","178848","2022-10-05","EC4M 9BR","O","N","L","SECOND FLOOR EAST","25","WATLING STREET","","LONDON","CITY OF LONDON","GREATER LONDON","B","http://landregistry.data.gov.uk/data/ppi/transaction/1775CCF7-D4ED-38BA-E063-4704A8C05A7C/current"
"E2D14906-634D-4C2D-E053-6B04A8C0422B","62100","2021-06-01","EC4M 9BR","O","N","L","SECOND FLOOR EAST","25","WATLING STREET","","LONDON","CITY OF LONDON","GREATER LONDON","B","http://landregistry.data.gov.uk/data/ppi/transaction/E2D14906-634D-4C2D-E053-6B04A8C0422B/current"
"4E95D758-0FCD-EDA1-E050-A8C0630539E2","175000","2016-06-15","EC4M 9BR","O","N","L","GROUND FLOOR SHOP AND PART BASEMENT","32","WATLING STREET","","LONDON","CITY OF LONDON","GREATER LONDON","B","http://landregistry.data.gov.uk/data/ppi/transaction/4E95D758-0FCD-EDA1-E050-A8C0630539E2/current"
"34222871-E7DD-4D2B-E063-4704A8C07853","475000","2025-03-28","EC4M 9DN","F","N","L","FLAT 1","12","WELL COURT","","LONDON","CITY OF LONDON","GREATER LONDON","A","http://landregistry.data.gov.uk/data/ppi/transaction/34222871-E7DD-4D2B-E063-4704A8C07853/current"
"50D10B84-C98E-B8D0-E063-4704A8C08D98","560000","2025-07-11","EC4M 9DN","O","N","F","","12","WELL COURT","","LONDON","CITY OF LONDON","GREATER LONDON","B","http://landregistry.data.gov.uk/data/ppi/transaction/50D10B84-C98E-B8D0-E063-4704A8C08D98/current"
"773788C3-7B39-2CE4-E053-6C04A8C05E57","30000","2018-06-04","EC4M 9DT","O","N","L","","40","BOW LANE","","LONDON","CITY OF LONDON","GREATER LONDON","B","http://landregistry.data.gov.uk/data/ppi/transaction/773788C3-7B39-2CE4-E053-6C04A8C05E57/current"
"2D4D7609-E553-BDF9-E063-4804A8C0672F","34650000","2024-09-09","EC4M 9EE","O","N","F","","2","BOW LANE","","LONDON","CITY OF LONDON","GREATER LONDON","B","http://landregistry.data.gov.uk/data/ppi/transaction/2D4D7609-E553-BDF9-E063-4804A8C0672F/current"
"80E1AA98-F2C8-7BF8-E053-6C04A8C00BF2","50000","2018-12-14","EC4M 9EE","O","N","L","","3","BOW LANE","","LONDON","CITY OF LONDON","GREATER LONDON","B","http://landregistry.data.gov.uk/data/ppi/transaction/80E1AA98-F2C8-7BF8-E053-6C04A8C00BF2/current"
"31FB4C18-5A45-57B9-E050-A8C063053436","69999","2016-02-29","EC4M 9EH","O","N","L","","5","GROVELAND COURT","","LONDON","CITY OF LONDON","GREATER LONDON","B","http://landregistry.data.gov.uk/data/ppi/transaction/31FB4C18-5A45-57B9-E050-A8C063053436/current"
"773788C3-95B9-2CE4-E053-6C04A8C05E57","76000000","2018-08-30","EC4N 1SE","O","N","F","","85","QUEEN STREET","","LONDON","CITY OF LONDON","GREATER LONDON","B","http://landregistry.data.gov.uk/data/ppi/transaction/773788C3-95B9-2CE4-E053-6C04A8C05E57/current"
"79A74E22-7CD3-1289-E053-6B04A8C01627","1849055","2018-09-24","EC4N 1TX","O","N","L","GROUND FLOOR","ALDERMARY HOUSE, 15","QUEEN STREET","","LONDON","CITY OF LONDON","GREATER LONDON","B","http://landregistry.data.gov.uk/data/ppi/transaction/79A74E22-7CD3-1289-E053-6B04A8C01627/current"
"55BDCAE6-C6CA-521D-E053-6B04A8C0DD7A","30000","2017-07-21","EC4N 1TX","O","N","L","GROUND FLOOR","ALDERMARY HOUSE, 15","QUEEN STREET","","LONDON","CITY OF LONDON","GREATER LONDON","B","http://landregistry.data.gov.uk/data/ppi/transaction/55BDCAE6-C6CA-521D-E053-6B04A8C0DD7A/current"
"68FEB20C-40F3-38DA-E053-6C04A8C051AE","35000","2018-03-02","EC4N 1TX","O","N","L","SEVENTH FLOOR","ALDERMARY HOUSE, 15","QUEEN STREET","","LONDON","CITY OF LONDON","GREATER LONDON","B","http://landregistry.data.gov.uk/data/ppi/transaction/68FEB20C-40F3-38DA-E053-6C04A8C051AE/current"
"965B6D92-5180-95E4-E053-6C04A8C07729","2500","2019-09-12","EC4N 4SJ","O","N","L","BASEMENT AND GROUND FLOOR","68 - 72","QUEEN VICTORIA STREET","","LONDON","CITY OF LONDON","GREATER LONDON","B","http://landregistry.data.gov.uk/data/ppi/transaction/965B6D92-5180-95E4-E053-6C04A8C07729/current"
"5340B1C6-283C-8052-E063-4804A8C06EE4","5525000","2026-05-15","EC4N 4SJ","O","N","F","","78","QUEEN VICTORIA STREET","","LONDON","CITY OF LONDON","GREATER LONDON","B","http://landregistry.data.gov.uk/data/ppi/transaction/5340B1C6-283C-8052-E063-4804A8C06EE4/current"
"47844C80-BBEC-8986-E050-A8C063056488","33275679","2016-11-15","EC4N 4UA","O","N","L","","ORMOND HOUSE, 63","QUEEN VICTORIA STREET","","LONDON","CITY OF LONDON","GREATER LONDON","B","http://landregistry.data.gov.uk/data/ppi/transaction/47844C80-BBEC-8986-E050-A8C063056488/current"
"80E1AA98-F2E3-7BF8-E053-6C04A8C00BF2","40000","2018-10-11","EC4N 5AA","O","N","L","","61","CANNON STREET","","LONDON","CITY OF LONDON","GREATER LONDON","B","http://landregistry.data.gov.uk/data/ppi/transaction/80E1AA98-F2E3-7BF8-E053-6C04A8C00BF2/current"
"31FB4C18-657F-57B9-E050-A8C063053436","50000","2016-04-21","EC4N 5AD","O","N","L","BASEMENT PUBLIC HOUSE","105 - 107","CANNON STREET","","LONDON","CITY OF LONDON","GREATER LONDON","B","http://landregistry.data.gov.uk/data/ppi/transaction/31FB4C18-657F-57B9-E050-A8C063053436/current"
"06C9F487-F7D9-9388-E063-4804A8C0BD98","27768685","2022-05-31","EC4N 5AD","O","N","L","","111","CANNON STREET","","LONDON","CITY OF LONDON","GREATER LONDON","B","http://landregistry.data.gov.uk/data/ppi/transaction/06C9F487-F7D9-9388-E063-4804A8C0BD98/current"
"1061746E-DBB9-3C34-E063-4804A8C0F9E7","13800000","2023-08-10","EC4N 5AF","O","N","F","","107","CANNON STREET","","LONDON","CITY OF LONDON","GREATER LONDON","B","http://landregistry.data.gov.uk/data/ppi/transaction/1061746E-DBB9-3C34-E063-4804A8C0F9E7/current"
"3914047A-814A-3206-E050-A8C063057647","3025000","2016-05-05","EC4N 5AR","O","N","F","","111","CANNON STREET","","LONDON","CITY OF LONDON","GREATER LONDON","B","http://landregistry.data.gov.uk/data/ppi/transaction/3914047A-814A-3206-E050-A8C063057647/current"
"4C4EE000-3EE4-1854-E050-A8C063054F34","237500","2017-03-22","EC4N 5AT","O","N","L","PART OF GROUND AND LOWER GROUND FLOORS","SHERBORNE HOUSE, 119","CANNON STREET","","LONDON","CITY OF LONDON","GREATER LONDON","B","http://landregistry.data.gov.uk/data/ppi/transaction/4C4EE000-3EE4-1854-E050-A8C063054F34/current"
"1C3E72FF-085A-F410-E063-4804A8C0DFA6","6750000","2023-09-27","EC4N 5AU","O","N","F","","ST. MARY ABCHURCH HOUSE, 123 - 127","CANNON STREET","","LONDON","CITY OF LONDON","GREATER LONDON","B","http://landregistry.data.gov.uk/data/ppi/transaction/1C3E72FF-085A-F410-E063-4804A8C0DFA6/current"
"85866A65-8204-143F-E053-6B04A8C06A15","800000","2019-02-12","EC4N 5AX","O","N","F","","129","CANNON STREET","","LONDON","CITY OF LONDON","GREATER LONDON","B","http://landregistry.data.gov.uk/data/ppi/transaction/85866A65-8204-143F-E053-6B04A8C06A15/current"
"50F18103-E6A8-9FD5-E050-A8C063054923","19850000","2017-03-16","EC4N 6AE","O","N","F","","62 - 64","CANNON STREET","","LONDON","CITY OF LONDON","GREATER LONDON","B","http://landregistry.data.gov.uk/data/ppi/transaction/50F18103-E6A8-9FD5-E050-A8C063054923/current"
"B5755FFE-AAEB-7D01-E053-6C04A8C036B6","17000000","2020-09-08","EC4N 6AE","O","N","F","","68","CANNON STREET","","LONDON","CITY OF LONDON","GREATER LONDON","B","http://landregistry.data.gov.uk/data/ppi/transaction/B5755FFE-AAEB-7D01-E053-6C04A8C036B6/current"
"404A5AF4-6350-CD2B-E050-A8C063055C7B","36200000","2016-10-05","EC4N 6EU","O","N","F","","108","CANNON STREET","","LONDON","CITY OF LONDON","GREATER LONDON","B","http://landregistry.data.gov.uk/data/ppi/transaction/404A5AF4-6350-CD2B-E050-A8C063055C7B/current"
"4C4EE000-324A-1854-E050-A8C063054F34","57444","2017-03-10","EC4N 6EU","O","N","L","TENTH FLOOR","CANNON STREET HOUSE, 110","CANNON STREET","","LONDON","CITY OF LONDON","GREATER LONDON","B","http://landregistry.data.gov.uk/data/ppi/transaction/4C4EE000-324A-1854-E050-A8C063054F34/current"
"1EAE3DF7-4690-9EB1-E063-4704A8C09D02","52500000","2021-10-29","EC4N 6HL","O","N","L","","78","CANNON STREET","","LONDON","CITY OF LONDON","GREATER LONDON","B","http://landregistry.data.gov.uk/data/ppi/transaction/1EAE3DF7-4690-9EB1-E063-4704A8C09D02/current"
"06C9F487-F80E-9388-E063-4804A8C0BD98","52500000","2021-10-29","EC4N 6HL","O","N","L","","78","CANNON STREET","","LONDON","CITY OF LONDON","GREATER LONDON","B","http://landregistry.data.gov.uk/data/ppi/transaction/06C9F487-F80E-9388-E063-4804A8C0BD98/current"
"E7B085FD-4046-7E31-E053-6C04A8C0E67F","30000000","2022-04-28","EC4N 6JJ","O","N","F","","50","CANNON STREET","","LONDON","CITY OF LONDON","GREATER LONDON","B","http://landregistry.data.gov.uk/data/ppi/transaction/E7B085FD-4046-7E31-E053-6C04A8C0E67F/current"
"3914047A-8379-3206-E050-A8C063057647","7600000","2016-06-14","EC4N 6NL","O","N","L","","76","CANNON STREET","","LONDON","CITY OF LONDON","GREATER LONDON","B","http://landregistry.data.gov.uk/data/ppi/transaction/3914047A-8379-3206-E050-A8C063057647/current"
"3DCCB7CA-BF52-5B9D-E063-4704A8C0331E","22250000","2024-12-16","EC4N 7AE","O","N","F","","ST. CLEMENTS HOUSE, 27","CLEMENTS LANE","","LONDON","CITY OF LONDON","GREATER LONDON","B","http://landregistry.data.gov.uk/data/ppi/transaction/3DCCB7CA-BF52-5B9D-E063-4704A8C0331E/current"
"7C2D0700-FB44-4963-E053-6B04A8C07B97","1056132","2018-07-20","EC4N 7AR","O","N","L","4TH FLOOR","1","KING WILLIAM STREET","","LONDON","CITY OF LONDON","GREATER LONDON","B","http://landregistry.data.gov.uk/data/ppi/transaction/7C2D0700-FB44-4963-E053-6B04A8C07B97/current"
"CFC9085D-6656-9A70-E053-6B04A8C09D6A","130500000","2021-07-22","EC4N 7BL","O","N","F","FOURTH FLOOR PREMISES","CAPITAL HOUSE","KING WILLIAM STREET","","LONDON","CITY OF LONDON","GREATER LONDON","B","http://landregistry.data.gov.uk/data/ppi/transaction/CFC9085D-6656-9A70-E053-6B04A8C09D6A/current"
"CFC9085D-66D7-9A70-E053-6B04A8C09D6A","130500000","2021-07-22","EC4N 7BL","O","N","F","FOURTH FLOOR PREMISES","CAPITAL HOUSE","KING WILLIAM STREET","","LONDON","CITY OF LONDON","GREATER LONDON","B","http://landregistry.data.gov.uk/data/ppi/transaction/CFC9085D-66D7-9A70-E053-6B04A8C09D6A/current"
"9DBAD222-8905-6EB3-E053-6B04A8C0F257","450000","2020-01-06","EC4N 7BL","O","N","L","THIRD FLOOR PREMISES","CAPITAL HOUSE","KING WILLIAM STREET","","LONDON","CITY OF LONDON","GREATER LONDON","B","http://landregistry.data.gov.uk/data/ppi/transaction/9DBAD222-8905-6EB3-E053-6B04A8C0F257/current"
"64342BFF-387A-422C-E053-6C04A8C0FB8A","32500","2017-09-18","EC4N 7BL","O","N","L","UNIT 3","CAPITAL HOUSE","KING WILLIAM STREET","","LONDON","CITY OF LONDON","GREATER LONDON","B","http://landregistry.data.gov.uk/data/ppi/transaction/64342BFF-387A-422C-E053-6C04A8C0FB8A/current"
"4C4EE000-4FED-1854-E050-A8C063054F34","2168000","2017-02-22","EC4N 7BL","T","N","F","","12","KING WILLIAM STREET","","LONDON","CITY OF LONDON","GREATER LONDON","B","http://landregistry.data.gov.uk/data/ppi/transaction/4C4EE000-4FED-1854-E050-A8C063054F34/current"
"CFC9085D-61EA-9A70-E053-6B04A8C09D6A","130500000","2021-07-22","EC4N 7BL","O","N","F","","CAPITAL HOUSE, 85","KING WILLIAM STREET","","LONDON","CITY OF LONDON","GREATER LONDON","B","http://landregistry.data.gov.uk/data/ppi/transaction/CFC9085D-61EA-9A70-E053-6B04A8C09D6A/current"
"7011B10A-37DD-8ED6-E053-6B04A8C075C1","24510000","2018-05-11","EC4N 7BP","O","N","L","","MONUMENT HOUSE, 18","KING WILLIAM STREET","","LONDON","CITY OF LONDON","GREATER LONDON","B","http://landregistry.data.gov.uk/data/ppi/transaction/7011B10A-37DD-8ED6-E053-6B04A8C075C1/current"
"61D8894E-A361-3DE6-E053-6C04A8C01207","10000000","2017-12-08","EC4N 7BW","T","N","F","","15","ABCHURCH LANE","","LONDON","CITY OF LONDON","GREATER LONDON","B","http://landregistry.data.gov.uk/data/ppi/transaction/61D8894E-A361-3DE6-E053-6C04A8C01207/current"
"EED73E76-7EC9-6AF3-E053-6C04A8C08ABA","492000","2021-11-26","EC4N 7HR","O","N","L","","ROOF TOP BAR, 68","KING WILLIAM STREET","","LONDON","CITY OF LONDON","GREATER LONDON","B","http://landregistry.data.gov.uk/data/ppi/transaction/EED73E76-7EC9-6AF3-E053-6C04A8C08ABA/current"
"79A74E22-7CD5-1289-E053-6B04A8C01627","10000","2018-10-05","EC4N 7HR","O","N","L","","GROUND FLOOR AND MEZZANINE, 72","KING WILLIAM STREET","","LONDON","CITY OF LONDON","GREATER LONDON","B","http://landregistry.data.gov.uk/data/ppi/transaction/79A74E22-7CD5-1289-E053-6B04A8C01627/current"
"68FEB20C-3F85-38DA-E053-6C04A8C051AE","3076","2018-02-27","EC4N 7HR","O","N","L","","GROUND FLOOR AND MEZZANINE, 72","KING WILLIAM STREET","","LONDON","CITY OF LONDON","GREATER LONDON","B","http://landregistry.data.gov.uk/data/ppi/transaction/68FEB20C-3F85-38DA-E053-6C04A8C051AE/current"
"5376B386-3D1B-34C1-E053-6B04A8C09FF6","9373981","2017-05-04","EC4N 7HR","O","N","L","","72","KING WILLIAM STREET","","LONDON","CITY OF LONDON","GREATER LONDON","B","http://landregistry.data.gov.uk/data/ppi/transaction/5376B386-3D1B-34C1-E053-6B04A8C09FF6/current"
"2859C1AC-D6C4-52B4-E063-4804A8C05948","60000000","2024-10-01","EC4N 7TW","O","N","L","","10","KING WILLIAM STREET","","LONDON","CITY OF LONDON","GREATER LONDON","B","http://landregistry.data.gov.uk/data/ppi/transaction/2859C1AC-D6C4-52B4-E063-4804A8C05948/current"
"0B853950-B5D7-69A5-E063-4704A8C07DAC","37800000","2023-07-11","EC4N 7TW","O","N","L","","10","KING WILLIAM STREET","","LONDON","CITY OF LONDON","GREATER LONDON","B","http://landregistry.data.gov.uk/data/ppi/transaction/0B853950-B5D7-69A5-E063-4704A8C07DAC/current"
"79A74E22-7CD0-1289-E053-6B04A8C01627","400000","2018-09-10","EC4N 8AD","O","N","L","","21","ST SWITHINS LANE","","LONDON","CITY OF LONDON","GREATER LONDON","B","http://landregistry.data.gov.uk/data/ppi/transaction/79A74E22-7CD0-1289-E053-6B04A8C01627/current"
"773788C3-7AE4-2CE4-E053-6C04A8C05E57","2000000","2018-08-23","EC4N 8AF","O","N","L","PART GROUND FLOOR AND LOWER GROUND FLOOR","THE WALBROOK BUILDING, 25","WALBROOK","","LONDON","CITY OF LONDON","GREATER LONDON","B","http://landregistry.data.gov.uk/data/ppi/transaction/773788C3-7AE4-2CE4-E053-6C04A8C05E57/current"
"36A61A95-3898-DEF2-E063-4704A8C046AE","72500","2024-03-15","EC4N 8AR","O","N","L","","UNITS G1, G2, H1 AND H2","BLOOMBERG ARCADE","","LONDON","CITY OF LONDON","GREATER LONDON","B","http://landregistry.data.gov.uk/data/ppi/transaction/36A61A95-3898-DEF2-E063-4704A8C046AE/current"
"87E1551E-E4B2-6405-E053-6C04A8C0B2EE","120000000","2018-12-07","EC4R 0AT","O","N","F","","1","SUFFOLK LANE","","LONDON","CITY OF LONDON","GREATER LONDON","B","http://landregistry.data.gov.uk/data/ppi/transaction/87E1551E-E4B2-6405-E053-6C04A8C0B2EE/current"
"2D4D7609-E5D4-BDF9-E063-4804A8C0672F","50000","2024-10-04","EC4R 0AT","O","N","F","BASEMENT VAULTS","2","SUFFOLK LANE","","LONDON","CITY OF LONDON","GREATER LONDON","B","http://landregistry.data.gov.uk/data/ppi/transaction/2D4D7609-E5D4-BDF9-E063-4804A8C0672F/current"
"2D4D7609-E5EE-BDF9-E063-4804A8C0672F","13218500","2024-10-04","EC4R 0AT","O","N","L","","2","SUFFOLK LANE","","LONDON","CITY OF LONDON","GREATER LONDON","B","http://landregistry.data.gov.uk/data/ppi/transaction/2D4D7609-E5EE-BDF9-E063-4804A8C0672F/current"
"773788C3-954C-2CE4-E053-6C04A8C05E57","3550000","2018-08-30","EC4R 0AU","O","N","F","","THE OLD RECTORY, 29","MARTIN LANE","","LONDON","CITY OF LONDON","GREATER LONDON","B","http://landregistry.data.gov.uk/data/ppi/transaction/773788C3-954C-2CE4-E053-6C04A8C05E57/current"
"402A3A66-CF5B-A7DF-E063-4804A8C0B80D","435000","2025-08-26","EC4R 0AW","F","N","L","APARTMENT 5","35","BUSH LANE","","LONDON","CITY OF LONDON","GREATER LONDON","B","http://landregistry.data.gov.uk/data/ppi/transaction/402A3A66-CF5B-A7DF-E063-4804A8C0B80D/current"
"E53EDD2E-0561-83EC-E053-6B04A8C03A59","775000","2022-06-30","EC4R 0AW","F","N","L","APARTMENT 7","35","BUSH LANE","","LONDON","CITY OF LONDON","GREATER LONDON","A","http://landregistry.data.gov.uk/data/ppi/transaction/E53EDD2E-0561-83EC-E053-6B04A8C03A59/current"
"453D27A3-CECD-EF91-E050-A8C0630574D7","594833","2016-06-24","EC4R 0AX","O","N","L","SECOND FLOOR OFFICES","CANNON GREEN, 1","SUFFOLK LANE","","LONDON","CITY OF LONDON","GREATER LONDON","B","http://landregistry.data.gov.uk/data/ppi/transaction/453D27A3-CECD-EF91-E050-A8C0630574D7/current"
"A71375FE-0795-7576-E053-6C04A8C0462F","3700000","2020-03-13","EC4R 0DJ","O","N","F","","THE OLD RECTORY, 29","MARTIN LANE","","LONDON","CITY OF LONDON","GREATER LONDON","B","http://landregistry.data.gov.uk/data/ppi/transaction/A71375FE-0795-7576-E053-6C04A8C0462F/current"
"85866A65-090E-143F-E053-6B04A8C06A15","800000","2019-03-14","EC4R 0DR","F","N","L","APARTMENT 2","28","MARTIN LANE","","LONDON","CITY OF LONDON","GREATER LONDON","A","http://landregistry.data.gov.uk/data/ppi/transaction/85866A65-090E-143F-E053-6B04A8C06A15/current"
"34428D7E-4F25-B86C-E050-A8C06205059C","400000","2016-05-12","EC4R 1BN","F","N","L","FLAT 10","30","QUEEN STREET","","LONDON","CITY OF LONDON","GREATER LONDON","A","http://landregistry.data.gov.uk/data/ppi/transaction/34428D7E-4F25-B86C-E050-A8C06205059C/current"
"E2D14906-6300-4C2D-E053-6B04A8C0422B","438960","2021-11-30","EC4R 1BN","O","N","L","","FOURTH FLOOR, 36","QUEEN STREET","","LONDON","CITY OF LONDON","GREATER LONDON","B","http://landregistry.data.gov.uk/data/ppi/transaction/E2D14906-6300-4C2D-E053-6B04A8C0422B/current"
"CFC9085D-66E3-9A70-E053-6B04A8C09D6A","394200","2021-06-03","EC4R 1BR","F","N","L","FLAT 11","30","QUEEN STREET","","LONDON","CITY OF LONDON","GREATER LONDON","B","http://landregistry.data.gov.uk/data/ppi/transaction/CFC9085D-66E3-9A70-E053-6B04A8C09D6A/current"
"C18F412B-AF43-81A6-E053-6B04A8C0AD18","440000","2021-02-24","EC4R 1BR","O","N","L","FLAT 13","30","QUEEN STREET","","LONDON","CITY OF LONDON","GREATER LONDON","B","http://landregistry.data.gov.uk/data/ppi/transaction/C18F412B-AF43-81A6-E053-6B04A8C0AD18/current"
"7C2D0701-1975-4963-E053-6B04A8C07B97","485000","2018-05-30","EC4R 1BR","F","N","L","FLAT 21","30","QUEEN STREET","","LONDON","CITY OF LONDON","GREATER LONDON","B","http://landregistry.data.gov.uk/data/ppi/transaction/7C2D0701-1975-4963-E053-6B04A8C07B97/current"
"34428D7E-CE31-B86C-E050-A8C06205059C","400000","2016-03-29","EC4R 1BR","F","N","L","FLAT 24","30","QUEEN STREET","","LONDON","CITY OF LONDON","GREATER LONDON","B","http://landregistry.data.gov.uk/data/ppi/transaction/34428D7E-CE31-B86C-E050-A8C06205059C/current"
"50D10B84-C98C-B8D0-E063-4704A8C08D98","470000","2025-12-01","EC4R 1BR","F","N","L","FLAT 25","30","QUEEN STREET","","LONDON","CITY OF LONDON","GREATER LONDON","B","http://landregistry.data.gov.uk/data/ppi/transaction/50D10B84-C98C-B8D0-E063-4704A8C08D98/current"
"0B853950-D94A-69A5-E063-4704A8C07DAC","465000","2023-10-31","EC4R 1BR","F","N","L","FLAT 26","30","QUEEN STREET","","LONDON","CITY OF LONDON","GREATER LONDON","B","http://landregistry.data.gov.uk/data/ppi/transaction/0B853950-D94A-69A5-E063-4704A8C07DAC/current"
"49E87C32-E561-591C-E063-4704A8C00C31","470000","2025-12-19","EC4R 1BR","F","N","L","FLAT 36","30","QUEEN STREET","","LONDON","CITY OF LONDON","GREATER LONDON","B","http://landregistry.data.gov.uk/data/ppi/transaction/49E87C32-E561-591C-E063-4704A8C00C31/current"
"582D0637-4AD3-8F22-E053-6C04A8C01BAC","510000","2017-07-20","EC4R 1BR","F","N","L","FLAT 36","30","QUEEN STREET","","LONDON","CITY OF LONDON","GREATER LONDON","A","http://landregistry.data.gov.uk/data/ppi/transaction/582D0637-4AD3-8F22-E053-6C04A8C01BAC/current"
"8F1B26BD-F943-53DB-E053-6C04A8C03649","520000","2019-07-12","EC4R 1BR","F","N","L","FLAT 40","30","QUEEN STREET","","LONDON","CITY OF LONDON","GREATER LONDON","A","http://landregistry.data.gov.uk/data/ppi/transaction/8F1B26BD-F943-53DB-E053-6C04A8C03649/current"
"42A5A709-7EF8-56E8-E050-A8C06205331E","540000","2016-10-21","EC4R 1BR","F","N","L","FLAT 42","30","QUEEN STREET","","LONDON","CITY OF LONDON","GREATER LONDON","A","http://landregistry.data.gov.uk/data/ppi/transaction/42A5A709-7EF8-56E8-E050-A8C06205331E/current"
"045A1899-6115-9A24-E063-4804A8C048EA","465000","2023-07-19","EC4R 1BR","F","N","L","FLAT 44","30","QUEEN STREET","","LONDON","CITY OF LONDON","GREATER LONDON","B","http://landregistry.data.gov.uk/data/ppi/transaction/045A1899-6115-9A24-E063-4804A8C048EA/current"
"BA558B33-80A2-76EF-E053-6B04A8C0B4B7","495000","2020-12-01","EC4R 1BR","F","N","L","FLAT 47","30","QUEEN STREET","","LONDON","CITY OF LONDON","GREATER LONDON","B","http://landregistry.data.gov.uk/data/ppi/transaction/BA558B33-80A2-76EF-E053-6B04A8C0B4B7/current"
"726BF13B-B4B7-0A46-E053-6C04A8C01D0D","475000","2018-05-30","EC4R 1BR","F","N","L","FLAT 62","30","QUEEN STREET","","LONDON","CITY OF LONDON","GREATER LONDON","B","http://landregistry.data.gov.uk/data/ppi/transaction/726BF13B-B4B7-0A46-E053-6C04A8C01D0D/current"
"4C4EE000-4FDD-1854-E050-A8C063054F34","7030000","2017-02-08","EC4R 1DD","O","N","L","","40","QUEEN STREET","","LONDON","CITY OF LONDON","GREATER LONDON","B","http://landregistry.data.gov.uk/data/ppi/transaction/4C4EE000-4FDD-1854-E050-A8C063054F34/current"
"152AB734-676F-E651-E063-4704A8C061D9","1009361","2023-07-24","EC4R 1EB","O","N","L","BASEMENT AND GROUND FLOOR","THE REX BUILDING, 62","QUEEN STREET","","LONDON","CITY OF LONDON","GREATER LONDON","B","http://landregistry.data.gov.uk/data/ppi/transaction/152AB734-676F-E651-E063-4704A8C061D9/current"
"EED73E76-7DD9-6AF3-E053-6C04A8C08ABA","109472","2022-07-28","EC4R 1EB","O","N","L","FIFTH FLOOR OFFICES","THE REX BUILDING, 62","QUEEN STREET","","LONDON","CITY OF LONDON","GREATER LONDON","B","http://landregistry.data.gov.uk/data/ppi/transaction/EED73E76-7DD9-6AF3-E053-6C04A8C08ABA/current"
"2859C1AC-D607-52B4-E063-4804A8C05948","1308926","2024-01-17","EC4R 1EB","O","N","L","FIRST FLOOR OFFICES","THE REX BUILDING, 62","QUEEN STREET","","LONDON","CITY OF LONDON","GREATER LONDON","B","http://landregistry.data.gov.uk/data/ppi/transaction/2859C1AC-D607-52B4-E063-4804A8C05948/current"
"9DBAD222-A940-6EB3-E053-6B04A8C0F257","3000000","2020-01-13","EC4R 1EB","O","N","F","","WARICK HOUSE, 65 - 66","QUEEN STREET","","LONDON","CITY OF LONDON","GREATER LONDON","B","http://landregistry.data.gov.uk/data/ppi/transaction/9DBAD222-A940-6EB3-E053-6B04A8C0F257/current"
"965B6D92-50D3-95E4-E053-6C04A8C07729","4485000","2019-09-20","EC4R 1EB","O","N","L","","WARICK HOUSE, 65 - 66","QUEEN STREET","","LONDON","CITY OF LONDON","GREATER LONDON","B","http://landregistry.data.gov.uk/data/ppi/transaction/965B6D92-50D3-95E4-E053-6C04A8C07729/current"
"726BF13B-B47B-0A46-E053-6C04A8C01D0D","54897793","2018-07-23","EC4R 1HJ","O","N","L","AIR SPACE AT FIFTH AND SIXTH FLOOR LEVEL","36","QUEEN STREET","","LONDON","CITY OF LONDON","GREATER LONDON","B","http://landregistry.data.gov.uk/data/ppi/transaction/726BF13B-B47B-0A46-E053-6C04A8C01D0D/current"
"50D10B84-A387-B8D0-E063-4704A8C08D98","1325000","2025-06-17","EC4R 2RB","O","N","F","","4","COLLEGE HILL","","LONDON","CITY OF LONDON","GREATER LONDON","B","http://landregistry.data.gov.uk/data/ppi/transaction/50D10B84-A387-B8D0-E063-4704A8C08D98/current"
"34222871-E785-4D2B-E063-4704A8C07853","625000","2025-03-27","EC4R 2RP","F","N","L","FLAT 1","WHITTINGTON HOUSE, 19 - 20","COLLEGE HILL","","LONDON","CITY OF LONDON","GREATER LONDON","A","http://landregistry.data.gov.uk/data/ppi/transaction/34222871-E785-4D2B-E063-4704A8C07853/current"
"1775CCF6-D84E-38BA-E063-4704A8C05A7C","625000","2023-12-01","EC4R 2RP","F","N","L","FLAT 1","WHITTINGTON HOUSE, 19 - 20","COLLEGE HILL","","LONDON","CITY OF LONDON","GREATER LONDON","A","http://landregistry.data.gov.uk/data/ppi/transaction/1775CCF6-D84E-38BA-E063-4704A8C05A7C/current"
"582D0637-F33F-8F22-E053-6C04A8C01BAC","27005000","2017-07-14","EC4R 2RU","O","N","L","","PELLIPAR HOUSE, 9","CLOAK LANE","","LONDON","CITY OF LONDON","GREATER LONDON","B","http://landregistry.data.gov.uk/data/ppi/transaction/582D0637-F33F-8F22-E053-6C04A8C01BAC/current"
"8A78B2B0-4AFC-5CB0-E053-6B04A8C0F504","100000","2019-05-01","EC4R 2RU","O","N","L","SIXTH FLOOR","9","CLOAK LANE","","LONDON","CITY OF LONDON","GREATER LONDON","B","http://landregistry.data.gov.uk/data/ppi/transaction/8A78B2B0-4AFC-5CB0-E053-6B04A8C0F504/current"
"50F18103-CC21-9FD5-E050-A8C063054923","16538605","2017-05-03","EC4R 2SU","O","N","L","","RANDALL HOUSE, 6","DOWGATE HILL","","LONDON","CITY OF LONDON","GREATER LONDON","B","http://landregistry.data.gov.uk/data/ppi/transaction/50F18103-CC21-9FD5-E050-A8C063054923/current"
"A2479555-D792-74C7-E053-6B04A8C0887D","7250000","2020-02-28","EC4R 3TB","O","N","L","","NATIONAL CAR PARKS LTD","BELL WHARF LANE","","LONDON","CITY OF LONDON","GREATER LONDON","B","http://landregistry.data.gov.uk/data/ppi/transaction/A2479555-D792-74C7-E053-6B04A8C0887D/current"
"5A9D8B56-17DF-68EB-E053-6B04A8C0D293","1740000","2017-08-16","EC4R 3TE","O","N","F","","20","COUSIN LANE","","LONDON","CITY OF LONDON","GREATER LONDON","B","http://landregistry.data.gov.uk/data/ppi/transaction/5A9D8B56-17DF-68EB-E053-6B04A8C0D293/current"
"49E87C32-B55B-591C-E063-4704A8C00C31","3675000","2026-01-07","EC4R 3TE","D","N","F","","22","COUSIN LANE","","LONDON","CITY OF LONDON","GREATER LONDON","B","http://landregistry.data.gov.uk/data/ppi/transaction/49E87C32-B55B-591C-E063-4704A8C00C31/current"
"FD226036-7B31-4CB7-E053-4804A8C00430","915000","2022-07-22","EC4R 3TN","O","N","L","","SEAL HOUSE, 1","SWAN LANE","","LONDON","CITY OF LONDON","GREATER LONDON","B","http://landregistry.data.gov.uk/data/ppi/transaction/FD226036-7B31-4CB7-E053-4804A8C00430/current"
"34428D7E-C1E3-B86C-E050-A8C06205059C","115000","2016-05-06","EC4R 9AD","O","N","L","","PART OF THIRD FLOOR, 55","KING WILLIAM STREET","","LONDON","CITY OF LONDON","GREATER LONDON","B","http://landregistry.data.gov.uk/data/ppi/transaction/34428D7E-C1E3-B86C-E050-A8C06205059C/current"
"34222873-0FCD-4D2B-E063-4704A8C07853","1200000","2025-04-08","EC4R 9AD","O","N","L","","55","KING WILLIAM STREET","","LONDON","CITY OF LONDON","GREATER LONDON","B","http://landregistry.data.gov.uk/data/ppi/transaction/34222873-0FCD-4D2B-E063-4704A8C07853/current"
"8A78B2B0-4B6E-5CB0-E053-6B04A8C0F504","729360","2018-12-03","EC4R 9AN","O","N","L","SECOND FLOOR AND BASEMENT STORAGE UNIT","REGIS HOUSE, 45","KING WILLIAM STREET","","LONDON","CITY OF LONDON","GREATER LONDON","B","http://landregistry.data.gov.uk/data/ppi/transaction/8A78B2B0-4B6E-5CB0-E053-6B04A8C0F504/current"
"1A0C5C63-E3AC-7CBE-E063-4804A8C06C96","4628000","2023-01-27","EC4R 9HA","O","N","L","","ADELAIDE HOUSE","LONDON BRIDGE","","LONDON","CITY OF LONDON","GREATER LONDON","B","http://landregistry.data.gov.uk/data/ppi/transaction/1A0C5C63-E3AC-7CBE-E063-4804A8C06C96/current"
"5CF9903C-CF9C-7F13-E053-6C04A8C074B1","3330553","2017-06-22","EC4V 2AR","O","N","L","","OCEAN HOUSE, 10","LITTLE TRINITY LANE","","LONDON","CITY OF LONDON","GREATER LONDON","B","http://landregistry.data.gov.uk/data/ppi/transaction/5CF9903C-CF9C-7F13-E053-6C04A8C074B1/current"
"42C129E5-91F7-60A9-E063-4804A8C0C25D","1900000","2024-10-31","EC4V 2BA","T","N","L","","27","GARLICK HILL","","LONDON","CITY OF LONDON","GREATER LONDON","B","http://landregistry.data.gov.uk/data/ppi/transaction/42C129E5-91F7-60A9-E063-4804A8C0C25D/current"
"34222873-0D9C-4D2B-E063-4704A8C07853","1800000","2024-07-30","EC4V 2BA","O","N","F","","28","GARLICK HILL","","LONDON","CITY OF LONDON","GREATER LONDON","B","http://landregistry.data.gov.uk/data/ppi/transaction/34222873-0D9C-4D2B-E063-4704A8C07853/current"
"FAC30767-DA70-5E20-E053-4704A8C004EE","205000","2023-04-05","EC4V 2BH","O","N","L","","4","GREAT ST THOMAS APOSTLE","","LONDON","CITY OF LONDON","GREATER LONDON","B","http://landregistry.data.gov.uk/data/ppi/transaction/FAC30767-DA70-5E20-E053-4704A8C004EE/current"
"50F18103-E6FA-9FD5-E050-A8C063054923","5000","2017-05-15","EC4V 2BH","O","N","L","","4","GREAT ST THOMAS APOSTLE","","LONDON","CITY OF LONDON","GREATER LONDON","B","http://landregistry.data.gov.uk/data/ppi/transaction/50F18103-E6FA-9FD5-E050-A8C063054923/current"
"44F406B7-20F5-1095-E063-4704A8C048D4","3500000","2024-04-11","EC4V 3AD","F","Y","L","APARTMENT 301","62","UPPER THAMES STREET","","LONDON","CITY OF LONDON","GREATER LONDON","B","http://landregistry.data.gov.uk/data/ppi/transaction/44F406B7-20F5-1095-E063-4704A8C048D4/current"
"44F406B7-20F6-1095-E063-4704A8C048D4","3700000","2024-04-11","EC4V 3AD","F","Y","L","APARTMENT 501","62","UPPER THAMES STREET","","LONDON","CITY OF LONDON","GREATER LONDON","B","http://landregistry.data.gov.uk/data/ppi/transaction/44F406B7-20F6-1095-E063-4704A8C048D4/current"
"44F406B7-20F8-1095-E063-4704A8C048D4","6000000","2024-04-11","EC4V 3AD","F","Y","L","APARTMENT 502","62","UPPER THAMES STREET","","LONDON","CITY OF LONDON","GREATER LONDON","B","http://landregistry.data.gov.uk/data/ppi/transaction/44F406B7-20F8-1095-E063-4704A8C048D4/current"
"44F406B7-20E1-1095-E063-4704A8C048D4","877319","2023-10-03","EC4V 3AD","F","Y","L","APARTMENT 601","62","UPPER THAMES STREET","","LONDON","CITY OF LONDON","GREATER LONDON","B","http://landregistry.data.gov.uk/data/ppi/transaction/44F406B7-20E1-1095-E063-4704A8C048D4/current"
"44F406B7-20F7-1095-E063-4704A8C048D4","3900000","2024-04-11","EC4V 3AD","F","Y","L","APARTMENT 701","62","UPPER THAMES STREET","","LONDON","CITY OF LONDON","GREATER LONDON","B","http://landregistry.data.gov.uk/data/ppi/transaction/44F406B7-20F7-1095-E063-4704A8C048D4/current"
"44F406B7-20E0-1095-E063-4704A8C048D4","877319","2023-10-03","EC4V 3AD","F","Y","L","FLAT 201","62","UPPER THAMES STREET","","LONDON","CITY OF LONDON","GREATER LONDON","B","http://landregistry.data.gov.uk/data/ppi/transaction/44F406B7-20E0-1095-E063-4704A8C048D4/current"
"44F406B7-20D4-1095-E063-4704A8C048D4","3750000","2023-04-24","EC4V 3AD","T","Y","L","FLAT 401","62","UPPER THAMES STREET","","LONDON","CITY OF LONDON","GREATER LONDON","B","http://landregistry.data.gov.uk/data/ppi/transaction/44F406B7-20D4-1095-E063-4704A8C048D4/current"
"44F406B7-20DF-1095-E063-4704A8C048D4","1433946","2023-10-03","EC4V 3AD","F","Y","L","FLAT 602","62","UPPER THAMES STREET","","LONDON","CITY OF LONDON","GREATER LONDON","B","http://landregistry.data.gov.uk/data/ppi/transaction/44F406B7-20DF-1095-E063-4704A8C048D4/current"
"5CF9903C-CF48-7F13-E053-6C04A8C074B1","411641","2017-06-22","EC4V 3AD","O","N","L","FLAT 602","62","UPPER THAMES STREET","","LONDON","CITY OF LONDON","GREATER LONDON","B","http://landregistry.data.gov.uk/data/ppi/transaction/5CF9903C-CF48-7F13-E053-6C04A8C074B1/current"
"3DCCB7C9-94A1-5B9D-E063-4704A8C0331E","6120000","2022-11-17","EC4V 3AD","F","Y","L","FLAT 702","62","UPPER THAMES STREET","","LONDON","CITY OF LONDON","GREATER LONDON","A","http://landregistry.data.gov.uk/data/ppi/transaction/3DCCB7C9-94A1-5B9D-E063-4704A8C0331E/current"
"B32EBB14-1CB6-3C99-E053-6C04A8C09CA1","843621","2020-01-30","EC4V 3BJ","O","N","L","LEVEL 3 NORTH","VINTERS PLACE 68","UPPER THAMES STREET","","LONDON","CITY OF LONDON","GREATER LONDON","B","http://landregistry.data.gov.uk/data/ppi/transaction/B32EBB14-1CB6-3C99-E053-6C04A8C09CA1/current"
"7E86B6FB-A69C-458C-E053-6B04A8C0C84C","24860000","2018-11-30","EC4V 3BJ","O","N","L","","VINTNERS PLACE, 68","UPPER THAMES STREET","","LONDON","CITY OF LONDON","GREATER LONDON","B","http://landregistry.data.gov.uk/data/ppi/transaction/7E86B6FB-A69C-458C-E053-6B04A8C0C84C/current"
"D707E535-1FB6-0AD9-E053-6B04A8C067CC","495000","2021-06-24","EC4V 3EH","F","N","L","FLAT 403","QUEENS QUAY, 58","UPPER THAMES STREET","","LONDON","CITY OF LONDON","GREATER LONDON","A","http://landregistry.data.gov.uk/data/ppi/transaction/D707E535-1FB6-0AD9-E053-6B04A8C067CC/current"
"38EDC0C2-9444-0F63-E063-4704A8C00424","445000","2025-01-10","EC4V 3EH","F","N","L","FLAT 407","QUEENS QUAY, 58","UPPER THAMES STREET","","LONDON","CITY OF LONDON","GREATER LONDON","A","http://landregistry.data.gov.uk/data/ppi/transaction/38EDC0C2-9444-0F63-E063-4704A8C00424/current"
"68FEB20B-C192-38DA-E053-6C04A8C051AE","435000","2018-03-02","EC4V 3EH","F","N","L","FLAT 408","QUEENS QUAY, 58","UPPER THAMES STREET","","LONDON","CITY OF LONDON","GREATER LONDON","A","http://landregistry.data.gov.uk/data/ppi/transaction/68FEB20B-C192-38DA-E053-6C04A8C051AE/current"
"402A3A65-74A9-A7DF-E063-4804A8C0B80D","445000","2025-08-21","EC4V 3EH","F","N","L","FLAT 409","QUEENS QUAY, 58","UPPER THAMES STREET","","LONDON","CITY OF LONDON","GREATER LONDON","A","http://landregistry.data.gov.uk/data/ppi/transaction/402A3A65-74A9-A7DF-E063-4804A8C0B80D/current"
"4C1B6740-0862-D8EA-E063-4704A8C0BF7D","450000","2026-01-13","EC4V 3EH","F","N","L","FLAT 411","QUEENS QUAY, 58","UPPER THAMES STREET","","LONDON","CITY OF LONDON","GREATER LONDON","B","http://landregistry.data.gov.uk/data/ppi/transaction/4C1B6740-0862-D8EA-E063-4704A8C0BF7D/current"
"8F1B26BD-F972-53DB-E053-6C04A8C03649","455000","2019-06-21","EC4V 3EH","F","N","L","FLAT 414","QUEENS QUAY, 58","UPPER THAMES STREET","","LONDON","CITY OF LONDON","GREATER LONDON","A","http://landregistry.data.gov.uk/data/ppi/transaction/8F1B26BD-F972-53DB-E053-6C04A8C03649/current"
"5CF9903C-3DF1-7F13-E053-6C04A8C074B1","1150000","2017-09-25","EC4V 3EH","F","N","L","FLAT 419","QUEENS QUAY, 58","UPPER THAMES STREET","","LONDON","CITY OF LONDON","GREATER LONDON","A","http://landregistry.data.gov.uk/data/ppi/transaction/5CF9903C-3DF1-7F13-E053-6C04A8C074B1/current"
"5A9D8B54-B591-68EB-E053-6B04A8C0D293","495000","2017-09-05","EC4V 3EH","F","N","L","FLAT 501","QUEENS QUAY, 58","UPPER THAMES STREET","","LONDON","CITY OF LONDON","GREATER LONDON","A","http://landregistry.data.gov.uk/data/ppi/transaction/5A9D8B54-B591-68EB-E053-6B04A8C0D293/current"
"F3B6C199-1DC7-6E40-E053-6C04A8C0B3B4","480000","2020-11-13","EC4V 3EH","F","N","L","FLAT 503","QUEENS QUAY, 58","UPPER THAMES STREET","","LONDON","CITY OF LONDON","GREATER LONDON","B","http://landregistry.data.gov.uk/data/ppi/transaction/F3B6C199-1DC7-6E40-E053-6C04A8C0B3B4/current"
"0B85394F-8ABA-69A5-E063-4704A8C07DAC","585000","2023-08-31","EC4V 3EH","F","N","L","FLAT 510","QUEENS QUAY, 58","UPPER THAMES STREET","","LONDON","CITY OF LONDON","GREATER LONDON","A","http://landregistry.data.gov.uk/data/ppi/transaction/0B85394F-8ABA-69A5-E063-4704A8C07DAC/current"
"369DFB15-504D-3A19-E050-A8C0620518C6","625000","2016-05-20","EC4V 3EH","F","N","L","FLAT 510","QUEENS QUAY, 58","UPPER THAMES STREET","","LONDON","CITY OF LONDON","GREATER LONDON","A","http://landregistry.data.gov.uk/data/ppi/transaction/369DFB15-504D-3A19-E050-A8C0620518C6/current"
"402A3A66-CF75-A7DF-E063-4804A8C0B80D","478000","2025-09-25","EC4V 3EH","F","N","L","FLAT 511","QUEENS QUAY, 58","UPPER THAMES STREET","","LONDON","CITY OF LONDON","GREATER LONDON","B","http://landregistry.data.gov.uk/data/ppi/transaction/402A3A66-CF75-A7DF-E063-4804A8C0B80D/current"
"31FB4C17-B28A-57B9-E050-A8C063053436","599950","2016-03-31","EC4V 3EH","F","N","L","FLAT 511","QUEENS QUAY, 58","UPPER THAMES STREET","","LONDON","CITY OF LONDON","GREATER LONDON","A","http://landregistry.data.gov.uk/data/ppi/transaction/31FB4C17-B28A-57B9-E050-A8C063053436/current"
"E073986A-BDC6-2134-E053-6C04A8C0233B","420000","2022-03-31","EC4V 3EH","F","N","L","FLAT 516","QUEENS QUAY, 58","UPPER THAMES STREET","","LONDON","CITY OF LONDON","GREATER LONDON","A","http://landregistry.data.gov.uk/data/ppi/transaction/E073986A-BDC6-2134-E053-6C04A8C0233B/current"
"D93B27B1-DE4A-3100-E053-6C04A8C08887","485000","2022-01-19","EC4V 3EH","O","N","L","FLAT 602","QUEENS QUAY, 58","UPPER THAMES STREET","","LONDON","CITY OF LONDON","GREATER LONDON","B","http://landregistry.data.gov.uk/data/ppi/transaction/D93B27B1-DE4A-3100-E053-6C04A8C08887/current"
"CD5A9DCC-2432-310A-E053-6C04A8C00A1F","526000","2021-06-18","EC4V 3EH","F","N","L","FLAT 603","QUEENS QUAY, 58","UPPER THAMES STREET","","LONDON","CITY OF LONDON","GREATER LONDON","A","http://landregistry.data.gov.uk/data/ppi/transaction/CD5A9DCC-2432-310A-E053-6C04A8C00A1F/current"
"5CF9903C-3E0E-7F13-E053-6C04A8C074B1","505000","2017-09-06","EC4V 3EH","F","N","L","FLAT 605","QUEENS QUAY, 58","UPPER THAMES STREET","","LONDON","CITY OF LONDON","GREATER LONDON","A","http://landregistry.data.gov.uk/data/ppi/transaction/5CF9903C-3E0E-7F13-E053-6C04A8C074B1/current"
"3DCCB7CA-3332-5B9D-E063-4704A8C0331E","445000","2025-02-21","EC4V 3EH","F","N","L","FLAT 607","QUEENS QUAY, 58","UPPER THAMES STREET","","LONDON","CITY OF LONDON","GREATER LONDON","A","http://landregistry.data.gov.uk/data/ppi/transaction/3DCCB7CA-3332-5B9D-E063-4704A8C0331E/current"
"EC7AD099-FC28-9200-E053-6C04A8C0E306","515000","2022-09-22","EC4V 3EJ","F","N","L","FLAT 104","QUEENS QUAY, 58","UPPER THAMES STREET","","LONDON","CITY OF LONDON","GREATER LONDON","A","http://landregistry.data.gov.uk/data/ppi/transaction/EC7AD099-FC28-9200-E053-6C04A8C0E306/current"
"0B853950-C4A8-69A5-E063-4704A8C07DAC","460000","2023-09-15","EC4V 3EJ","F","N","L","FLAT 108","QUEENS QUAY, 58","UPPER THAMES STREET","","LONDON","CITY OF LONDON","GREATER LONDON","B","http://landregistry.data.gov.uk/data/ppi/transaction/0B853950-C4A8-69A5-E063-4704A8C07DAC/current"
"6B32222C-79F2-01F1-E053-6C04A8C0D2C8","495500","2018-03-26","EC4V 3EJ","F","N","L","FLAT 114","QUEENS QUAY, 58","UPPER THAMES STREET","","LONDON","CITY OF LONDON","GREATER LONDON","A","http://landregistry.data.gov.uk/data/ppi/transaction/6B32222C-79F2-01F1-E053-6C04A8C0D2C8/current"
"31FB4C17-AC7D-57B9-E050-A8C063053436","470000","2016-02-26","EC4V 3EJ","F","N","L","FLAT 115","QUEENS QUAY, 58","UPPER THAMES STREET","","LONDON","CITY OF LONDON","GREATER LONDON","A","http://landregistry.data.gov.uk/data/ppi/transaction/31FB4C17-AC7D-57B9-E050-A8C063053436/current"
"965B6D92-5185-95E4-E053-6C04A8C07729","950000","2019-09-30","EC4V 3EJ","F","N","L","FLAT 118","QUEENS QUAY, 58","UPPER THAMES STREET","","LONDON","CITY OF LONDON","GREATER LONDON","B","http://landregistry.data.gov.uk/data/ppi/transaction/965B6D92-5185-95E4-E053-6C04A8C07729/current"
"045A1898-8662-9A24-E063-4804A8C048EA","505000","2023-06-29","EC4V 3EJ","F","N","L","FLAT 206","QUEENS QUAY, 58","UPPER THAMES STREET","","LONDON","CITY OF LONDON","GREATER LONDON","A","http://landregistry.data.gov.uk/data/ppi/transaction/045A1898-8662-9A24-E063-4804A8C048EA/current"
"2859C1AC-3E5B-52B4-E063-4804A8C05948","425000","2024-10-30","EC4V 3EJ","F","N","L","FLAT 209","QUEENS QUAY, 58","UPPER THAMES STREET","","LONDON","CITY OF LONDON","GREATER LONDON","A","http://landregistry.data.gov.uk/data/ppi/transaction/2859C1AC-3E5B-52B4-E063-4804A8C05948/current"
"61D8894D-CFEA-3DE6-E053-6C04A8C01207","480000","2017-11-28","EC4V 3EJ","F","N","L","FLAT 214","QUEENS QUAY, 58","UPPER THAMES STREET","","LONDON","CITY OF LONDON","GREATER LONDON","A","http://landregistry.data.gov.uk/data/ppi/transaction/61D8894D-CFEA-3DE6-E053-6C04A8C01207/current"
"C6209F5E-D27E-295E-E053-6C04A8C0DDCC","415000","2021-01-29","EC4V 3EJ","F","N","L","FLAT 216","QUEENS QUAY, 58","UPPER THAMES STREET","","LONDON","CITY OF LONDON","GREATER LONDON","A","http://landregistry.data.gov.uk/data/ppi/transaction/C6209F5E-D27E-295E-E053-6C04A8C0DDCC/current"
"49E87C32-3626-591C-E063-4704A8C00C31","927000","2025-11-19","EC4V 3EJ","F","N","L","FLAT 221","QUEENS QUAY, 58","UPPER THAMES STREET","","LONDON","CITY OF LONDON","GREATER LONDON","A","http://landregistry.data.gov.uk/data/ppi/transaction/49E87C32-3626-591C-E063-4704A8C00C31/current"
"79A74E21-12BD-1289-E053-6B04A8C01627","435000","2018-09-24","EC4V 3EJ","F","N","L","FLAT 305","QUEENS QUAY, 58","UPPER THAMES STREET","","LONDON","CITY OF LONDON","GREATER LONDON","B","http://landregistry.data.gov.uk/data/ppi/transaction/79A74E21-12BD-1289-E053-6B04A8C01627/current"
"402A3A66-2847-A7DF-E063-4804A8C0B80D","398000","2025-07-10","EC4V 3EJ","F","N","L","FLAT 314","QUEENS QUAY, 58","UPPER THAMES STREET","","LONDON","CITY OF LONDON","GREATER LONDON","A","http://landregistry.data.gov.uk/data/ppi/transaction/402A3A66-2847-A7DF-E063-4804A8C0B80D/current"
"68FEB20B-C170-38DA-E053-6C04A8C051AE","438000","2018-03-06","EC4V 3EJ","F","N","L","FLAT 316","QUEENS QUAY, 58","UPPER THAMES STREET","","LONDON","CITY OF LONDON","GREATER LONDON","A","http://landregistry.data.gov.uk/data/ppi/transaction/68FEB20B-C170-38DA-E053-6C04A8C051AE/current"
"06C9F487-98E5-9388-E063-4804A8C0BD98","1088000","2023-08-17","EC4V 3EJ","F","N","L","FLAT 318","QUEENS QUAY, 58","UPPER THAMES STREET","","LONDON","CITY OF LONDON","GREATER LONDON","A","http://landregistry.data.gov.uk/data/ppi/transaction/06C9F487-98E5-9388-E063-4804A8C0BD98/current"
"BEF7EBBF-1DC6-7A76-E053-6B04A8C092F7","960000","2021-01-13","EC4V 3EJ","F","N","L","FLAT 318","QUEENS QUAY, 58","UPPER THAMES STREET","","LONDON","CITY OF LONDON","GREATER LONDON","A","http://landregistry.data.gov.uk/data/ppi/transaction/BEF7EBBF-1DC6-7A76-E053-6B04A8C092F7/current"
"50F18103-CC6E-9FD5-E050-A8C063054923","18000","2017-02-28","EC4V 3PA","O","N","L","BASEMENT LEVEL STORAGE CAGES 5 AND 7","SIR JOHN LYON HOUSE, 8","HIGH TIMBER STREET","","LONDON","CITY OF LONDON","GREATER LONDON","B","http://landregistry.data.gov.uk/data/ppi/transaction/50F18103-CC6E-9FD5-E050-A8C063054923/current"
"EA3278A9-CD71-2676-E053-6B04A8C015F8","400000","2022-07-28","EC4V 3PA","F","N","L","FLAT 1","SIR JOHN LYON HOUSE, 8","HIGH TIMBER STREET","","LONDON","CITY OF LONDON","GREATER LONDON","A","http://landregistry.data.gov.uk/data/ppi/transaction/EA3278A9-CD71-2676-E053-6B04A8C015F8/current"
"A96E4ACC-0AFC-9205-E053-6C04A8C0DA09","1250000","2020-04-07","EC4V 3PA","F","N","L","FLAT 14","SIR JOHN LYON HOUSE, 8","HIGH TIMBER STREET","","LONDON","CITY OF LONDON","GREATER LONDON","A","http://landregistry.data.gov.uk/data/ppi/transaction/A96E4ACC-0AFC-9205-E053-6C04A8C0DA09/current"
"68FEB20B-5EFA-38DA-E053-6C04A8C051AE","600000","2018-01-31","EC4V 3PA","F","N","L","FLAT 18","SIR JOHN LYON HOUSE, 8","HIGH TIMBER STREET","","LONDON","CITY OF LONDON","GREATER LONDON","A","http://landregistry.data.gov.uk/data/ppi/transaction/68FEB20B-5EFA-38DA-E053-6C04A8C051AE/current"
"64342BFE-0FFD-422C-E053-6C04A8C0FB8A","590000","2017-12-13","EC4V 3PA","F","N","L","FLAT 21","SIR JOHN LYON HOUSE, 8","HIGH TIMBER STREET","","LONDON","CITY OF LONDON","GREATER LONDON","A","http://landregistry.data.gov.uk/data/ppi/transaction/64342BFE-0FFD-422C-E053-6C04A8C0FB8A/current"
"61D8894D-D004-3DE6-E053-6C04A8C01207","480000","2017-12-20","EC4V 3PA","F","N","L","FLAT 2B","SIR JOHN LYON HOUSE, 8","HIGH TIMBER STREET","","LONDON","CITY OF LONDON","GREATER LONDON","A","http://landregistry.data.gov.uk/data/ppi/transaction/61D8894D-D004-3DE6-E053-6C04A8C01207/current"
"D707E534-B577-0AD9-E053-6B04A8C067CC","2400000","2021-12-10","EC4V 3PA","F","N","L","FLAT 35","SIR JOHN LYON HOUSE, 8","HIGH TIMBER STREET","","LONDON","CITY OF LONDON","GREATER LONDON","A","http://landregistry.data.gov.uk/data/ppi/transaction/D707E534-B577-0AD9-E053-6B04A8C067CC/current"
"2D1E4B26-335B-FCD1-E050-A8C0630544EC","408000","2016-02-12","EC4V 3PA","F","N","L","FLAT 46","SIR JOHN LYON HOUSE, 8","HIGH TIMBER STREET","","LONDON","CITY OF LONDON","GREATER LONDON","A","http://landregistry.data.gov.uk/data/ppi/transaction/2D1E4B26-335B-FCD1-E050-A8C0630544EC/current"
"F87E72F8-D887-176C-E053-6B04A8C0D2BE","2450000","2023-01-13","EC4V 3PA","F","N","L","FLAT 49","SIR JOHN LYON HOUSE, 8","HIGH TIMBER STREET","","LONDON","CITY OF LONDON","GREATER LONDON","A","http://landregistry.data.gov.uk/data/ppi/transaction/F87E72F8-D887-176C-E053-6B04A8C0D2BE/current"
"965B6D91-45C9-95E4-E053-6C04A8C07729","525000","2019-09-10","EC4V 3PA","F","N","L","FLAT 5","SIR JOHN LYON HOUSE, 8","HIGH TIMBER STREET","","LONDON","CITY OF LONDON","GREATER LONDON","A","http://landregistry.data.gov.uk/data/ppi/transaction/965B6D91-45C9-95E4-E053-6C04A8C07729/current"
"C18F412A-B98A-81A6-E053-6B04A8C0AD18","553000","2021-01-29","EC4V 3PA","F","N","L","FLAT 59","SIR JOHN LYON HOUSE, 8","HIGH TIMBER STREET","","LONDON","CITY OF LONDON","GREATER LONDON","A","http://landregistry.data.gov.uk/data/ppi/transaction/C18F412A-B98A-81A6-E053-6B04A8C0AD18/current"
"C6209F60-31F7-295E-E053-6C04A8C0DDCC","615000","2021-05-13","EC4V 3PA","F","N","L","FLAT 6","SIR JOHN LYON HOUSE, 8","HIGH TIMBER STREET","","LONDON","CITY OF LONDON","GREATER LONDON","B","http://landregistry.data.gov.uk/data/ppi/transaction/C6209F60-31F7-295E-E053-6C04A8C0DDCC/current"
"3E0330EF-A764-8D89-E050-A8C062052140","615000","2016-08-22","EC4V 3PA","F","N","L","FLAT 6","SIR JOHN LYON HOUSE, 8","HIGH TIMBER STREET","","LONDON","CITY OF LONDON","GREATER LONDON","A","http://landregistry.data.gov.uk/data/ppi/transaction/3E0330EF-A764-8D89-E050-A8C062052140/current"
"3B7E0B8F-C021-EA99-E050-A8C062057E77","3835000","2016-05-27","EC4V 3PA","F","N","L","FLAT 60","SIR JOHN LYON HOUSE, 8","HIGH TIMBER STREET","","LONDON","CITY OF LONDON","GREATER LONDON","A","http://landregistry.data.gov.uk/data/ppi/transaction/3B7E0B8F-C021-EA99-E050-A8C062057E77/current"
"50F18103-52B0-9FD5-E050-A8C063054923","775000","2017-05-16","EC4V 3PL","F","N","L","APARTMENT 1","GLOBE VIEW, 10","HIGH TIMBER STREET","","LONDON","CITY OF LONDON","GREATER LONDON","A","http://landregistry.data.gov.uk/data/ppi/transaction/50F18103-52B0-9FD5-E050-A8C063054923/current"
"2ACACE8D-12E3-295E-E063-4804A8C0B0EB","500000","2024-11-29","EC4V 3PL","F","N","L","APARTMENT 15","GLOBE VIEW, 10","HIGH TIMBER STREET","","LONDON","CITY OF LONDON","GREATER LONDON","A","http://landregistry.data.gov.uk/data/ppi/transaction/2ACACE8D-12E3-295E-E063-4804A8C0B0EB/current"
"4C4EDFFF-AAAA-1854-E050-A8C063054F34","570500","2017-02-17","EC4V 3PL","F","N","L","APARTMENT 16","GLOBE VIEW, 10","HIGH TIMBER STREET","","LONDON","CITY OF LONDON","GREATER LONDON","A","http://landregistry.data.gov.uk/data/ppi/transaction/4C4EDFFF-AAAA-1854-E050-A8C063054F34/current"
"3DCCB7CA-32D4-5B9D-E063-4704A8C0331E","485000","2025-06-20","EC4V 3PL","F","N","L","APARTMENT 2","GLOBE VIEW, 10","HIGH TIMBER STREET","","LONDON","CITY OF LONDON","GREATER LONDON","A","http://landregistry.data.gov.uk/data/ppi/transaction/3DCCB7CA-32D4-5B9D-E063-4704A8C0331E/current"
"36A61A94-CDE6-DEF2-E063-4704A8C046AE","610000","2025-05-16","EC4V 3PL","F","N","L","APARTMENT 22","GLOBE VIEW, 10","HIGH TIMBER STREET","","LONDON","CITY OF LONDON","GREATER LONDON","A","http://landregistry.data.gov.uk/data/ppi/transaction/36A61A94-CDE6-DEF2-E063-4704A8C046AE/current"
"61D8894E-25DB-3DE6-E053-6C04A8C01207","470000","2017-11-10","EC4V 3PL","F","N","L","APARTMENT 32","GLOBE VIEW, 10","HIGH TIMBER STREET","","LONDON","CITY OF LONDON","GREATER LONDON","B","http://landregistry.data.gov.uk/data/ppi/transaction/61D8894E-25DB-3DE6-E053-6C04A8C01207/current"
"98C75472-1EA1-72E9-E053-6B04A8C042F0","491000","2019-11-15","EC4V 3PL","F","N","L","APARTMENT 33","GLOBE VIEW, 10","HIGH TIMBER STREET","","LONDON","CITY OF LONDON","GREATER LONDON","A","http://landregistry.data.gov.uk/data/ppi/transaction/98C75472-1EA1-72E9-E053-6B04A8C042F0/current"
"38EDC0C3-2607-0F63-E063-4704A8C00424","425000","2024-04-19","EC4V 3PL","F","N","L","APARTMENT 39","GLOBE VIEW, 10","HIGH TIMBER STREET","","LONDON","CITY OF LONDON","GREATER LONDON","A","http://landregistry.data.gov.uk/data/ppi/transaction/38EDC0C3-2607-0F63-E063-4704A8C00424/current"
"7C2D0700-6833-4963-E053-6B04A8C07B97","575000","2018-11-12","EC4V 3PL","F","N","L","APARTMENT 43","GLOBE VIEW, 10","HIGH TIMBER STREET","","LONDON","CITY OF LONDON","GREATER LONDON","A","http://landregistry.data.gov.uk/data/ppi/transaction/7C2D0700-6833-4963-E053-6B04A8C07B97/current"
"E53EDD2E-055E-83EC-E053-6B04A8C03A59","602100","2022-01-28","EC4V 3PN","F","N","L","APARTMENT 52","GLOBE VIEW, 10","HIGH TIMBER STREET","","LONDON","CITY OF LONDON","GREATER LONDON","A","http://landregistry.data.gov.uk/data/ppi/transaction/E53EDD2E-055E-83EC-E053-6B04A8C03A59/current"
"FFA361DB-073D-8A03-E053-4804A8C01F61","650000","2023-04-21","EC4V 3PN","F","N","L","APARTMENT 54","GLOBE VIEW, 10","HIGH TIMBER STREET","","LONDON","CITY OF LONDON","GREATER LONDON","A","http://landregistry.data.gov.uk/data/ppi/transaction/FFA361DB-073D-8A03-E053-4804A8C01F61/current"
"87E1551E-EAA7-6405-E053-6C04A8C0B2EE","688888","2019-03-15","EC4V 3PN","F","N","L","APARTMENT 56","GLOBE VIEW, 10","HIGH TIMBER STREET","","LONDON","CITY OF LONDON","GREATER LONDON","B","http://landregistry.data.gov.uk/data/ppi/transaction/87E1551E-EAA7-6405-E053-6C04A8C0B2EE/current"
"2131FCF6-4707-86E8-E063-4804A8C0372B","725000","2024-08-12","EC4V 3PN","F","N","L","APARTMENT 57","GLOBE VIEW, 10","HIGH TIMBER STREET","","LONDON","CITY OF LONDON","GREATER LONDON","A","http://landregistry.data.gov.uk/data/ppi/transaction/2131FCF6-4707-86E8-E063-4804A8C0372B/current"
"25E9DA81-26FA-555E-E063-4704A8C066F2","690000","2023-06-30","EC4V 3PN","F","N","L","APARTMENT 58","GLOBE VIEW, 10","HIGH TIMBER STREET","","LONDON","CITY OF LONDON","GREATER LONDON","A","http://landregistry.data.gov.uk/data/ppi/transaction/25E9DA81-26FA-555E-E063-4704A8C066F2/current"
"61D8894E-25CA-3DE6-E053-6C04A8C01207","800000","2017-11-28","EC4V 3PP","F","N","L","APARTMENT 64","GLOBE VIEW, 10","HIGH TIMBER STREET","","LONDON","CITY OF LONDON","GREATER LONDON","A","http://landregistry.data.gov.uk/data/ppi/transaction/61D8894E-25CA-3DE6-E053-6C04A8C01207/current"
"237B17FE-40D5-22AC-E063-4804A8C0EA3A","965000","2023-08-17","EC4V 3PP","F","N","L","APARTMENT 71","GLOBE VIEW, 10","HIGH TIMBER STREET","","LONDON","CITY OF LONDON","GREATER LONDON","A","http://landregistry.data.gov.uk/data/ppi/transaction/237B17FE-40D5-22AC-E063-4804A8C0EA3A/current"
"E53EDD2E-055A-83EC-E053-6B04A8C03A59","710000","2021-01-20","EC4V 3PQ","F","N","L","APARTMENT 75","GLOBE VIEW, 10","HIGH TIMBER STREET","","LONDON","CITY OF LONDON","GREATER LONDON","A","http://landregistry.data.gov.uk/data/ppi/transaction/E53EDD2E-055A-83EC-E053-6B04A8C03A59/current"
"1A0C5C63-820C-7CBE-E063-4804A8C06C96","720000","2024-05-03","EC4V 3PQ","F","N","L","APARTMENT 79","GLOBE VIEW, 10","HIGH TIMBER STREET","","LONDON","CITY OF LONDON","GREATER LONDON","A","http://landregistry.data.gov.uk/data/ppi/transaction/1A0C5C63-820C-7CBE-E063-4804A8C06C96/current"
"D4D42646-11D1-27F6-E053-6C04A8C0A572","695000","2021-01-22","EC4V 3PQ","F","N","L","APARTMENT 80","GLOBE VIEW, 10","HIGH TIMBER STREET","","LONDON","CITY OF LONDON","GREATER LONDON","A","http://landregistry.data.gov.uk/data/ppi/transaction/D4D42646-11D1-27F6-E053-6C04A8C0A572/current"
"61D8894E-25D4-3DE6-E053-6C04A8C01207","1075000","2017-11-28","EC4V 3PQ","F","N","L","APARTMENT 82","GLOBE VIEW, 10","HIGH TIMBER STREET","","LONDON","CITY OF LONDON","GREATER LONDON","A","http://landregistry.data.gov.uk/data/ppi/transaction/61D8894E-25D4-3DE6-E053-6C04A8C01207/current"
"F3B6C198-7EF0-6E40-E053-6C04A8C0B3B4","555000","2022-09-20","EC4V 3PR","F","N","L","APARTMENT 8","GLOBE VIEW, 10","HIGH TIMBER STREET","","LONDON","CITY OF LONDON","GREATER LONDON","A","http://landregistry.data.gov.uk/data/ppi/transaction/F3B6C198-7EF0-6E40-E053-6C04A8C0B3B4/current"
"36A61A94-CDE4-DEF2-E063-4704A8C046AE","595000","2024-08-27","EC4V 3PR","F","N","L","APARTMENT 85","GLOBE VIEW, 10","HIGH TIMBER STREET","","LONDON","CITY OF LONDON","GREATER LONDON","B","http://landregistry.data.gov.uk/data/ppi/transaction/36A61A94-CDE4-DEF2-E063-4704A8C046AE/current"
"42C129E4-E06C-60A9-E063-4804A8C0C25D","655000","2025-10-03","EC4V 3PS","F","N","L","APARTMENT 103","GLOBE VIEW, 10","HIGH TIMBER STREET","","LONDON","CITY OF LONDON","GREATER LONDON","A","http://landregistry.data.gov.uk/data/ppi/transaction/42C129E4-E06C-60A9-E063-4804A8C0C25D/current"
"09266DDB-F178-AF90-E063-4704A8C02087","655000","2023-08-23","EC4V 3PS","F","N","L","APARTMENT 104","GLOBE VIEW, 10","HIGH TIMBER STREET","","LONDON","CITY OF LONDON","GREATER LONDON","A","http://landregistry.data.gov.uk/data/ppi/transaction/09266DDB-F178-AF90-E063-4704A8C02087/current"
"C3C3F9B6-1053-362B-E053-6B04A8C03ACC","1000000","2021-05-12","EC4V 3PS","F","N","L","APARTMENT 107","GLOBE VIEW, 10","HIGH TIMBER STREET","","LONDON","CITY OF LONDON","GREATER LONDON","A","http://landregistry.data.gov.uk/data/ppi/transaction/C3C3F9B6-1053-362B-E053-6B04A8C03ACC/current"
"8A78B2AF-D43D-5CB0-E053-6B04A8C0F504","900000","2019-04-01","EC4V 3PS","F","N","L","APARTMENT 113","GLOBE VIEW, 10","HIGH TIMBER STREET","","LONDON","CITY OF LONDON","GREATER LONDON","A","http://landregistry.data.gov.uk/data/ppi/transaction/8A78B2AF-D43D-5CB0-E053-6B04A8C0F504/current"
"31FB4C17-B12A-57B9-E050-A8C063053436","1280000","2016-03-23","EC4V 3PS","F","N","L","APARTMENT 114","GLOBE VIEW, 10","HIGH TIMBER STREET","","LONDON","CITY OF LONDON","GREATER LONDON","A","http://landregistry.data.gov.uk/data/ppi/transaction/31FB4C17-B12A-57B9-E050-A8C063053436/current"
"44F406B7-44DE-1095-E063-4704A8C048D4","872950","2025-10-24","EC4V 3PS","F","N","L","APARTMENT 124","GLOBE VIEW, 10","HIGH TIMBER STREET","","LONDON","CITY OF LONDON","GREATER LONDON","B","http://landregistry.data.gov.uk/data/ppi/transaction/44F406B7-44DE-1095-E063-4704A8C048D4/current"
"55BDCAE6-4181-521D-E053-6B04A8C0DD7A","1600000","2017-03-01","EC4V 3PS","F","N","L","APARTMENT 134","GLOBE VIEW, 10","HIGH TIMBER STREET","","LONDON","CITY OF LONDON","GREATER LONDON","A","http://landregistry.data.gov.uk/data/ppi/transaction/55BDCAE6-4181-521D-E053-6B04A8C0DD7A/current"
"2F7F2B43-44DB-E08F-E063-4804A8C05A49","620000","2025-01-31","EC4V 3PS","F","N","L","APARTMENT 95","GLOBE VIEW, 10","HIGH TIMBER STREET","","LONDON","CITY OF LONDON","GREATER LONDON","A","http://landregistry.data.gov.uk/data/ppi/transaction/2F7F2B43-44DB-E08F-E063-4804A8C05A49/current"
"2FD36065-D1C3-4BF8-E050-A8C0620562B1","560000","2016-02-26","EC4V 3PS","F","N","L","APARTMENT 95","GLOBE VIEW, 10","HIGH TIMBER STREET","","LONDON","CITY OF LONDON","GREATER LONDON","A","http://landregistry.data.gov.uk/data/ppi/transaction/2FD36065-D1C3-4BF8-E050-A8C0620562B1/current"
"75050A85-FCE7-9A88-E053-6B04A8C02390","440000","2018-05-08","EC4V 3PT","O","N","L","","SAMUEL PEPYS","STEW LANE","","LONDON","CITY OF LONDON","GREATER LONDON","B","http://landregistry.data.gov.uk/data/ppi/transaction/75050A85-FCE7-9A88-E053-6B04A8C02390/current"
"2131FCF6-476F-86E8-E063-4804A8C0372B","385000","2024-07-11","EC4V 3QQ","F","N","L","FLAT 12","NORFOLK HOUSE","TRIG LANE","","LONDON","CITY OF LONDON","GREATER LONDON","A","http://landregistry.data.gov.uk/data/ppi/transaction/2131FCF6-476F-86E8-E063-4804A8C0372B/current"
"4777E0AE-F78F-5D59-E063-4804A8C09F8E","735000","2025-11-20","EC4V 3QQ","F","N","L","FLAT 8","NORFOLK HOUSE","TRIG LANE","","LONDON","CITY OF LONDON","GREATER LONDON","A","http://landregistry.data.gov.uk/data/ppi/transaction/4777E0AE-F78F-5D59-E063-4804A8C09F8E/current"
"38EDC0C3-AEB1-0F63-E063-4704A8C00424","62700000","2025-04-02","EC4V 4AB","O","N","L","LEVEL 3","SENATOR HOUSE, 85","QUEEN VICTORIA STREET","","LONDON","CITY OF LONDON","GREATER LONDON","B","http://landregistry.data.gov.uk/data/ppi/transaction/38EDC0C3-AEB1-0F63-E063-4704A8C00424/current"
"38EDC0C3-AEEC-0F63-E063-4704A8C00424","22696627","2024-03-27","EC4V 4BJ","O","N","L","GROUND FLOOR PREMISES","OLD CHANGE HOUSE, 128","QUEEN VICTORIA STREET","","LONDON","CITY OF LONDON","GREATER LONDON","B","http://landregistry.data.gov.uk/data/ppi/transaction/38EDC0C3-AEEC-0F63-E063-4704A8C00424/current"
"49E87C32-B7D3-591C-E063-4704A8C00C31","2325000","2025-10-23","EC4V 4BY","O","N","F","","148","QUEEN VICTORIA STREET","","LONDON","CITY OF LONDON","GREATER LONDON","B","http://landregistry.data.gov.uk/data/ppi/transaction/49E87C32-B7D3-591C-E063-4704A8C00C31/current"
"9FF0D96A-6823-11ED-E053-6C04A8C06383","2500","2017-12-04","EC4V 4BY","O","N","L","","148A","QUEEN VICTORIA STREET","","LONDON","CITY OF LONDON","GREATER LONDON","B","http://landregistry.data.gov.uk/data/ppi/transaction/9FF0D96A-6823-11ED-E053-6C04A8C06383/current"
"49E87C32-E49B-591C-E063-4704A8C00C31","14501880","2025-10-24","EC4V 5AB","O","N","F","","36","CARTER LANE","","LONDON","CITY OF LONDON","GREATER LONDON","B","http://landregistry.data.gov.uk/data/ppi/transaction/49E87C32-E49B-591C-E063-4704A8C00C31/current"
"98C75472-BCE7-72E9-E053-6B04A8C042F0","337000000","2019-04-04","EC4V 5AE","O","N","F","","35 - 45","CARTER LANE","","LONDON","CITY OF LONDON","GREATER LONDON","B","http://landregistry.data.gov.uk/data/ppi/transaction/98C75472-BCE7-72E9-E053-6B04A8C042F0/current"
"98C75472-BCE6-72E9-E053-6B04A8C042F0","140935000","2019-03-29","EC4V 5AE","O","N","F","","35 - 45","CARTER LANE","","LONDON","CITY OF LONDON","GREATER LONDON","B","http://landregistry.data.gov.uk/data/ppi/transaction/98C75472-BCE6-72E9-E053-6B04A8C042F0/current"
"93E6821F-1B9B-40FD-E053-6B04A8C0C1DF","302401851","2019-03-15","EC4V 5AJ","O","N","L","","10","GODLIMAN STREET","","LONDON","CITY OF LONDON","GREATER LONDON","B","http://landregistry.data.gov.uk/data/ppi/transaction/93E6821F-1B9B-40FD-E053-6B04A8C0C1DF/current"
"EC7AD09A-8B54-9200-E053-6C04A8C0E306","2100000","2022-10-14","EC4V 5AQ","O","N","F","","59","CARTER LANE","","LONDON","CITY OF LONDON","GREATER LONDON","B","http://landregistry.data.gov.uk/data/ppi/transaction/EC7AD09A-8B54-9200-E053-6C04A8C0E306/current"
"42C129E5-6728-60A9-E063-4804A8C0C25D","4205000","2024-08-06","EC4V 5BY","O","N","F","","1","ST ANDREWS HILL","","LONDON","CITY OF LONDON","GREATER LONDON","B","http://landregistry.data.gov.uk/data/ppi/transaction/42C129E5-6728-60A9-E063-4804A8C0C25D/current"
"79A74E21-E459-1289-E053-6B04A8C01627","640000","2018-10-16","EC4V 5BY","F","N","L","FLAT 1","3 - 4","ST ANDREWS HILL","","LONDON","CITY OF LONDON","GREATER LONDON","A","http://landregistry.data.gov.uk/data/ppi/transaction/79A74E21-E459-1289-E053-6B04A8C01627/current"
"FD226035-7993-4CB7-E053-4804A8C00430","1200000","2023-03-31","EC4V 5DE","F","N","L","FLAT 7","31 - 34","ST ANDREWS HILL","","LONDON","CITY OF LONDON","GREATER LONDON","A","http://landregistry.data.gov.uk/data/ppi/transaction/FD226035-7993-4CB7-E053-4804A8C00430/current"
"BEF7EBBF-A9BC-7A76-E053-6B04A8C092F7","4100000","2021-01-15","EC4V 5DE","O","N","F","","36","ST ANDREWS HILL","","LONDON","CITY OF LONDON","GREATER LONDON","B","http://landregistry.data.gov.uk/data/ppi/transaction/BEF7EBBF-A9BC-7A76-E053-6B04A8C092F7/current"
"4E75C29E-2514-8922-E063-4804A8C094D0","2340000","2025-07-03","EC4V 5DR","O","N","F","","2","BURGON STREET","","LONDON","CITY OF LONDON","GREATER LONDON","B","http://landregistry.data.gov.uk/data/ppi/transaction/4E75C29E-2514-8922-E063-4804A8C094D0/current"
"49B7852A-D4EC-7921-E050-A8C063056E8D","2810000","2017-01-09","EC4V 5DR","O","N","F","","2","BURGON STREET","","LONDON","CITY OF LONDON","GREATER LONDON","B","http://landregistry.data.gov.uk/data/ppi/transaction/49B7852A-D4EC-7921-E050-A8C063056E8D/current"
"49B7852A-4A6F-7921-E050-A8C063056E8D","560000","2017-02-15","EC4V 5DT","F","N","L","FLAT 2","PRIORY HOUSE, 5","FRIAR STREET","","LONDON","CITY OF LONDON","GREATER LONDON","A","http://landregistry.data.gov.uk/data/ppi/transaction/49B7852A-4A6F-7921-E050-A8C063056E8D/current"
"8A78B2AF-D438-5CB0-E053-6B04A8C0F504","490000","2019-04-30","EC4V 5DT","F","N","L","FLAT 1","PRIORY HOUSE, 6","FRIAR STREET","","LONDON","CITY OF LONDON","GREATER LONDON","A","http://landregistry.data.gov.uk/data/ppi/transaction/8A78B2AF-D438-5CB0-E053-6B04A8C0F504/current"
"31FB4C17-B11C-57B9-E050-A8C063053436","585000","2016-03-30","EC4V 5DT","F","N","L","FLAT 19","PRIORY HOUSE, 6","FRIAR STREET","","LONDON","CITY OF LONDON","GREATER LONDON","A","http://landregistry.data.gov.uk/data/ppi/transaction/31FB4C17-B11C-57B9-E050-A8C063053436/current"
"3B5CE842-0402-EE3A-E063-4804A8C0D6F1","430000","2025-02-11","EC4V 5DT","F","N","L","FLAT 2","PRIORY HOUSE, 6","FRIAR STREET","","LONDON","CITY OF LONDON","GREATER LONDON","A","http://landregistry.data.gov.uk/data/ppi/transaction/3B5CE842-0402-EE3A-E063-4804A8C0D6F1/current"
"237B17FE-E1E1-22AC-E063-4804A8C0EA3A","842000","2024-08-23","EC4V 5DT","F","N","L","FLAT 22","PRIORY HOUSE, 6","FRIAR STREET","","LONDON","CITY OF LONDON","GREATER LONDON","B","http://landregistry.data.gov.uk/data/ppi/transaction/237B17FE-E1E1-22AC-E063-4804A8C0EA3A/current"
"F3B6C197-A7E4-6E40-E053-6C04A8C0B3B4","925000","2022-07-28","EC4V 5DT","F","N","L","FLAT 3","PRIORY HOUSE, 6","FRIAR STREET","","LONDON","CITY OF LONDON","GREATER LONDON","A","http://landregistry.data.gov.uk/data/ppi/transaction/F3B6C197-A7E4-6E40-E053-6C04A8C0B3B4/current"
"2859C1AC-FDBE-52B4-E063-4804A8C05948","1350000","2023-10-27","EC4V 5EA","O","N","F","","42 - 44","CARTER LANE","","LONDON","CITY OF LONDON","GREATER LONDON","B","http://landregistry.data.gov.uk/data/ppi/transaction/2859C1AC-FDBE-52B4-E063-4804A8C05948/current"
"2859C1AC-FDBD-52B4-E063-4804A8C05948","1350000","2023-10-27","EC4V 5EA","O","N","F","","42 - 44","CARTER LANE","","LONDON","CITY OF LONDON","GREATER LONDON","B","http://landregistry.data.gov.uk/data/ppi/transaction/2859C1AC-FDBD-52B4-E063-4804A8C05948/current"
"2F7F2B43-DBFC-E08F-E063-4804A8C05A49","1050000","2024-11-29","EC4V 5EA","O","N","F","","76","CARTER LANE","","LONDON","CITY OF LONDON","GREATER LONDON","B","http://landregistry.data.gov.uk/data/ppi/transaction/2F7F2B43-DBFC-E08F-E063-4804A8C05A49/current"
"919FEC06-28C2-9A90-E053-6C04A8C0A300","1045000","2019-06-28","EC4V 5EA","O","N","F","","76","CARTER LANE","","LONDON","CITY OF LONDON","GREATER LONDON","B","http://landregistry.data.gov.uk/data/ppi/transaction/919FEC06-28C2-9A90-E053-6C04A8C0A300/current"
"582D0637-EE42-8F22-E053-6C04A8C01BAC","5500000","2017-08-21","EC4V 5EF","O","N","F","","GLADE HOUSE, 52 - 54","CARTER LANE","","LONDON","CITY OF LONDON","GREATER LONDON","B","http://landregistry.data.gov.uk/data/ppi/transaction/582D0637-EE42-8F22-E053-6C04A8C01BAC/current"
"4777E0AE-F7BC-5D59-E063-4804A8C09F8E","878580","2025-12-15","EC4V 5EG","F","N","L","FLAT 1","CATHEDRAL COURT, 68","CARTER LANE","","LONDON","CITY OF LONDON","GREATER LONDON","A","http://landregistry.data.gov.uk/data/ppi/transaction/4777E0AE-F7BC-5D59-E063-4804A8C09F8E/current"
"D4D42646-11D9-27F6-E053-6C04A8C0A572","870000","2021-09-30","EC4V 5EG","F","N","L","FLAT 1","CATHEDRAL COURT, 68","CARTER LANE","","LONDON","CITY OF LONDON","GREATER LONDON","A","http://landregistry.data.gov.uk/data/ppi/transaction/D4D42646-11D9-27F6-E053-6C04A8C0A572/current"
"A96E4ACC-5FD1-9205-E053-6C04A8C0DA09","975000","2020-03-24","EC4V 5EG","F","N","L","FLAT 2","CATHEDRAL COURT, 68","CARTER LANE","","LONDON","CITY OF LONDON","GREATER LONDON","A","http://landregistry.data.gov.uk/data/ppi/transaction/A96E4ACC-5FD1-9205-E053-6C04A8C0DA09/current"
"B5755FFE-9916-7D01-E053-6C04A8C036B6","150000","2019-11-27","EC4V 5EH","O","N","L","","5 - 7","IRELAND YARD","","LONDON","CITY OF LONDON","GREATER LONDON","B","http://landregistry.data.gov.uk/data/ppi/transaction/B5755FFE-9916-7D01-E053-6C04A8C036B6/current"
"237B17FE-409E-22AC-E063-4804A8C0EA3A","474579","2024-09-18","EC4V 5EP","F","N","L","FLAT 4","77","CARTER LANE","","LONDON","CITY OF LONDON","GREATER LONDON","A","http://landregistry.data.gov.uk/data/ppi/transaction/237B17FE-409E-22AC-E063-4804A8C0EA3A/current"
"80E1AA98-66FA-7BF8-E053-6C04A8C00BF2","555000","2018-12-07","EC4V 5EP","F","N","L","FLAT 6","77","CARTER LANE","","LONDON","CITY OF LONDON","GREATER LONDON","A","http://landregistry.data.gov.uk/data/ppi/transaction/80E1AA98-66FA-7BF8-E053-6C04A8C00BF2/current"
"152AB734-01D3-E651-E063-4704A8C061D9","455000","2024-03-08","EC4V 5EP","F","N","L","FLAT 6A","77","CARTER LANE","","LONDON","CITY OF LONDON","GREATER LONDON","A","http://landregistry.data.gov.uk/data/ppi/transaction/152AB734-01D3-E651-E063-4704A8C061D9/current"
"3E0330F0-187E-8D89-E050-A8C062052140","925000","2016-08-01","EC4V 5EP","F","N","L","FLAT 7","77","CARTER LANE","","LONDON","CITY OF LONDON","GREATER LONDON","A","http://landregistry.data.gov.uk/data/ppi/transaction/3E0330F0-187E-8D89-E050-A8C062052140/current"
"F3B6C199-1C9C-6E40-E053-6C04A8C0B3B4","2775000","2022-12-06","EC4V 5EP","O","N","F","","79A","CARTER LANE","","LONDON","CITY OF LONDON","GREATER LONDON","B","http://landregistry.data.gov.uk/data/ppi/transaction/F3B6C199-1C9C-6E40-E053-6C04A8C0B3B4/current"
"BC8936BC-3594-0E2C-E053-6C04A8C0DBF4","1000000","2020-10-29","EC4V 5EP","O","N","F","","79A","CARTER LANE","","LONDON","CITY OF LONDON","GREATER LONDON","B","http://landregistry.data.gov.uk/data/ppi/transaction/BC8936BC-3594-0E2C-E053-6C04A8C0DBF4/current"
"25E9DA81-E63A-555E-E063-4704A8C066F2","23100000","2023-09-25","EC4V 5EQ","O","N","L","","69","CARTER LANE","","LONDON","CITY OF LONDON","GREATER LONDON","B","http://landregistry.data.gov.uk/data/ppi/transaction/25E9DA81-E63A-555E-E063-4704A8C066F2/current"
"49B7852A-DB3B-7921-E050-A8C063056E8D","10900000","2017-02-17","EC4V 5EQ","O","N","L","","71 - 73","CARTER LANE","","LONDON","CITY OF LONDON","GREATER LONDON","B","http://landregistry.data.gov.uk/data/ppi/transaction/49B7852A-DB3B-7921-E050-A8C063056E8D/current"
"6B32222C-FC01-01F1-E053-6C04A8C0D2C8","2172000","2018-03-28","EC4V 5EX","O","N","L","","MINTEL HOUSE","PLAYHOUSE YARD","","LONDON","CITY OF LONDON","GREATER LONDON","B","http://landregistry.data.gov.uk/data/ppi/transaction/6B32222C-FC01-01F1-E053-6C04A8C0D2C8/current"
"6DA0844A-A441-30F2-E053-6B04A8C05F3B","50000","2018-02-12","EC4V 6AB","O","N","L","","5","NEW BRIDGE STREET","","LONDON","CITY OF LONDON","GREATER LONDON","B","http://landregistry.data.gov.uk/data/ppi/transaction/6DA0844A-A441-30F2-E053-6B04A8C05F3B/current"
"666758D7-AAC3-3363-E053-6B04A8C0D74E","19620000","2018-01-22","EC4V 6AG","O","N","F","","16 - 18","NEW BRIDGE STREET","","LONDON","CITY OF LONDON","GREATER LONDON","B","http://landregistry.data.gov.uk/data/ppi/transaction/666758D7-AAC3-3363-E053-6B04A8C0D74E/current"
"1C3E72FF-0835-F410-E063-4804A8C0DFA6","2000000","2024-01-09","EC4V 6AP","O","N","F","","2","BRIDEWELL PLACE","","LONDON","CITY OF LONDON","GREATER LONDON","B","http://landregistry.data.gov.uk/data/ppi/transaction/1C3E72FF-0835-F410-E063-4804A8C0DFA6/current"
"49E87C32-E46E-591C-E063-4704A8C00C31","25200000","2024-12-20","EC4V 6AW","O","N","F","","BRIDEWELL GATE, 9","BRIDEWELL PLACE","","LONDON","CITY OF LONDON","GREATER LONDON","B","http://landregistry.data.gov.uk/data/ppi/transaction/49E87C32-E46E-591C-E063-4704A8C00C31/current"
"2AC10E50-5443-1AF6-E050-A8C063052BA1","40000","2016-01-25","EC4V 6BW","O","N","L","THIRD FLOOR","35 - 38","NEW BRIDGE STREET","","LONDON","CITY OF LONDON","GREATER LONDON","B","http://landregistry.data.gov.uk/data/ppi/transaction/2AC10E50-5443-1AF6-E050-A8C063052BA1/current"
"E2D14906-7441-4C2D-E053-6B04A8C0422B","37105000","2021-12-21","EC4V 6DB","O","N","F","","19","NEW BRIDGE STREET","","LONDON","CITY OF LONDON","GREATER LONDON","B","http://landregistry.data.gov.uk/data/ppi/transaction/E2D14906-7441-4C2D-E053-6B04A8C0422B/current"
"38EDC0C3-AED4-0F63-E063-4704A8C00424","36806150","2024-04-30","EC4V 6DR","O","N","F","ST MARTINS HOUSE","PRIORY COURT","PILGRIM STREET","","LONDON","CITY OF LONDON","GREATER LONDON","B","http://landregistry.data.gov.uk/data/ppi/transaction/38EDC0C3-AED4-0F63-E063-4704A8C00424/current"
"7011B10A-1D76-8ED6-E053-6B04A8C075C1","15000","2018-06-08","EC4V 6DU","O","N","L","UNIT 2","11","LUDGATE BROADWAY","","LONDON","CITY OF LONDON","GREATER LONDON","B","http://landregistry.data.gov.uk/data/ppi/transaction/7011B10A-1D76-8ED6-E053-6B04A8C075C1/current"
"BC8936BB-309D-0E2C-E053-6C04A8C0DBF4","940000","2020-12-02","EC4V 6DX","F","N","L","FLAT 7","7","LUDGATE BROADWAY","","LONDON","CITY OF LONDON","GREATER LONDON","A","http://landregistry.data.gov.uk/data/ppi/transaction/BC8936BB-309D-0E2C-E053-6C04A8C0DBF4/current"
"EED73E76-7E10-6AF3-E053-6C04A8C08ABA","852000","2022-07-08","EC4V 6DX","O","N","L","","7A","LUDGATE BROADWAY","","LONDON","CITY OF LONDON","GREATER LONDON","B","http://landregistry.data.gov.uk/data/ppi/transaction/EED73E76-7E10-6AF3-E053-6C04A8C08ABA/current"
"1A0C5C63-8227-7CBE-E063-4804A8C06C96","1820000","2024-04-26","EC4V 6EP","F","N","L","FLAT 14","33","BLACK FRIARS LANE","","LONDON","CITY OF LONDON","GREATER LONDON","A","http://landregistry.data.gov.uk/data/ppi/transaction/1A0C5C63-8227-7CBE-E063-4804A8C06C96/current"
"B32EBB13-BD43-3C99-E053-6C04A8C09CA1","815000","2020-09-04","EC4V 6EP","F","N","L","FLAT 3","33","BLACK FRIARS LANE","","LONDON","CITY OF LONDON","GREATER LONDON","A","http://landregistry.data.gov.uk/data/ppi/transaction/B32EBB13-BD43-3C99-E053-6C04A8C09CA1/current"
"AE4D86D4-9943-4619-E053-6C04A8C03CD0","2940000","2019-10-16","EC4V 6EP","O","N","L","GROUND FLOOR AND BASEMENT","33","BLACK FRIARS LANE","","LONDON","CITY OF LONDON","GREATER LONDON","B","http://landregistry.data.gov.uk/data/ppi/transaction/AE4D86D4-9943-4619-E053-6C04A8C03CD0/current"
"31C68072-FDB4-FEE3-E063-4804A8C04F37","1000001","2024-05-17","EC4V 6JA","O","N","L","","100","NEW BRIDGE STREET","","LONDON","CITY OF LONDON","GREATER LONDON","B","http://landregistry.data.gov.uk/data/ppi/transaction/31C68072-FDB4-FEE3-E063-4804A8C04F37/current"
"2D4D7609-C5FE-BDF9-E063-4804A8C0672F","2500000","2023-11-22","EC4V 6RN","O","N","L","","11","PILGRIM STREET","","LONDON","CITY OF LONDON","GREATER LONDON","B","http://landregistry.data.gov.uk/data/ppi/transaction/2D4D7609-C5FE-BDF9-E063-4804A8C0672F/current"
"E7B085FD-2124-7E31-E053-6C04A8C0E67F","210775","2021-07-06","EC4Y 0AH","O","N","L","","LOWER GROUND FLOOR, 1","TUDOR STREET","","LONDON","CITY OF LONDON","GREATER LONDON","B","http://landregistry.data.gov.uk/data/ppi/transaction/E7B085FD-2124-7E31-E053-6C04A8C0E67F/current"
"C18F412B-AEDA-81A6-E053-6B04A8C0AD18","30300000","2021-03-25","EC4Y 0AN","O","N","F","","JOHN CARPENTER HOUSE","JOHN CARPENTER STREET","","LONDON","CITY OF LONDON","GREATER LONDON","B","http://landregistry.data.gov.uk/data/ppi/transaction/C18F412B-AEDA-81A6-E053-6B04A8C0AD18/current"
"C8A3A576-6E1F-0425-E053-6C04A8C0947B","661000","2021-05-28","EC4Y 0AY","F","N","L","FLAT 1","24","TUDOR STREET","","LONDON","CITY OF LONDON","GREATER LONDON","A","http://landregistry.data.gov.uk/data/ppi/transaction/C8A3A576-6E1F-0425-E053-6C04A8C0947B/current"
"E2D14905-CB9A-4C2D-E053-6B04A8C0422B","642000","2022-05-13","EC4Y 0AY","F","N","L","FLAT 3","24","TUDOR STREET","","LONDON","CITY OF LONDON","GREATER LONDON","A","http://landregistry.data.gov.uk/data/ppi/transaction/E2D14905-CB9A-4C2D-E053-6B04A8C0422B/current"
"36A61A95-3917-DEF2-E063-4704A8C046AE","5000","2024-06-28","EC4Y 0AY","O","N","L","","24","TUDOR STREET","","LONDON","CITY OF LONDON","GREATER LONDON","B","http://landregistry.data.gov.uk/data/ppi/transaction/36A61A95-3917-DEF2-E063-4704A8C046AE/current"
"453D27A3-D86F-EF91-E050-A8C0630574D7","3500","2016-11-04","EC4Y 0DB","O","N","L","ROOMS 35 & 36","TEMPLE CHAMBERS","TEMPLE AVENUE","","LONDON","CITY OF LONDON","GREATER LONDON","B","http://landregistry.data.gov.uk/data/ppi/transaction/453D27A3-D86F-EF91-E050-A8C0630574D7/current"
"1A0C5C63-8232-7CBE-E063-4804A8C06C96","845000","2024-05-03","EC4Y 0DD","F","N","L","APARTMENT 12","VICTORIA HOUSE, 25","TUDOR STREET","","LONDON","CITY OF LONDON","GREATER LONDON","A","http://landregistry.data.gov.uk/data/ppi/transaction/1A0C5C63-8232-7CBE-E063-4804A8C06C96/current"
"50D10B84-3D60-B8D0-E063-4704A8C08D98","823000","2026-03-30","EC4Y 0DD","F","N","L","APARTMENT 13","VICTORIA HOUSE, 25","TUDOR STREET","","LONDON","CITY OF LONDON","GREATER LONDON","A","http://landregistry.data.gov.uk/data/ppi/transaction/50D10B84-3D60-B8D0-E063-4704A8C08D98/current"
"0B853950-3623-69A5-E063-4704A8C07DAC","1125000","2023-09-22","EC4Y 0DD","F","N","L","APARTMENT 15","VICTORIA HOUSE, 25","TUDOR STREET","","LONDON","CITY OF LONDON","GREATER LONDON","A","http://landregistry.data.gov.uk/data/ppi/transaction/0B853950-3623-69A5-E063-4704A8C07DAC/current"
"7011B109-A666-8ED6-E053-6B04A8C075C1","810000","2018-05-17","EC4Y 0DD","F","N","L","APARTMENT 18","VICTORIA HOUSE, 25","TUDOR STREET","","LONDON","CITY OF LONDON","GREATER LONDON","A","http://landregistry.data.gov.uk/data/ppi/transaction/7011B109-A666-8ED6-E053-6B04A8C075C1/current"
"C6209F60-43BA-295E-E053-6C04A8C0DDCC","910000","2021-03-30","EC4Y 0DD","F","N","L","APARTMENT 19","VICTORIA HOUSE, 25","TUDOR STREET","","LONDON","CITY OF LONDON","GREATER LONDON","B","http://landregistry.data.gov.uk/data/ppi/transaction/C6209F60-43BA-295E-E053-6C04A8C0DDCC/current"
"4C4EDFFF-AAED-1854-E050-A8C063054F34","940000","2017-02-27","EC4Y 0DD","F","N","L","APARTMENT 2","VICTORIA HOUSE, 25","TUDOR STREET","","LONDON","CITY OF LONDON","GREATER LONDON","A","http://landregistry.data.gov.uk/data/ppi/transaction/4C4EDFFF-AAED-1854-E050-A8C063054F34/current"
"8A78B2AF-D470-5CB0-E053-6B04A8C0F504","1118000","2018-10-03","EC4Y 0DD","F","N","L","APARTMENT 22","VICTORIA HOUSE, 25","TUDOR STREET","","LONDON","CITY OF LONDON","GREATER LONDON","A","http://landregistry.data.gov.uk/data/ppi/transaction/8A78B2AF-D470-5CB0-E053-6B04A8C0F504/current"
"045A1898-D63B-9A24-E063-4804A8C048EA","940000","2023-07-25","EC4Y 0DD","F","N","L","APARTMENT 25","VICTORIA HOUSE, 25","TUDOR STREET","","LONDON","CITY OF LONDON","GREATER LONDON","A","http://landregistry.data.gov.uk/data/ppi/transaction/045A1898-D63B-9A24-E063-4804A8C048EA/current"
"EED73E75-E946-6AF3-E053-6C04A8C08ABA","885000","2022-09-16","EC4Y 0DD","F","N","L","APARTMENT 26","VICTORIA HOUSE, 25","TUDOR STREET","","LONDON","CITY OF LONDON","GREATER LONDON","A","http://landregistry.data.gov.uk/data/ppi/transaction/EED73E75-E946-6AF3-E053-6C04A8C08ABA/current"
"09266DDB-F1B6-AF90-E063-4704A8C02087","925000","2023-09-27","EC4Y 0DD","F","N","L","APARTMENT 27","VICTORIA HOUSE, 25","TUDOR STREET","","LONDON","CITY OF LONDON","GREATER LONDON","A","http://landregistry.data.gov.uk/data/ppi/transaction/09266DDB-F1B6-AF90-E063-4704A8C02087/current"
"8A78B2AF-D471-5CB0-E053-6B04A8C0F504","935000","2019-04-29","EC4Y 0DD","F","N","L","APARTMENT 3","VICTORIA HOUSE, 25","TUDOR STREET","","LONDON","CITY OF LONDON","GREATER LONDON","A","http://landregistry.data.gov.uk/data/ppi/transaction/8A78B2AF-D471-5CB0-E053-6B04A8C0F504/current"
"49E87C32-35E8-591C-E063-4704A8C00C31","870000","2026-01-16","EC4Y 0DD","F","N","L","APARTMENT 6","VICTORIA HOUSE, 25","TUDOR STREET","","LONDON","CITY OF LONDON","GREATER LONDON","A","http://landregistry.data.gov.uk/data/ppi/transaction/49E87C32-35E8-591C-E063-4704A8C00C31/current"
"25E9DA81-2748-555E-E063-4704A8C066F2","975000","2024-05-24","EC4Y 0DD","F","N","L","APARTMENT 9","VICTORIA HOUSE, 25","TUDOR STREET","","LONDON","CITY OF LONDON","GREATER LONDON","A","http://landregistry.data.gov.uk/data/ppi/transaction/25E9DA81-2748-555E-E063-4704A8C066F2/current"
"D93B27B1-188D-3100-E053-6C04A8C08887","880000","2021-09-29","EC4Y 0DF","F","N","L","APARTMENT 12","TEMPLE HOUSE, 6","TEMPLE AVENUE","","LONDON","CITY OF LONDON","GREATER LONDON","A","http://landregistry.data.gov.uk/data/ppi/transaction/D93B27B1-188D-3100-E053-6C04A8C08887/current"
"31FB4C17-B1E7-57B9-E050-A8C063053436","950000","2016-02-03","EC4Y 0DF","F","N","L","APARTMENT 23","TEMPLE HOUSE, 6","TEMPLE AVENUE","","LONDON","CITY OF LONDON","GREATER LONDON","A","http://landregistry.data.gov.uk/data/ppi/transaction/31FB4C17-B1E7-57B9-E050-A8C063053436/current"
"12A8BAB6-7037-2125-E063-4804A8C08CC1","1250000","2023-10-18","EC4Y 0DF","F","N","L","APARTMENT 25","TEMPLE HOUSE, 6","TEMPLE AVENUE","","LONDON","CITY OF LONDON","GREATER LONDON","A","http://landregistry.data.gov.uk/data/ppi/transaction/12A8BAB6-7037-2125-E063-4804A8C08CC1/current"
"CFC9085C-DC4A-9A70-E053-6B04A8C09D6A","865000","2021-06-10","EC4Y 0DF","F","N","L","APARTMENT 3","TEMPLE HOUSE, 6","TEMPLE AVENUE","","LONDON","CITY OF LONDON","GREATER LONDON","A","http://landregistry.data.gov.uk/data/ppi/transaction/CFC9085C-DC4A-9A70-E053-6B04A8C09D6A/current"
"E2D14905-CC2C-4C2D-E053-6B04A8C0422B","950000","2021-12-17","EC4Y 0DF","F","N","L","APARTMENT 6","TEMPLE HOUSE, 6","TEMPLE AVENUE","","LONDON","CITY OF LONDON","GREATER LONDON","A","http://landregistry.data.gov.uk/data/ppi/transaction/E2D14905-CC2C-4C2D-E053-6B04A8C0422B/current"
"404A5AF4-4E40-CD2B-E050-A8C063055C7B","50184854","2016-09-26","EC4Y 0DS","O","N","L","","AUDIT HOUSE, 58","VICTORIA EMBANKMENT","","LONDON","CITY OF LONDON","GREATER LONDON","B","http://landregistry.data.gov.uk/data/ppi/transaction/404A5AF4-4E40-CD2B-E050-A8C063055C7B/current"
"68FEB20C-5D25-38DA-E053-6C04A8C051AE","15300000","2018-02-19","EC4Y 0DZ","O","N","F","","SION HALL, 56","VICTORIA EMBANKMENT","","LONDON","CITY OF LONDON","GREATER LONDON","B","http://landregistry.data.gov.uk/data/ppi/transaction/68FEB20C-5D25-38DA-E053-6C04A8C051AE/current"
"75050A85-FCED-9A88-E053-6B04A8C02390","21660000","2018-05-24","EC4Y 0HA","O","N","L","","HAMILTON HOUSE, 1","TEMPLE AVENUE","","LONDON","CITY OF LONDON","GREATER LONDON","B","http://landregistry.data.gov.uk/data/ppi/transaction/75050A85-FCED-9A88-E053-6B04A8C02390/current"
"EED73E76-7ED1-6AF3-E053-6C04A8C08ABA","33000000","2021-12-17","EC4Y 0HP","O","N","L","","TEMPLE CHAMBERS, 3 - 7","TEMPLE AVENUE","","LONDON","CITY OF LONDON","GREATER LONDON","B","http://landregistry.data.gov.uk/data/ppi/transaction/EED73E76-7ED1-6AF3-E053-6C04A8C08ABA/current"
"FAC30767-DA8A-5E20-E053-4704A8C004EE","2600000","2023-03-24","EC4Y 1AA","O","N","F","","17","FLEET STREET","","LONDON","CITY OF LONDON","GREATER LONDON","B","http://landregistry.data.gov.uk/data/ppi/transaction/FAC30767-DA8A-5E20-E053-4704A8C004EE/current"
"38EDC0C3-25ED-0F63-E063-4704A8C00424","1700000","2025-01-16","EC4Y 1AA","F","N","L","FOURTH FLOOR FLAT 4","18 - 19","FLEET STREET","","LONDON","CITY OF LONDON","GREATER LONDON","A","http://landregistry.data.gov.uk/data/ppi/transaction/38EDC0C3-25ED-0F63-E063-4704A8C00424/current"
"1775CCF7-68D3-38BA-E063-4704A8C05A7C","685000","2024-03-18","EC4Y 1AA","F","N","L","SECOND FLOOR FLAT 2B","18 - 19","FLEET STREET","","LONDON","CITY OF LONDON","GREATER LONDON","A","http://landregistry.data.gov.uk/data/ppi/transaction/1775CCF7-68D3-38BA-E063-4704A8C05A7C/current"
"2D1E4B26-96D2-FCD1-E050-A8C0630544EC","1093205","2016-01-28","EC4Y 1AA","F","N","L","THIRD FLOOR FLAT 3A","18 - 19","FLEET STREET","","LONDON","CITY OF LONDON","GREATER LONDON","A","http://landregistry.data.gov.uk/data/ppi/transaction/2D1E4B26-96D2-FCD1-E050-A8C0630544EC/current"
"C6209F60-2452-295E-E053-6C04A8C0DDCC","23799999","2021-03-19","EC4Y 1AA","O","N","F","","TEMPLE BAR HOUSE 23-28","FLEET STREET","","LONDON","CITY OF LONDON","GREATER LONDON","B","http://landregistry.data.gov.uk/data/ppi/transaction/C6209F60-2452-295E-E053-6C04A8C0DDCC/current"
"237B17FE-DB50-22AC-E063-4804A8C0EA3A","4510000","2023-03-31","EC4Y 1AA","O","N","F","","29","FLEET STREET","","LONDON","CITY OF LONDON","GREATER LONDON","B","http://landregistry.data.gov.uk/data/ppi/transaction/237B17FE-DB50-22AC-E063-4804A8C0EA3A/current"
"75050A85-FC47-9A88-E053-6B04A8C02390","43000","2018-07-12","EC4Y 1BT","O","N","L","","33","FLEET STREET","","LONDON","CITY OF LONDON","GREATER LONDON","B","http://landregistry.data.gov.uk/data/ppi/transaction/75050A85-FC47-9A88-E053-6B04A8C02390/current"
"5F54B81E-0E62-2B45-E053-6B04A8C01FB0","57000","2017-11-13","EC4Y 1BT","O","N","L","","33","FLEET STREET","","LONDON","CITY OF LONDON","GREATER LONDON","B","http://landregistry.data.gov.uk/data/ppi/transaction/5F54B81E-0E62-2B45-E053-6B04A8C01FB0/current"
"31FB4C18-531E-57B9-E050-A8C063053436","1650000","2016-03-15","EC4Y 1DH","O","N","L","BASEMENT AND GROUND FLOORS","88","FLEET STREET","","LONDON","CITY OF LONDON","GREATER LONDON","B","http://landregistry.data.gov.uk/data/ppi/transaction/31FB4C18-531E-57B9-E050-A8C063053436/current"
"68FEB20C-400C-38DA-E053-6C04A8C051AE","116960","2017-11-29","EC4Y 1DH","O","N","L","FIFTH AND SIXTH FLOOR PREMISES","90 - 94","FLEET STREET","","LONDON","CITY OF LONDON","GREATER LONDON","B","http://landregistry.data.gov.uk/data/ppi/transaction/68FEB20C-400C-38DA-E053-6C04A8C051AE/current"
"7C2D0701-191E-4963-E053-6B04A8C07B97","26830000","2018-11-15","EC4Y 1EU","O","N","F","","69","FLEET STREET","","LONDON","CITY OF LONDON","GREATER LONDON","B","http://landregistry.data.gov.uk/data/ppi/transaction/7C2D0701-191E-4963-E053-6B04A8C07B97/current"
"5376B386-3D33-34C1-E053-6B04A8C09FF6","1787277","2017-06-07","EC4Y 1JU","O","N","L","","53","FLEET STREET","","LONDON","CITY OF LONDON","GREATER LONDON","B","http://landregistry.data.gov.uk/data/ppi/transaction/5376B386-3D33-34C1-E053-6B04A8C09FF6/current"
"666758D7-9147-3363-E053-6B04A8C0D74E","920000","2017-07-06","EC4Y 1JU","F","N","L","FLAT 1","53A","FLEET STREET","","LONDON","CITY OF LONDON","GREATER LONDON","B","http://landregistry.data.gov.uk/data/ppi/transaction/666758D7-9147-3363-E053-6B04A8C0D74E/current"
"5A9D8B56-035D-68EB-E053-6B04A8C0D293","585000","2017-06-07","EC4Y 1JU","O","N","L","FLAT 2","53A","FLEET STREET","","LONDON","CITY OF LONDON","GREATER LONDON","B","http://landregistry.data.gov.uk/data/ppi/transaction/5A9D8B56-035D-68EB-E053-6B04A8C0D293/current"
"6DA08449-8F1A-30F2-E053-6B04A8C05F3B","950000","2017-09-05","EC4Y 1JU","F","N","L","FLAT 3","53A","FLEET STREET","","LONDON","CITY OF LONDON","GREATER LONDON","A","http://landregistry.data.gov.uk/data/ppi/transaction/6DA08449-8F1A-30F2-E053-6B04A8C05F3B/current"
"666758D6-73F8-3363-E053-6B04A8C0D74E","915000","2017-10-20","EC4Y 1JU","F","N","L","FLAT 4","53A","FLEET STREET","","LONDON","CITY OF LONDON","GREATER LONDON","A","http://landregistry.data.gov.uk/data/ppi/transaction/666758D6-73F8-3363-E053-6B04A8C0D74E/current"
"666758D6-74E3-3363-E053-6B04A8C0D74E","1315000","2018-01-12","EC4Y 1JU","F","N","L","FLAT 5","53A","FLEET STREET","","LONDON","CITY OF LONDON","GREATER LONDON","A","http://landregistry.data.gov.uk/data/ppi/transaction/666758D6-74E3-3363-E053-6B04A8C0D74E/current"
"01EB45F0-8FFE-40F3-E063-4704A8C05FDE","2325000","2021-08-20","EC4Y 1JU","O","N","F","","55","FLEET STREET","","LONDON","CITY OF LONDON","GREATER LONDON","B","http://landregistry.data.gov.uk/data/ppi/transaction/01EB45F0-8FFE-40F3-E063-4704A8C05FDE/current"
"453D27A3-E105-EF91-E050-A8C0630574D7","2125000","2016-11-30","EC4Y 1JU","T","N","F","","55","FLEET STREET","","LONDON","CITY OF LONDON","GREATER LONDON","B","http://landregistry.data.gov.uk/data/ppi/transaction/453D27A3-E105-EF91-E050-A8C0630574D7/current"
"98C75472-A0AF-72E9-E053-6B04A8C042F0","150000","2019-10-09","EC4Y 1JU","O","N","L","","60","FLEET STREET","","LONDON","CITY OF LONDON","GREATER LONDON","B","http://landregistry.data.gov.uk/data/ppi/transaction/98C75472-A0AF-72E9-E053-6B04A8C042F0/current"
"79A74E22-7CCC-1289-E053-6B04A8C01627","60000","2018-10-15","EC4Y 1JU","O","N","L","GROUND FLOOR","61","FLEET STREET","","LONDON","CITY OF LONDON","GREATER LONDON","B","http://landregistry.data.gov.uk/data/ppi/transaction/79A74E22-7CCC-1289-E053-6B04A8C01627/current"
"4777E0AF-9B6F-5D59-E063-4804A8C09F8E","645000","2025-12-02","EC4Y 1JU","O","N","L","","62","FLEET STREET","","LONDON","CITY OF LONDON","GREATER LONDON","B","http://landregistry.data.gov.uk/data/ppi/transaction/4777E0AF-9B6F-5D59-E063-4804A8C09F8E/current"
"50F18103-CBD6-9FD5-E050-A8C063054923","5000","2017-05-30","EC4Y 1JU","O","N","L","","62","FLEET STREET","","LONDON","CITY OF LONDON","GREATER LONDON","B","http://landregistry.data.gov.uk/data/ppi/transaction/50F18103-CBD6-9FD5-E050-A8C063054923/current"
"4C4EE000-500B-1854-E050-A8C063054F34","828000","2017-03-06","EC4Y 1JU","O","N","L","","62","FLEET STREET","","LONDON","CITY OF LONDON","GREATER LONDON","B","http://landregistry.data.gov.uk/data/ppi/transaction/4C4EE000-500B-1854-E050-A8C063054F34/current"
"5F54B81E-0FCB-2B45-E053-6B04A8C01FB0","75860","2017-09-29","EC4Y 7DX","O","N","L","GROUND FLOOR NORTH & SECOND FLOOR SOUTH","9","KINGS BENCH WALK","","LONDON","CITY OF LONDON","GREATER LONDON","B","http://landregistry.data.gov.uk/data/ppi/transaction/5F54B81E-0FCB-2B45-E053-6B04A8C01FB0/current"
"5F54B81E-0FC9-2B45-E053-6B04A8C01FB0","37140","2017-09-29","EC4Y 7DX","O","N","L","GROUND FLOOR SOUTH","9","KINGS BENCH WALK","","LONDON","CITY OF LONDON","GREATER LONDON","B","http://landregistry.data.gov.uk/data/ppi/transaction/5F54B81E-0FC9-2B45-E053-6B04A8C01FB0/current"
"5F54B81E-0FCA-2B45-E053-6B04A8C01FB0","227590","2017-09-29","EC4Y 7EB","O","N","L","","10","KINGS BENCH WALK","","LONDON","CITY OF LONDON","GREATER LONDON","B","http://landregistry.data.gov.uk/data/ppi/transaction/5F54B81E-0FCA-2B45-E053-6B04A8C01FB0/current"
"DBA933FA-5BC3-669D-E053-6B04A8C0AD56","823912","2021-11-29","EC4Y 8AD","O","N","L","FLAT 6","4 - 7","LOMBARD LANE","","LONDON","CITY OF LONDON","GREATER LONDON","B","http://landregistry.data.gov.uk/data/ppi/transaction/DBA933FA-5BC3-669D-E053-6B04A8C0AD56/current"
"1EAE3DF7-6B3D-9EB1-E063-4704A8C09D02","84600","2024-04-03","EC4Y 8AD","O","N","F","ROOF AND AIR SPACE","4 - 7","LOMBARD LANE","","LONDON","CITY OF LONDON","GREATER LONDON","B","http://landregistry.data.gov.uk/data/ppi/transaction/1EAE3DF7-6B3D-9EB1-E063-4704A8C09D02/current"
"0E082197-6091-5C09-E063-4704A8C0A10E","350000","2023-10-14","EC4Y 8AD","O","N","L","ROOF AND AIR SPACE","4 - 7","LOMBARD LANE","","LONDON","CITY OF LONDON","GREATER LONDON","B","http://landregistry.data.gov.uk/data/ppi/transaction/0E082197-6091-5C09-E063-4704A8C0A10E/current"
"98C75472-BCCC-72E9-E053-6B04A8C042F0","102500","2019-11-28","EC4Y 8AD","O","N","F","ROOF AND AIR SPACE","4 - 7","LOMBARD LANE","","LONDON","CITY OF LONDON","GREATER LONDON","B","http://landregistry.data.gov.uk/data/ppi/transaction/98C75472-BCCC-72E9-E053-6B04A8C042F0/current"
"01EB45F0-966E-40F3-E063-4704A8C05FDE","32350000","2023-03-24","EC4Y 8AX","O","N","F","","6","BOUVERIE STREET","","LONDON","CITY OF LONDON","GREATER LONDON","B","http://landregistry.data.gov.uk/data/ppi/transaction/01EB45F0-966E-40F3-E063-4704A8C05FDE/current"
"5F54B81E-2C6D-2B45-E053-6B04A8C01FB0","48025000","2017-10-26","EC4Y 8AX","O","N","F","","6","BOUVERIE STREET","","LONDON","CITY OF LONDON","GREATER LONDON","B","http://landregistry.data.gov.uk/data/ppi/transaction/5F54B81E-2C6D-2B45-E053-6B04A8C01FB0/current"
"582D0637-F336-8F22-E053-6C04A8C01BAC","250000","2017-06-26","EC4Y 8DP","O","N","F","","11 - 12","BOUVERIE STREET","","LONDON","CITY OF LONDON","GREATER LONDON","B","http://landregistry.data.gov.uk/data/ppi/transaction/582D0637-F336-8F22-E053-6C04A8C01BAC/current"
"4E95D758-281C-EDA1-E050-A8C0630539E2","1000000","2017-03-28","EC4Y 8DU","O","N","L","","4","BRIDE COURT","","LONDON","CITY OF LONDON","GREATER LONDON","B","http://landregistry.data.gov.uk/data/ppi/transaction/4E95D758-281C-EDA1-E050-A8C0630539E2/current"
"C3C3F9B6-AF7D-362B-E053-6B04A8C03ACC","32849687","2021-03-10","EC4Y 8EN","O","N","F","","3","DORSET RISE","","LONDON","CITY OF LONDON","GREATER LONDON","B","http://landregistry.data.gov.uk/data/ppi/transaction/C3C3F9B6-AF7D-362B-E053-6B04A8C03ACC/current"
"4E75C29E-253D-8922-E063-4804A8C094D0","22850000","2025-03-31","EC4Y 8JD","O","N","F","","ST. BRIDES HOUSE, 10","SALISBURY SQUARE","","LONDON","CITY OF LONDON","GREATER LONDON","B","http://landregistry.data.gov.uk/data/ppi/transaction/4E75C29E-253D-8922-E063-4804A8C094D0/current"
"2F7F2B43-BF76-E08F-E063-4804A8C05A49","5100000","2024-03-28","EC4Y 8JJ","O","N","F","","HANGING SWORD HOUSE, 21","WHITEFRIARS STREET","","LONDON","CITY OF LONDON","GREATER LONDON","B","http://landregistry.data.gov.uk/data/ppi/transaction/2F7F2B43-BF76-E08F-E063-4804A8C05A49/current"
"01EB45EF-6700-40F3-E063-4704A8C05FDE","522500","2021-03-31","N4 2XQ","F","Y","L","FLAT 235","WILLOWBROOK HOUSE","COSTER AVENUE","","LONDON","CITY OF LONDON","GREATER LONDON","A","http://landregistry.data.gov.uk/data/ppi/transaction/01EB45EF-6700-40F3-E063-4704A8C05FDE/current"
"44F406B6-1540-1095-E063-4704A8C048D4","432000","2024-12-18","NW2 8AD","F","Y","L","FLAT 6","18","RIBBON LANE","","LONDON","CITY OF LONDON","GREATER LONDON","A","http://landregistry.data.gov.uk/data/ppi/transaction/44F406B6-1540-1095-E063-4704A8C048D4/current"
"79A74E22-9BF4-1289-E053-6B04A8C01627","17100000","2018-09-28","NW6 6AG","O","N","F","","99","BRONDESBURY VILLAS","","LONDON","CITY OF LONDON","GREATER LONDON","B","http://landregistry.data.gov.uk/data/ppi/transaction/79A74E22-9BF4-1289-E053-6B04A8C01627/current"
"38EDC0C3-263A-0F63-E063-4704A8C00424","2036000","2024-12-16","SW1P 4PS","T","N","F","","31","PONSONBY PLACE","","LONDON","CITY OF LONDON","GREATER LONDON","A","http://landregistry.data.gov.uk/data/ppi/transaction/38EDC0C3-263A-0F63-E063-4704A8C00424/current"
"4777E0AE-F744-5D59-E063-4804A8C09F8E","900000","2025-07-04","W1H 4HE","F","N","L","FLAT 13","CHARTER COURT, 16A","HARCOURT STREET","","LONDON","CITY OF LONDON","GREATER LONDON","A","http://landregistry.data.gov.uk/data/ppi/transaction/4777E0AE-F744-5D59-E063-4804A8C09F8E/current"
"8355F009-B3C6-55C5-E053-6B04A8C0D090","76037656","2018-08-17","WC1V 7PU","O","N","F","","319","HIGH HOLBORN","","LONDON","CITY OF LONDON","GREATER LONDON","B","http://landregistry.data.gov.uk/data/ppi/transaction/8355F009-B3C6-55C5-E053-6B04A8C0D090/current"
"68FEB20C-4013-38DA-E053-6C04A8C051AE","156000","2016-06-07","WC1V 7PU","O","N","L","","320","HIGH HOLBORN","","LONDON","CITY OF LONDON","GREATER LONDON","B","http://landregistry.data.gov.uk/data/ppi/transaction/68FEB20C-4013-38DA-E053-6C04A8C051AE/current"
"369DFB16-7C60-3A19-E050-A8C0620518C6","15000","2016-06-01","WC1V 7PX","O","N","L","","STAPLE INN BUILDINGS NORTH, 335","HIGH HOLBORN","","LONDON","CITY OF LONDON","GREATER LONDON","B","http://landregistry.data.gov.uk/data/ppi/transaction/369DFB16-7C60-3A19-E050-A8C0620518C6/current"
"55BDCAE6-D24C-521D-E053-6B04A8C0DD7A","55000","2017-05-15","WC2A 1AB","O","N","L","UNIT 7","70","CHANCERY LANE","","LONDON","CITY OF LONDON","GREATER LONDON","B","http://landregistry.data.gov.uk/data/ppi/transaction/55BDCAE6-D24C-521D-E053-6B04A8C0DD7A/current"
"8355F009-CF1A-55C5-E053-6B04A8C0D090","76037656","2018-08-17","WC2A 1AP","O","N","F","","44","SOUTHAMPTON BUILDINGS","","LONDON","CITY OF LONDON","GREATER LONDON","B","http://landregistry.data.gov.uk/data/ppi/transaction/8355F009-CF1A-55C5-E053-6B04A8C0D090/current"
"68FEB20C-5D51-38DA-E053-6C04A8C051AE","170105","2018-03-23","WC2A 1AP","O","N","L","","44","SOUTHAMPTON BUILDINGS","","LONDON","CITY OF LONDON","GREATER LONDON","B","http://landregistry.data.gov.uk/data/ppi/transaction/68FEB20C-5D51-38DA-E053-6C04A8C051AE/current"
"A2479555-C437-74C7-E053-6B04A8C0887D","121254435","2020-02-20","WC2A 1JA","O","N","L","","40","CHANCERY LANE","","LONDON","CITY OF LONDON","GREATER LONDON","B","http://landregistry.data.gov.uk/data/ppi/transaction/A2479555-C437-74C7-E053-6B04A8C0887D/current"
"B0A9D11B-F8FC-4C1F-E053-6C04A8C0D716","144000","2020-08-28","WC2A 1JE","O","N","L","","46","CHANCERY LANE","","LONDON","CITY OF LONDON","GREATER LONDON","B","http://landregistry.data.gov.uk/data/ppi/transaction/B0A9D11B-F8FC-4C1F-E053-6C04A8C0D716/current"
"09266DDC-62BD-AF90-E063-4704A8C02087","45183087","2022-04-05","WC2A 1LA","O","N","F","","22","CHANCERY LANE","","LONDON","CITY OF LONDON","GREATER LONDON","B","http://landregistry.data.gov.uk/data/ppi/transaction/09266DDC-62BD-AF90-E063-4704A8C02087/current"
"666758D7-8F84-3363-E053-6B04A8C0D74E","75972945","2018-02-13","WC2A 1LG","O","N","F","","5","CHANCERY LANE","","LONDON","CITY OF LONDON","GREATER LONDON","B","http://landregistry.data.gov.uk/data/ppi/transaction/666758D7-8F84-3363-E053-6B04A8C0D74E/current"
"68FEB20B-C115-38DA-E053-6C04A8C051AE","640000","2018-02-22","WC2A 1LS","F","N","L","FLAT 3","24","CHANCERY LANE","","LONDON","CITY OF LONDON","GREATER LONDON","A","http://landregistry.data.gov.uk/data/ppi/transaction/68FEB20B-C115-38DA-E053-6C04A8C051AE/current"
"1775CCF7-68FC-38BA-E063-4704A8C05A7C","525000","2024-03-22","WC2A 1LS","F","N","L","FLAT 4","24","CHANCERY LANE","","LONDON","CITY OF LONDON","GREATER LONDON","A","http://landregistry.data.gov.uk/data/ppi/transaction/1775CCF7-68FC-38BA-E063-4704A8C05A7C/current"
"4E75C29E-2543-8922-E063-4804A8C094D0","350000","2025-05-02","WC2A 1LS","O","N","F","","24","CHANCERY LANE","","LONDON","CITY OF LONDON","GREATER LONDON","B","http://landregistry.data.gov.uk/data/ppi/transaction/4E75C29E-2543-8922-E063-4804A8C094D0/current"
"4E75C29D-FB58-8922-E063-4804A8C094D0","250000","2025-08-29","WC2A 1QU","O","N","L","STRONGROOM 4 & 6, LONDON SILVER VAULTS","CHANCERY HOUSE, 53 - 64","CHANCERY LANE","","LONDON","CITY OF LONDON","GREATER LONDON","B","http://landregistry.data.gov.uk/data/ppi/transaction/4E75C29D-FB58-8922-E063-4804A8C094D0/current"
"6DA0844A-BF08-30F2-E053-6B04A8C05F3B","9280000","2018-05-03","WC2A 1RF","O","N","F","","OLDEBOURNE HOUSE, 46 - 47","CHANCERY LANE","","LONDON","CITY OF LONDON","GREATER LONDON","B","http://landregistry.data.gov.uk/data/ppi/transaction/6DA0844A-BF08-30F2-E053-6B04A8C05F3B/current"
"87E1551E-EA9D-6405-E053-6C04A8C0B2EE","1108333","2019-04-09","WC2A 1SX","O","N","L","","50 - 52","CHANCERY LANE","","LONDON","CITY OF LONDON","GREATER LONDON","B","http://landregistry.data.gov.uk/data/ppi/transaction/87E1551E-EA9D-6405-E053-6C04A8C0B2EE/current"
"4E95D758-282C-EDA1-E050-A8C0630539E2","1900000","2017-03-31","","O","N","L","UNIT A3","171 - 173","ALDERSGATE STREET","","LONDON","CITY OF LONDON","GREATER LONDON","B","http://landregistry.data.gov.uk/data/ppi/transaction/4E95D758-282C-EDA1-E050-A8C0630539E2/current"
"55BDCAE6-C6C4-521D-E053-6B04A8C0DD7A","194107","2017-06-02","","O","N","L","GROUND AND FIRST FLOORS","1","APPOLD STREET","","LONDON","CITY OF LONDON","GREATER LONDON","B","http://landregistry.data.gov.uk/data/ppi/transaction/55BDCAE6-C6C4-521D-E053-6B04A8C0DD7A/current"
"4E75C29D-FBBB-8922-E063-4804A8C094D0","2500000","2025-03-31","","O","N","L","","SUBSOIL","ARTHUR STREET","","LONDON","CITY OF LONDON","GREATER LONDON","B","http://landregistry.data.gov.uk/data/ppi/transaction/4E75C29D-FBBB-8922-E063-4804A8C094D0/current"
"CB0035E6-8B22-58AE-E053-6B04A8C091AF","20000","2021-04-30","","O","N","L","PARKING SPACE 26","28","BARTHOLOMEW CLOSE","","LONDON","CITY OF LONDON","GREATER LONDON","B","http://landregistry.data.gov.uk/data/ppi/transaction/CB0035E6-8B22-58AE-E053-6B04A8C091AF/current"
"3B5CE842-9EDB-EE3A-E063-4804A8C0D6F1","862500","2025-02-14","","O","N","L","PARKING SPACE 33","28","BARTHOLOMEW CLOSE","","LONDON","CITY OF LONDON","GREATER LONDON","B","http://landregistry.data.gov.uk/data/ppi/transaction/3B5CE842-9EDB-EE3A-E063-4804A8C0D6F1/current"
"965B6D92-3597-95E4-E053-6C04A8C07729","213850","2019-08-20","","O","N","L","AIRSPACE","38","BISHOPSGATE","","LONDON","CITY OF LONDON","GREATER LONDON","B","http://landregistry.data.gov.uk/data/ppi/transaction/965B6D92-3597-95E4-E053-6C04A8C07729/current"
"4E95D758-1035-EDA1-E050-A8C0630539E2","205788","2016-06-27","","O","N","L","SIXTH FLOOR PREMISES","HOLLAND HOUSE, 1 - 4","BURY STREET","","LONDON","CITY OF LONDON","GREATER LONDON","B","http://landregistry.data.gov.uk/data/ppi/transaction/4E95D758-1035-EDA1-E050-A8C0630539E2/current"
"98C75472-A098-72E9-E053-6B04A8C042F0","20000","2019-08-22","","O","N","L","UNIT 2","9 - 12","CARTHUSIAN STREET","","LONDON","CITY OF LONDON","GREATER LONDON","B","http://landregistry.data.gov.uk/data/ppi/transaction/98C75472-A098-72E9-E053-6B04A8C042F0/current"
"98C75472-A099-72E9-E053-6B04A8C042F0","20000","2019-08-22","","O","N","L","UNIT 3","9 - 12","CARTHUSIAN STREET","","LONDON","CITY OF LONDON","GREATER LONDON","B","http://landregistry.data.gov.uk/data/ppi/transaction/98C75472-A099-72E9-E053-6B04A8C042F0/current"
"5376B386-4828-34C1-E053-6B04A8C09FF6","115000","2017-05-24","","O","N","L","SECOND FLOOR PREMISES","22","CHANCERY LANE","","LONDON","CITY OF LONDON","GREATER LONDON","B","http://landregistry.data.gov.uk/data/ppi/transaction/5376B386-4828-34C1-E053-6B04A8C09FF6/current"
"38EDC0C2-9568-0F63-E063-4704A8C00424","3279200","2024-09-12","","F","N","L","SECOND FLOOR","42","CHARTERHOUSE SQUARE","","LONDON","CITY OF LONDON","GREATER LONDON","A","http://landregistry.data.gov.uk/data/ppi/transaction/38EDC0C2-9568-0F63-E063-4704A8C00424/current"
"68FEB20C-407C-38DA-E053-6C04A8C051AE","145000","2018-03-13","","O","N","L","","UNITS 16 AND 17, 1","EXCHANGE SQUARE","","LONDON","CITY OF LONDON","GREATER LONDON","B","http://landregistry.data.gov.uk/data/ppi/transaction/68FEB20C-407C-38DA-E053-6C04A8C051AE/current"
"42A5A70A-259D-56E8-E050-A8C06205331E","17250000","2016-10-14","","O","N","L","CAR PARKING SPACES 12-17","188 - 192","FLEET STREET","","LONDON","CITY OF LONDON","GREATER LONDON","B","http://landregistry.data.gov.uk/data/ppi/transaction/42A5A70A-259D-56E8-E050-A8C06205331E/current"
"09266DDC-67FE-AF90-E063-4704A8C02087","240000","2023-06-13","","O","N","L","COMMERCIAL UNIT 2","1 - 7","GREAT ST THOMAS APOSTLE","","LONDON","CITY OF LONDON","GREATER LONDON","B","http://landregistry.data.gov.uk/data/ppi/transaction/09266DDC-67FE-AF90-E063-4704A8C02087/current"
"EC7AD09A-8CD6-9200-E053-6C04A8C0E306","330431","2022-03-15","","O","N","L","UNIT B","THE ST BOTOLPH BUILDING, 138 - 139","HOUNDSDITCH","","LONDON","CITY OF LONDON","GREATER LONDON","B","http://landregistry.data.gov.uk/data/ppi/transaction/EC7AD09A-8CD6-9200-E053-6C04A8C0E306/current"
"49B7852A-CC18-7921-E050-A8C063056E8D","165000","2017-01-30","","O","N","L","BASEMENT TO SECOND FLOOR PREMISES","55","KING WILLIAM STREET","","LONDON","CITY OF LONDON","GREATER LONDON","B","http://landregistry.data.gov.uk/data/ppi/transaction/49B7852A-CC18-7921-E050-A8C063056E8D/current"
"EA3278AA-D6BD-2676-E053-6B04A8C015F8","220000","2022-01-10","","O","N","L","UNIT 2B","EAST TOWER","LOWER THAMES STREET","","LONDON","CITY OF LONDON","GREATER LONDON","B","http://landregistry.data.gov.uk/data/ppi/transaction/EA3278AA-D6BD-2676-E053-6B04A8C015F8/current"
"87E1551E-CF31-6405-E053-6C04A8C0B2EE","786088","2019-03-25","","O","N","L","MINSTER PAVEMENT CAFE BAR","1","MINSTER COURT","","LONDON","CITY OF LONDON","GREATER LONDON","B","http://landregistry.data.gov.uk/data/ppi/transaction/87E1551E-CF31-6405-E053-6C04A8C0B2EE/current"
"87E1551E-DACA-6405-E053-6C04A8C0B2EE","786088","2019-03-25","","O","N","L","MINSTER PAVEMENT CAFE BAR","1","MINSTER COURT","","LONDON","CITY OF LONDON","GREATER LONDON","B","http://landregistry.data.gov.uk/data/ppi/transaction/87E1551E-DACA-6405-E053-6C04A8C0B2EE/current"
"D93B27B1-C92B-3100-E053-6C04A8C08887","7000","2021-03-24","","O","N","F","","ONE TREE YARD","MONUMENT STREET","","LONDON","CITY OF LONDON","GREATER LONDON","B","http://landregistry.data.gov.uk/data/ppi/transaction/D93B27B1-C92B-3100-E053-6C04A8C08887/current"
"80E1AA98-F3B4-7BF8-E053-6C04A8C00BF2","50000","2018-12-13","","O","Y","L","PARKING SPACE 1","BARBICAN ESTATE","MOOR LANE","","LONDON","CITY OF LONDON","GREATER LONDON","B","http://landregistry.data.gov.uk/data/ppi/transaction/80E1AA98-F3B4-7BF8-E053-6C04A8C00BF2/current"
"80E1AA98-F3B5-7BF8-E053-6C04A8C00BF2","50000","2018-12-13","","O","Y","L","PARKING SPACE 2","BARBICAN ESTATE","MOOR LANE","","LONDON","CITY OF LONDON","GREATER LONDON","B","http://landregistry.data.gov.uk/data/ppi/transaction/80E1AA98-F3B5-7BF8-E053-6C04A8C00BF2/current"
"7E86B6FB-9B32-458C-E053-6B04A8C0C84C","2189774","2018-11-19","","F","N","L","GROUND FLOOR AND BASEMENT PREMISES","25","MOORGATE","","LONDON","CITY OF LONDON","GREATER LONDON","B","http://landregistry.data.gov.uk/data/ppi/transaction/7E86B6FB-9B32-458C-E053-6B04A8C0C84C/current"
"B0A9D11C-039B-4C1F-E053-6C04A8C0D716","12000","2020-07-22","","O","N","L","LEVEL 13","125","OLD BROAD STREET","","LONDON","CITY OF LONDON","GREATER LONDON","B","http://landregistry.data.gov.uk/data/ppi/transaction/B0A9D11C-039B-4C1F-E053-6C04A8C0D716/current"
"9DBAD222-8933-6EB3-E053-6B04A8C0F257","788450","2019-05-01","","O","N","L","LEVEL 19","CITY POINT","ROPEMAKER STREET","","LONDON","CITY OF LONDON","GREATER LONDON","B","http://landregistry.data.gov.uk/data/ppi/transaction/9DBAD222-8933-6EB3-E053-6B04A8C0F257/current"
"93E6821F-3636-40FD-E053-6B04A8C0C1DF","1031997","2019-08-28","","O","N","L","UNIT 2","ATHENE PLACE","SHOE LANE","","LONDON","CITY OF LONDON","GREATER LONDON","B","http://landregistry.data.gov.uk/data/ppi/transaction/93E6821F-3636-40FD-E053-6B04A8C0C1DF/current"
"38EDC0C3-90E2-0F63-E063-4704A8C00424","150000","2024-05-16","","O","N","L","GROUND FLOOR PREMISES","CONDOR HOUSE","ST PAULS CHURCHYARD","","LONDON","CITY OF LONDON","GREATER LONDON","B","http://landregistry.data.gov.uk/data/ppi/transaction/38EDC0C3-90E2-0F63-E063-4704A8C00424/current"
"C18F412B-AF50-81A6-E053-6B04A8C0AD18","104445","2020-12-11","","O","N","L","GROUND FLOOR PREMISES","CONDOR HOUSE","ST PAULS CHURCHYARD","","LONDON","CITY OF LONDON","GREATER LONDON","B","http://landregistry.data.gov.uk/data/ppi/transaction/C18F412B-AF50-81A6-E053-6B04A8C0AD18/current"
"D22473F6-7993-7B40-E053-6C04A8C0A630","1500021","2021-07-30","","O","N","L","SEVENTH FLOOR PREMISES","60","THREADNEEDLE STREET","","LONDON","CITY OF LONDON","GREATER LONDON","B","http://landregistry.data.gov.uk/data/ppi/transaction/D22473F6-7993-7B40-E053-6C04A8C0A630/current"
"8A78B2B0-6A20-5CB0-E053-6B04A8C0F504","96000000","2019-02-08","","O","N","L","","MILLENNIUM BRIDGE HOUSE","UPPER THAMES STREET","","LONDON","CITY OF LONDON","GREATER LONDON","B","http://landregistry.data.gov.uk/data/ppi/transaction/8A78B2B0-6A20-5CB0-E053-6B04A8C0F504/current"
"49B7852A-C164-7921-E050-A8C063056E8D","66000000","2016-12-30","","O","N","F","","24 - 30","WEST SMITHFIELD","","LONDON","CITY OF LONDON","GREATER LONDON","B","http://landregistry.data.gov.uk/data/ppi/transaction/49B7852A-C164-7921-E050-A8C063056E8D/current"
